"","study",".id",".g",".g_se","condition_arm1","condition_arm2","country_origin","income","multi_arm1","multi_arm2","instrument","outcome_type","time_weeks","mean_arm1","sd_arm1","n_arm1","mean_arm2","sd_arm2","n_arm2","baseline_m_arm1","baseline_sd_arm1","baseline_n_arm1","baseline_m_arm2","baseline_sd_arm2","baseline_n_arm2","mean_change_arm1","mean_change_arm2","sd_change_arm1","sd_change_arm2","n_change_arm1","n_change_arm2","event_arm1","event_arm2","totaln_arm1","totaln_arm2","rob","year","comorbid_mental","format","n_sessions","country","age_group","mean_age","percent_women","recruitment","diagnosis","n_randomized","prop_agoraphobics","diagnosis_by","pharmacotherapy","itt","tr_integrity","manual","time","rating",".log_rr",".log_rr_se",".event_arm1",".event_arm2",".totaln_arm1",".totaln_arm2","full_ref","culture"
"1","Addis, 2004","Addis_2004_msd_PDSS_post_22_NA_CBT_TAU/NT_NA_NA",-0.016,0.224,"CBT","TAU/NT","USA","H",NA,NA,"PDSS","msd",22,8.4,5.8,38,8.3,6.4,42,13.5,6,36,12.3,5.7,42,NA,NA,NA,NA,NA,NA,NA,NA,NA,NA,1,2004,"no","face-to-face",13,"US","adults",39.9,70,"community","PD",80,73,"DSM-III-TR","yes","yes","yes","yes","post",NA,NA,NA,NA,NA,NA,NA,"Addis ME, Hatgis C, Krasnow AD, et al. Effectiveness of cognitive--behavioral treatment for panic disorder versus treatment as usual in a managed care setting. Journal of consulting and clinical psychology 2004;72(4):625-35.","A - Western"
"2","Bakker, 1999","Bakker_1999_msd_CGI-S_post_12_NA_CT_PL_NA_NA",0.141,0.245,"CT","PL","Netherlands","H",NA,NA,"CGI-S","msd",12,3.6,1.4,35,3.8,1.4,32,4.7,1,35,4.5,0.8,32,NA,NA,NA,NA,NA,NA,NA,NA,NA,NA,0,1999,"no","face-to-face",12,"EU&UK","adults",34,64,"clinical","PD",131,NA,"DSM-III","yes","yes","yes","yes","post",NA,NA,NA,NA,NA,NA,NA,"Bakker A, van Dyck R, Spinhoven P, et al. Paroxetine, clomipramine, and cognitive therapy in the treatment of panic disorder. The Journal of clinical psychiatry 1999;60(12):831-8.","A - Western"
"3","Barlow, 1989","Barlow_1989_msd_FQ_post_NA_NA_PT_WL_PT_WL",0.556,0.416,"PT","WL","USA","H","PT","WL","FQ","msd",NA,2.3,0.8,10,3.2,1.9,15,4.8,2.3,15,3.8,2.4,16,NA,NA,NA,NA,NA,NA,NA,NA,NA,NA,0,1989,"no","face-to-face",15,"US","adults",31.7,77,"mixed","PD w/o A",71,0,"DSM-III","yes","no","yes","yes","post",NA,NA,NA,NA,NA,NA,NA,"Barlow DH, Craske MG, Cerny JA, Klosko JS. Behavioral treatment of panic disorder. Behavior Therapy 1989;20(2): 261–82.","A - Western"
"4","Barlow, 1989","Barlow_1989_msd_FQ_post_NA_NA_CBT_WL_CBT_WL",0.589,0.373,"CBT","WL","USA","H","CBT ","WL","FQ","msd",NA,2.3,0.9,15,3.2,1.9,15,4.8,2.2,16,3.8,2.4,16,NA,NA,NA,NA,NA,NA,NA,NA,NA,NA,0,1989,"no","face-to-face",15,"US","adults",31.7,77,"mixed","PD w/o A",71,0,"DSM-III","yes","no","yes","yes","post",NA,NA,NA,NA,NA,NA,NA,"Barlow DH, Craske MG, Cerny JA, Klosko JS. Behavioral treatment of panic disorder. Behavior Therapy 1989;20(2): 261–82.","A - Western"
"5","Barlow, 1989","Barlow_1989_msd_FQ_post_NA_NA_CBT_WL_CBT(+relaxation)_WL",0.291,0.361,"CBT","WL","USA","H","CBT (+ relaxation)","WL","FQ","msd",NA,2.6,2.1,16,3.2,1.9,15,5,2,20,3.8,2.4,16,NA,NA,NA,NA,NA,NA,NA,NA,NA,NA,0,1989,"no","face-to-face",15,"US","adults",31.7,77,"mixed","PD w/o A",71,0,"DSM-III","yes","no","yes","yes","post",NA,NA,NA,NA,NA,NA,NA,"Barlow DH, Craske MG, Cerny JA, Klosko JS. Behavioral treatment of panic disorder. Behavior Therapy 1989;20(2): 261–82.","A - Western"
"6","Barlow, 2000","Barlow_2000_msd_PDSS_post_12_NA_CBT_PL_NA_NA",0.483,0.236,"CBT","PL","USA","H",NA,NA,"PDSS","msd",12,1.14,0.74,77,1.52,0.9,24,1.82,0.55,77,1.86,0.52,24,NA,NA,NA,NA,NA,NA,NA,NA,NA,NA,0,2000,"no","face-to-face",11,"US","adults",36,62.5,"community","PD",184,NA,"DSM-III","yes","yes","no","yes","post",NA,NA,NA,NA,NA,NA,NA,"Barlow DH, Gorman JM, Shear MK, et al. Cognitive-behavioral therapy, imipramine, or their combination for panic disorder: A randomized controlled trial. Jama 2000;283(19):2529-36.","A - Western"
"7","Beck, 1992","Beck_1992_msd_panicattack/weekclinicianrated_post_4_NA_CBT_WL_NA_NA",0.534,0.355,"CBT","WL","USA","H",NA,NA,"panic attack/week clinician rated","msd",4,1.4,1.9,17,3.2,4.3,16,NA,NA,NA,NA,NA,NA,NA,NA,NA,NA,NA,NA,NA,NA,NA,NA,0,1992,"no","face-to-face",12,"US","adults",NA,NA,"clinical","PD",33,18,"DSM-IV","yes","no","no","yes","post",NA,NA,NA,NA,NA,NA,NA,"Beck AT, Sokol L, Clark DA, et al. A crossover study of focused cognitive therapy for panic disorder. The American journal of psychiatry 1992;149(6):778-83.","A - Western"
"8","Beck, 1994","Beck_1994_msd_panicfrequency_post_10_NA_CT_TAU/NT_CT_TAU/NT",0.473,0.328,"CT","TAU/NT","USA","H","CT","TAU/NT","panic frequency","msd",10,1.12,2.87,17,3.35,5.59,22,7.47,9.37,17,3.29,5.26,22,NA,NA,NA,NA,NA,NA,NA,NA,NA,NA,0,1994,"no","face-to-face",10,"US","adults",37.5,74,"community","PD",64,NA,"DSM-IV","no","no","no","yes","post",NA,NA,NA,NA,NA,NA,NA,"Beck JG, Stanley MA, Baldwin LE, et al. Comparison of cognitive therapy and relaxation training for panic disorder. Journal of consulting and clinical psychology 1994;62(4):818-26.","A - Western"
"9","Beck, 1994","Beck_1994_msd_panicfrequency_post_10_NA_PT_TAU/NT_PT_TAU/NT",0.378,0.316,"PT","TAU/NT","USA","H","PT","TAU/NT","panic frequency","msd",10,1.68,2.06,19,3.35,5.59,22,2.47,3.88,20,3.29,5.26,22,NA,NA,NA,NA,NA,NA,NA,NA,NA,NA,0,1994,"no","face-to-face",10,"US","adults",37.5,74,"community","PD",64,NA,"DSM-IV","no","no","no","yes","post",NA,NA,NA,NA,NA,NA,NA,"Beck JG, Stanley MA, Baldwin LE, et al. Comparison of cognitive therapy and relaxation training for panic disorder. Journal of consulting and clinical psychology 1994;62(4):818-26.","A - Western"
"10","Black, 1993","Black_1993_msd_panicattackseverityscore_post_8_NA_CT_PL_NA_NA",0.697,0.292,"CT","PL","USA","H",NA,NA,"panic attack severity score","msd",8,6.8,8.3,25,15.3,14.8,25,22.2,23.6,25,24.8,17.2,25,NA,NA,NA,NA,NA,NA,NA,NA,NA,NA,0,1993,"no","face-to-face",8,"US","adults",37,70.6,"mixed","PD",75,83,"DSM-III","yes","yes","yes","yes","post",NA,NA,NA,NA,NA,NA,NA,"Black DW, Wesner R, Bowers W, et al. A comparison of fluvoxamine, cognitive therapy, and placebo in the treatment of panic disorder. Archives of general psychiatry 1993;50(1):44-50.","A - Western"
"11","Botella, 2007","Botella_2007_msd_PDSS_post_NA_NA_BT_WL_BT(Invivo)_WL",1.601,0.473,"BT","WL","Spain","H","BT (In vivo)","WL","PDSS","msd",NA,0.88,0.59,12,1.81,0.53,12,1.75,0.85,12,1.9,0.53,13,NA,NA,NA,NA,NA,NA,NA,NA,NA,NA,0,2004,"no","face-to-face",9,"EU&UK","adults",34.7,72.5,"clinical","PD",36,82.9,"DSM-III-TR","yes","no","no","yes","post",NA,NA,NA,NA,NA,NA,NA,"Botella, C. García-Palacios, A. Villa, H. Baños, R. M. Quero, S. Alcañiz, M. Riva, G. Virtual reality exposure in the treatment of panic disorder and agoraphobia: A controlled study. Clinical Psychology & Psychotherapy 2007. 14(4)164-75.","A - Western"
"12","Botella, 2007","Botella_2007_msd_PDSS_post_NA_NA_BT_WL_BT(VR)_WL",1.757,0.485,"BT","WL","Spain","H","BT (VR)","WL","PDSS","msd",NA,0.77,0.61,12,1.81,0.53,12,2.04,0.66,12,1.9,0.53,13,NA,NA,NA,NA,NA,NA,NA,NA,NA,NA,0,2004,"no","face-to-face",9,"EU&UK","adults",34.7,72.5,"clinical","PD",36,82.9,"DSM-III-TR","yes","no","no","yes","post",NA,NA,NA,NA,NA,NA,NA,"Botella, C. García-Palacios, A. Villa, H. Baños, R. M. Quero, S. Alcañiz, M. Riva, G. Virtual reality exposure in the treatment of panic disorder and agoraphobia: A controlled study. Clinical Psychology & Psychotherapy 2007. 14(4)164-75.","A - Western"
"13","Carlbring, 2006","Carlbring_2006_msd_ACQ_post_NA_NA_CBT_WL_NA_NA",1.463,0.292,"CBT","WL","Sweden","H",NA,NA,"ACQ","msd",NA,21.6,6.3,30,33.9,9.9,30,34.4,8.6,30,35.8,10.1,30,NA,NA,NA,NA,NA,NA,NA,NA,NA,NA,0,2006,"no","self-help",10,"EU&UK","adults",36.7,60,"community","PD w/o A",60,NA,"DSM-III-TR","yes","yes","no","yes","post",NA,NA,NA,NA,NA,NA,NA,"Carlbring P, Bohman S, Brunt S, et al. Remote treatment of panic disorder: a randomized trial of internet-based cognitive behavior therapy supplemented with telephone calls. The American journal of psychiatry 2006;163(12):2119-25.","A - Western"
"14","Carlbring, 2001","Carlbring_2001_msd_ACQ_post_NA_NA_CBT_WL_NA_NA",1.043,0.334,"CBT","WL","Sweden","H",NA,NA,"ACQ","msd",NA,22.43,6,21,30.9,9.6,20,31.7,6.5,21,32.9,9.4,20,NA,NA,NA,NA,NA,NA,NA,NA,NA,NA,0,2001,"no","self-help",6,"EU&UK","adults",34,70.5,"community","PD",41,NA,"DSM-III-TR","yes","yes","no","yes","post",NA,NA,NA,NA,NA,NA,NA,"Carlbring P, Westling BE, Ljungstrand P, et al. Treatment of panic disorder via the Internet: A randomized trial of a self-help program. Behavior Therapy 2001;32(4):751-64.","A - Western"
"15","Carter, 2003","Carter_2003_msd_ASI_post_11_NA_CBT_WL_NA_NA",1.811,0.482,"CBT","WL","USA","H",NA,NA,"ASI","msd",11,20.71,10.7,14,38,6.87,11,39.85,5.73,17,40.18,5.68,15,NA,NA,NA,NA,NA,NA,NA,NA,NA,NA,0,2003,"no","face-to-face",11,"US","adults",41,100,"community","PD w/ A",32,100,"DSM-III-TR","no","no","no","yes","post",NA,NA,NA,NA,NA,NA,NA,"Carter MM, Sbrocco T, Gore KL, et al. Cognitive-behavioral group therapy versus a wait-list control in the treatment of African American women with panic disorder. Cognitive therapy and research 2003;27(5):505‐18.","A - Western"
"16","Ciuca, 2018","Ciuca_2018_msd_PDSS-SR_post_NA_NA_CBT_WL_CBT(skype)_WL",1.224,0.254,"CBT","WL","Romania","UM","CBT (skype)","WL","PDSS-SR","msd",NA,5.16,5.7,36,12.27,5.79,38,16.42,4.76,36,15.74,4.91,38,NA,NA,NA,NA,NA,NA,NA,NA,NA,NA,0,2018,"no","face-to-face",16,"EU&UK","adults",35.2,68,"community","PD",111,52,"DSM-III-TR","yes","yes","no","yes","post",NA,NA,NA,NA,NA,NA,NA,"Ciuca AM, Berger T, Crişan LG, et al. Internet-based treatment for panic disorder: A three-arm randomized controlled trial comparing guided (via real-time video sessions) with unguided self-help treatment and a waitlist control. PAXPD study results. Journal of Anxiety Disorders 2018;56:43-55.","A - Western"
"17","Clark, 1999","Clark_1999_msd_ACQ_post_NA_NA_CBT_WL_CBT(full)_WL",1.723,0.446,"CBT","WL","United Kingdom","H","CBT (full)","WL","ACQ","msd",NA,19,6.6,14,32.6,8.6,14,33,8.1,14,32.8,7.3,14,NA,NA,NA,NA,NA,NA,NA,NA,NA,NA,0,1999,"no","face-to-face",12,"EU&UK","adults",34,62,"clinical","PD",43,85,"DSM-III","yes","no","no","yes","post",NA,NA,NA,NA,NA,NA,NA,"Clark DM, Salkovskis PM, Hackmann A, et al. Brief cognitive therapy for panic disorder: a randomized controlled trial. Journal of consulting and clinical psychology 1999;67(4):583-9.","A - Western"
"18","Clark, 1999","Clark_1999_msd_ACQ_post_NA_NA_CBT_WL_CBT(brief)_WL",2.292,0.492,"CBT","WL","United Kingdom","H","CBT (brief)","WL","ACQ","msd",NA,17.6,2.6,14,32.6,8.6,14,34,10.5,14,32.8,7.3,14,NA,NA,NA,NA,NA,NA,NA,NA,NA,NA,0,1999,"no","face-to-face",5,"EU&UK","adults",34,62,"clinical","PD",43,85,"DSM-III","yes","no","no","yes","post",NA,NA,NA,NA,NA,NA,NA,"Clark DM, Salkovskis PM, Hackmann A, et al. Brief cognitive therapy for panic disorder: a randomized controlled trial. Journal of consulting and clinical psychology 1999;67(4):583-9.","A - Western"
"19","Craske, 2005","Craske_2005_msd_ASI_post_NA_NA_CBT_WL_NA_NA",1.016,0.365,"CBT","WL","USA","H",NA,NA,"ASI","msd",NA,17.2,11.5,24,28.8,10.5,13,32.7,11.3,27,29.2,9,16,NA,NA,NA,NA,NA,NA,NA,NA,NA,NA,0,2005,"no","face-to-face",11,"US","adults",35.12,51,"mixed","PD",43,29.2,"DSM-III-TR","yes","no","yes","yes","post",NA,NA,NA,NA,NA,NA,NA,"Craske MG, Lang AJ, Aikins D, et al. Cognitive behavioral therapy for nocturnal panic. Behavior therapy 2005;36(1):43‐54.","A - Western"
"20","Craske, 1995","Craske_1995_msd_ASI_post_NA_NA_CBT_SP_NA_NA",0.873,0.392,"CBT","SP","USA","H",NA,NA,"ASI","msd",NA,24.1,12.6,16,35.5,12.8,13,26.7,17.7,16,39.4,14.2,13,NA,NA,NA,NA,NA,NA,NA,NA,NA,NA,0,1995,"no","face-to-face",4,"US","adults",36.1,66.6,"community","PD",30,65,"DSM-IV","yes","no","yes","yes","post",NA,NA,NA,NA,NA,NA,NA,"Craske MG, Maidenberg E, Bystritsky A. Brief cognitive-behavioral versus nondirective therapy for panic disorder. Journal of behavior therapy and experimental psychiatry 1995;26(2):113-20.","A - Western"
"21","Craske, 2011","Craske_2011_msd_PDSS-SR_post_24_NA_CBT_TAU/NT_NA_NA",0.345,0.135,"CBT","TAU/NT","USA","H",NA,NA,"PDSS-SR","msd",24,6.05,5.79,111,8.05,5.76,112,13.83,5.38,126,13.76,5.36,136,NA,NA,NA,NA,NA,NA,NA,NA,NA,NA,0,2011,"no","face-to-face",8,"US","adults",NA,NA,"clinical","PD w/o A",262,NA,"DSM-III-TR","yes","yes","yes","yes","post",NA,NA,NA,NA,NA,NA,NA,"Craske, M. G., et al. (2011). ""Disorder-specific impact of coordinated anxiety learning and management treatment for anxiety disorders in primary care."" Arch Gen Psychiatry 68(4): 378-388.","A - Western"
"22","Erickson, 2007","Erickson_2007_msd_BAI_post_NA_NA_CBT_WL_NA_NA",0.306,0.44,"CBT","WL","Canada","H",NA,NA,"BAI","msd",NA,15.7,8.2,11,19.5,15,10,28.6,14.3,11,21.9,11.1,10,NA,NA,NA,NA,NA,NA,NA,NA,NA,NA,0,2007,"no","face-to-face",11,"Canada","adults",NA,NA,"clinical","PD",36,NA,"DSM-III-TR","yes","no","no","yes","post",NA,NA,NA,NA,NA,NA,NA,"Erickson, D. H., et al. (2007). ""A cognitive-behavioral group for patients with various anxiety disorders."" Psychiatr Serv 58(9): 1205-1211.","A - Western"
"23","Feske, 1997","Feske_1997_msd_ACQ_post_NA_NA_EMDR_WL_NA_NA",0.442,0.392,"EMDR","WL","USA","H",NA,NA,"ACQ","msd",NA,2.19,0.86,15,2.65,1.17,12,2.69,0.95,18,2.94,1.19,12,NA,NA,NA,NA,NA,NA,NA,NA,NA,NA,0,1997,"no","face-to-face",6,"US","adults",35.2,72,"clinical","PD w/ A",29,95,"DSM-III","yes","no","yes","yes","post",NA,NA,NA,NA,NA,NA,NA,"Feske U, Goldstein AJ. Eye movement desensitization and reprocessing treatment for panic disorder: a controlled outcome and partial dismantling study. Journal of consulting and clinical psychology 1997;65(6):1026-35.","A - Western"
"24","Gensichen, 2020","Gensichen_2020_msd_MI_post_24_NA_CBT_TAU/NT_NA_NA",0.222,0.098,"CBT","TAU/NT","Germany","H",NA,NA,"MI","msd",24,1.96,0.92,230,2.17,0.97,189,2.25,0.92,230,2.26,0.9,189,NA,NA,NA,NA,NA,NA,NA,NA,NA,NA,1,2020,"no","face-to-face",4,"EU&UK","adults",46,74,"clinical","PD",419,75,"ICD-10","yes","yes","yes","yes","post",NA,NA,NA,NA,NA,NA,NA,"Gensichen, J., et al. (2019). ""Panic Disorder in Primary Care: The Effects of a Team-Based Intervention.""  116(10): 159-166.","A - Western"
"25","Gloster, 2015","Gloster_2015_msd_CGI_post_NA_NA_3W_WL_NA_NA",0.621,0.358,"3W","WL","Germany","H",NA,NA,"CGI","msd",NA,3.5,1,41,4.1,0.7,10,4.4,1,41,3.6,1.3,10,NA,NA,NA,NA,NA,NA,NA,NA,NA,NA,0,2015,"no","face-to-face",8,"EU&UK","adults",36.9,69.8,NA,"PD w/ A",51,100,"other","no","yes","yes","yes","post",NA,NA,NA,NA,NA,NA,NA,"Gloster AT, Sonntag R, Hoyer J, et al. Treating treatment-resistant patients with panic disorder and agoraphobia using psychotherapy: A randomized controlled switching trial. Psychotherapy and Psychosomatics 2015;84(2):100-09.","A - Western"
"26","Gloster, 2011","Gloster_2011_change_CGI_post_NA_NA_CBT_WL_CBT(T+)_WL",1.132,0.154,"CBT","WL","Germany","H","CBT (T+)","WL","CGI","change",NA,NA,NA,NA,NA,NA,NA,5.4,0.7,163,5.2,0.6,68,-1.7,-0.4,1.2,1,163,68,NA,NA,NA,NA,1,2011,"no","face-to-face",12,"EU&UK","adults",35.5,77,"clinical","PD w/o A",369,100,"DSM-III-TR","yes","yes","yes","yes","post",NA,NA,NA,NA,NA,NA,NA,"Gloster AT, Wittchen HU, Einsle F, et al. Psychological treatment for panic disorder with agoraphobia: a randomized controlled trial to examine the role of therapist-guided exposure in situ in CBT. Journal of consulting and clinical psychology 2011;79(3):406-20.","A - Western"
"27","Gloster, 2011","Gloster_2011_change_CGI_post_NA_NA_CBT_WL_CBT(T-)_WL",0.875,0.154,"CBT","WL","Germany","H","CBT (T-)","WL","CGI","change",NA,NA,NA,NA,NA,NA,NA,5.2,0.7,138,5.2,0.6,68,-1.4,-0.4,1.2,1,138,68,NA,NA,NA,NA,1,2011,"no","face-to-face",12,"EU&UK","adults",35.5,77,"clinical","PD w/o A",369,100,"DSM-III-TR","yes","yes","yes","yes","post",NA,NA,NA,NA,NA,NA,NA,"Gloster AT, Wittchen HU, Einsle F, et al. Psychological treatment for panic disorder with agoraphobia: a randomized controlled trial to examine the role of therapist-guided exposure in situ in CBT. Journal of consulting and clinical psychology 2011;79(3):406-20.","A - Western"
"28","Goldstein, 2000","Goldstein_2000_msd_PDSS_post_NA_NA_EMDR_WL_EMDR_WL",0.703,0.398,"EMDR","WL","USA","H","EMDR","WL","PDSS","msd",NA,1.51,0.68,14,2.01,0.7,13,2.13,0.74,14,1.96,0.57,13,NA,NA,NA,NA,NA,NA,NA,NA,NA,NA,0,2000,"no","face-to-face",6,"US","adults",36.16,80.4,"clinical","PD w/ A",46,100,"DSM-III-TR","yes","yes","yes","yes","post",NA,NA,NA,NA,NA,NA,NA,"Goldstein AJ, De Beurs E, Chambless DL, Wilson KA. EMDR for panic disorder with agoraphobia: comparison with waiting list and credible attention-placebo control conditions. Journal of Consulting and Clinical Psychology 2000;68(6):947–56.","A - Western"
"29","Gould, 1993","Gould_1993_msd_ASI_post_4_NA_CBT_WL_CBT(ITGIC)_WL",-1.006,0.479,"CBT","WL","USA","H","CBT (ITGIC)","WL","ASI","msd",4,44.3,5.2,9,39.6,3.8,11,46.1,13.2,9,41.4,11.9,11,NA,NA,NA,NA,NA,NA,NA,NA,NA,NA,0,1993,"no","face-to-face",8,"US","adults",35.7,65,"community","PD w/o A",33,94,"DSM-III","yes","no","yes","yes","post",NA,NA,NA,NA,NA,NA,NA,"Gould RA, Clum GA, Shapiro D. The use of bibliotherapy in the treatment of panic: A preliminary investigation. Behavior Therapy 1993;24(2):241-52.","A - Western"
"30","Griegel, 1995","Griegel_1995_msd_ASI_post_NA_NA_PT_WL_PT(slow)_NA",0.659,0.46,"PT","WL",NA,NA,"PT (slow)",NA,"ASI","msd",NA,28.1,14.34,10,36,7.62,10,33.9,17.37,11,38.8,10.24,14,NA,NA,NA,NA,NA,NA,NA,NA,NA,NA,0,1995,"no","face-to-face",3,NA,"adults",36,NA,NA,"PD",37,86,"DSM-III","yes","no","no","no","post",NA,NA,NA,NA,NA,NA,NA,"Griegel LE. Breathing retraining in panic disorder: physiological mechanisms or perceived controllability. Dissertation Abstracts International: Section B: The Sciences and Engineering 1995;55(9):4120.",NA
"31","Griegel, 1995","Griegel_1995_msd_ASI_post_NA_NA_PT_WL_PT(increased)_NA",0.397,0.452,"PT","WL",NA,NA,"PT (increased)",NA,"ASI","msd",NA,32.1,10.92,10,36,7.62,10,39,10.45,12,38.8,10.24,14,NA,NA,NA,NA,NA,NA,NA,NA,NA,NA,0,1995,"no","face-to-face",3,NA,"adults",36,NA,NA,"PD",37,86,"DSM-III","yes","no","no","no","post",NA,NA,NA,NA,NA,NA,NA,"Griegel LE. Breathing retraining in panic disorder: physiological mechanisms or perceived controllability. Dissertation Abstracts International: Section B: The Sciences and Engineering 1995;55(9):4120.",NA
"32","Hazen 1996","Hazen1996_msd_ASI_post_NA_NA_CBT_WL_CBT(professionalgroup)_NA",1.501,0.312,"CBT","WL","USA","H","CBT (professional group)",NA,"ASI","msd",NA,17.8,11.1,26,35.1,11.6,27,30.2,10.9,26,36.1,10.9,27,NA,NA,NA,NA,NA,NA,NA,NA,NA,NA,0,1996,"no","face-to-face",13,"US","adults",37.12,73.5,"clinical","PD",106,92.4,"DSM-III","yes","no","no","yes","post",NA,NA,NA,NA,NA,NA,NA,"Hazen AL,Walker JR, Eldridge GD. Anxiety sensitivity and treatment outcome in panic disorder. Anxiety 1996;2(1):34–9.","A - Western"
"33","Hendriks, 2010","Hendriks_2010_msd_ACQ_post_14_NA_CBT_WL_NA_NA",0.605,0.373,"CBT","WL","Netherlands","H",NA,NA,"ACQ","msd",14,1.4,0.4,20,1.7,0.6,12,1.6,0.5,20,1.7,0.4,12,NA,NA,NA,NA,NA,NA,NA,NA,NA,NA,0,2010,"no","face-to-face",14,"EU&UK","older adults",68.6,30,"clinical","PD",49,48,"DSM-III-TR","yes","yes","no","yes","post",NA,NA,NA,NA,NA,NA,NA,"Hendriks GJ, Keijsers GP, Kampman M, et al. A randomized controlled study of paroxetine and cognitive-behavioural therapy for late-life panic disorder. Acta psychiatrica Scandinavica 2010;122(1):11-9.","A - Western"
"34","Ito, 2001","Ito_2001_msd_CGI_post_10_NA_BT_WL_BT(externalSE)_WL",1.813,0.393,"BT","WL","United Kingdom","H","BT (external SE)","WL","CGI","msd",10,2.5,1.2,19,4.4,0.8,18,4.6,0.7,21,4.4,0.7,18,NA,NA,NA,NA,NA,NA,NA,NA,NA,NA,0,2001,"no","face-to-face",7,"EU&UK","adults",37,64,"community","PD w/ A",80,100,"DSM-III-TR","yes","yes","no","yes","post",NA,NA,NA,NA,NA,NA,NA,"Ito LM, de Araujo LA, Tess VL, et al. Self-exposure therapy for panic disorder with agoraphobia: randomised controlled study of external v. interoceptive self-exposure. The British journal of psychiatry : the journal of mental science 2001;178:331-6.","A - Western"
"35","Ito, 2001","Ito_2001_msd_CGI_post_10_NA_BT_WL_BT(interoceptiveSE)_WL",1.958,0.398,"BT","WL","United Kingdom","H","BT (interoceptive SE)","WL","CGI","msd",10,2.8,0.8,20,4.4,0.8,18,4.3,0.6,20,4.4,0.7,18,NA,NA,NA,NA,NA,NA,NA,NA,NA,NA,0,2001,"no","face-to-face",7,"EU&UK","adults",37,64,"community","PD w/ A",80,100,"DSM-III-TR","yes","yes","no","yes","post",NA,NA,NA,NA,NA,NA,NA,"Ito LM, de Araujo LA, Tess VL, et al. Self-exposure therapy for panic disorder with agoraphobia: randomised controlled study of external v. interoceptive self-exposure. The British journal of psychiatry : the journal of mental science 2001;178:331-6.","A - Western"
"36","Ito, 2001","Ito_2001_msd_CGI_post_10_NA_BT_WL_BT(combinedSE)_WL",2.412,0.442,"BT","WL","United Kingdom","H","BT (combined SE)","WL","CGI","msd",10,2.3,0.9,18,4.4,0.8,18,4.5,0.8,21,4.4,0.7,18,NA,NA,NA,NA,NA,NA,NA,NA,NA,NA,0,2001,"no","face-to-face",7,"EU&UK","adults",37,64,"community","PD w/ A",80,100,"DSM-III-TR","yes","yes","no","yes","post",NA,NA,NA,NA,NA,NA,NA,"Ito LM, de Araujo LA, Tess VL, et al. Self-exposure therapy for panic disorder with agoraphobia: randomised controlled study of external v. interoceptive self-exposure. The British journal of psychiatry : the journal of mental science 2001;178:331-6.","A - Western"
"37","Kenardy, 2003","Kenardy_2003_msd_ACQ_post_NA_NA_CBT_WL_CBT(12)_WL",1.54,0.251,"CBT","WL","Australia","H","CBT (12)","WL","ACQ","msd",NA,1.56,0.46,42,2.59,0.82,41,2.55,0.76,42,2.71,0.67,41,NA,NA,NA,NA,NA,NA,NA,NA,NA,NA,0,2003,"no","face-to-face",9,"Australia","adults",36.8,75.5,"clinical","PD",186,76.1,"DSM-III-TR","yes","yes","no","yes","post",NA,NA,NA,NA,NA,NA,NA,"Kenardy JA, Dow MG, Johnston DW, et al. A comparison of delivery methods of cognitive-behavioral therapy for panic disorder: an international multicenter trial. Journal of consulting and clinical psychology 2003;71(6):1068-75.","A - Western"
"38","Kenardy, 2003","Kenardy_2003_msd_ACQ_post_NA_NA_CBT_WL_CBT(6)_WL",0.824,0.233,"CBT","WL","Australia","H","CBT (6)","WL","ACQ","msd",NA,1.92,0.79,39,2.59,0.82,41,2.81,0.76,39,2.71,0.67,41,NA,NA,NA,NA,NA,NA,NA,NA,NA,NA,0,2003,"no","face-to-face",9,"Australia","adults",36.8,75.5,"clinical","PD",186,76.1,"DSM-III-TR","yes","yes","no","yes","post",NA,NA,NA,NA,NA,NA,NA,"Kenardy JA, Dow MG, Johnston DW, et al. A comparison of delivery methods of cognitive-behavioral therapy for panic disorder: an international multicenter trial. Journal of consulting and clinical psychology 2003;71(6):1068-75.","A - Western"
"39","Kenardy, 2003","Kenardy_2003_msd_ACQ_post_NA_NA_CBT_WL_CBT(CA-6)_WL",1.24,0.242,"CBT","WL","Australia","H","CBT (CA-6)","WL","ACQ","msd",NA,1.68,0.62,41,2.59,0.82,41,2.7,0.82,41,2.71,0.67,41,NA,NA,NA,NA,NA,NA,NA,NA,NA,NA,0,2003,"no","mixed",9,"Australia","adults",36.8,75.5,"clinical","PD",186,76.1,"DSM-III-TR","yes","yes","no","yes","post",NA,NA,NA,NA,NA,NA,NA,"Kenardy JA, Dow MG, Johnston DW, et al. A comparison of delivery methods of cognitive-behavioral therapy for panic disorder: an international multicenter trial. Journal of consulting and clinical psychology 2003;71(6):1068-75.","A - Western"
"40","Klein, 2006","Klein_2006_msd_PDSS_post_NA_NA_CBT_TAU/NT_CBT(online)_TAU/NT",2.464,0.44,"CBT","TAU/NT","Australia","H","CBT (online)","TAU/NT","PDSS","msd",NA,6.18,6.2,19,19.78,4.4,18,21.11,3.7,19,19.14,4.5,18,NA,NA,NA,NA,NA,NA,NA,NA,NA,NA,0,2006,"no","self-help",6,"Australia","adults",NA,80,"community","PD",55,82,"DSM-III-TR","yes","yes","no","yes","post",NA,NA,NA,NA,NA,NA,NA,"Klein B, Richards JC, Austin DW. Efficacy of internet therapy for panic disorder. Journal of behavior therapy and experimental psychiatry 2006;37(3):213-38.","A - Western"
"41","Klein, 2006","Klein_2006_msd_PDSS_post_NA_NA_CBT_TAU/NT_CBT(workbook)_TAU/NT",1.577,0.384,"CBT","TAU/NT","Australia","H","CBT (workbook)","TAU/NT","PDSS","msd",NA,9.47,7.9,18,19.78,4.4,18,21.7,4.5,18,19.14,4.5,18,NA,NA,NA,NA,NA,NA,NA,NA,NA,NA,0,2006,"no","self-help",6,"Australia","adults",NA,80,"community","PD",55,82,"DSM-III-TR","yes","yes","no","yes","post",NA,NA,NA,NA,NA,NA,NA,"Klein B, Richards JC, Austin DW. Efficacy of internet therapy for panic disorder. Journal of behavior therapy and experimental psychiatry 2006;37(3):213-38.","A - Western"
"42","Klosko, 1990","Klosko_1990_msd_Intensityofsomaticsymptoms_post_NA_NA_CBT_WL_CBT_WL",1.249,0.401,"CBT","WL","USA","H","CBT","WL","Intensity of somatic symptoms","msd",NA,0.56,0.52,15,1.15,0.39,15,NA,NA,NA,NA,NA,NA,NA,NA,NA,NA,NA,NA,NA,NA,NA,NA,0,1990,"no","face-to-face",15,"US","adults",37,74,"mixed","PD",69,79,"DSM-III","yes","no","yes","yes","post",NA,NA,NA,NA,NA,NA,NA,"Klosko JS, Barlow DH, Tassinari R, Cerny JA. A comparison of alprazolam and behavior therapy in treatment of panic disorder. Journal of Consulting and Clinical Psychology 1990; 58(1):77–84.","A - Western"
"43","Klosko, 1990","Klosko_1990_msd_Intensityofsomaticsymptoms_post_NA_NA_CBT_PL_CBT_PL",0.644,0.408,"CBT","PL","USA","H","CBT","PL","Intensity of somatic symptoms","msd",NA,0.56,0.52,15,0.89,0.46,11,NA,NA,NA,NA,NA,NA,NA,NA,NA,NA,NA,NA,NA,NA,NA,NA,0,1990,"no","face-to-face",15,"US","adults",37,74,"mixed","PD",69,79,"DSM-III","yes","no","yes","yes","post",NA,NA,NA,NA,NA,NA,NA,"Klosko JS, Barlow DH, Tassinari R, Cerny JA. A comparison of alprazolam and behavior therapy in treatment of panic disorder. Journal of Consulting and Clinical Psychology 1990; 58(1):77–84.","A - Western"
"44","Lidren, 1994","Lidren_1994_msd_MIforagoraphobia_post_NA_NA_CBT_WL_CBT(grp)_WL",0.431,0.413,"CBT","WL","USA","H","CBT (grp)","WL","MI for agoraphobia","msd",NA,46.5,26.32,12,58.42,27.13,12,72.58,22.86,12,53.92,25.98,12,NA,NA,NA,NA,NA,NA,NA,NA,NA,NA,0,1994,"no","face-to-face",8,"US","adults",33.7,69.5,"mixed","PD",36,83.3,"DSM-III","yes","no","yes","yes","post",NA,NA,NA,NA,NA,NA,NA,"Lidren DM, Watkins PL, Gould RA, et al. A comparison of bibliotherapy and group therapy in the treatment of panic disorder. Journal of consulting and clinical psychology 1994;62(4):865-9.","A - Western"
"45","Loerch, 1999","Loerch_1999_msd_MI_post_NA_NA_CBT_TAU/NT_NA_NA",1.363,0.45,"CBT","TAU/NT","Germany","H",NA,NA,"MI","msd",NA,1.86,0.74,14,2.96,0.83,11,3.61,0.59,14,3.45,0.61,11,NA,NA,NA,NA,NA,NA,NA,NA,NA,NA,0,1999,"no","face-to-face",8,"EU&UK","adults",35.13,74.5,"unknown","PD w/ A",41,100,"DSM-III","yes","yes","no","yes","post",NA,NA,NA,NA,NA,NA,NA,"Loerch B, Graf-Morgenstern M, Hautzinger M, et al. Randomised placebo-controlled trial of moclobemide, cognitive-behavioural therapy and their combination in panic disorder with agoraphobia. The British journal of psychiatry : the journal of mental science 1999;174:205-12.","A - Western"
"46","Marchand, 2008","Marchand_2008_msd_ACQ_post_NA_NA_CBT_TAU/NT_CBT_TAU/NT",0.386,0.259,"CBT","TAU/NT","Canada","H","CBT","TAU/NT","ACQ","msd",NA,1.85,0.7,32,2.12,0.68,29,2.59,0.54,32,2.56,0.6,29,NA,NA,NA,NA,NA,NA,NA,NA,NA,NA,0,2008,"no","face-to-face",14,"Canada","adults",36.67,68.8,"mixed","PD w/ A",122,100,"DSM-III","no","no","yes","yes","post",NA,NA,NA,NA,NA,NA,NA,"Marchand A, Coutu MF, Dupuis G, et al. Treatment of panic disorder with agoraphobia: randomized placebo-controlled trial of four psychosocial treatments combined with imipramine or placebo. Cognitive behaviour therapy 2008;37(3):146-59.","A - Western"
"47","Marchand, 2008","Marchand_2008_msd_ACQ_post_NA_NA_CT_TAU/NT_CT_TAU/NT",0.329,0.26,"CT","TAU/NT","Canada","H","CT","TAU/NT","ACQ","msd",NA,1.91,0.58,31,2.12,0.68,29,2.63,0.65,31,2.56,0.6,29,NA,NA,NA,NA,NA,NA,NA,NA,NA,NA,0,2008,"no","face-to-face",14,"Canada","adults",36.67,68.8,"mixed","PD w/ A",122,100,"DSM-III","no","no","yes","yes","post",NA,NA,NA,NA,NA,NA,NA,"Marchand A, Coutu MF, Dupuis G, et al. Treatment of panic disorder with agoraphobia: randomized placebo-controlled trial of four psychosocial treatments combined with imipramine or placebo. Cognitive behaviour therapy 2008;37(3):146-59.","A - Western"
"48","Marchand, 2008","Marchand_2008_msd_ACQ_post_NA_NA_BT_TAU/NT_BT_TAU/NT",0.605,0.266,"BT","TAU/NT","Canada","H","BT","TAU/NT","ACQ","msd",NA,1.76,0.48,30,2.12,0.68,29,2.68,0.65,30,2.56,0.6,29,NA,NA,NA,NA,NA,NA,NA,NA,NA,NA,0,2008,"no","face-to-face",14,"Canada","adults",36.67,68.8,"mixed","PD w/ A",122,100,"DSM-III","no","no","yes","yes","post",NA,NA,NA,NA,NA,NA,NA,"Marchand A, Coutu MF, Dupuis G, et al. Treatment of panic disorder with agoraphobia: randomized placebo-controlled trial of four psychosocial treatments combined with imipramine or placebo. Cognitive behaviour therapy 2008;37(3):146-59.","A - Western"
"49","Martini, 2011","Martini_2011_msd_CGI_post_16_NA_PD_SP_NA_NA",-0.357,0.342,"PD","SP","Italy","H",NA,NA,"CGI","msd",16,2.19,0.91,16,1.89,0.74,19,NA,NA,NA,NA,NA,NA,NA,NA,NA,NA,NA,NA,NA,NA,NA,NA,0,2011,"yes","face-to-face",15,"EU&UK","adults",36,87,"community","PD",35,NA,"DSM-III-TR","yes","yes","no","yes","post",NA,NA,NA,NA,NA,NA,NA,"Martini B, Rosso G, Chiodelli DF, et al. Brief dynamic therapy combined with pharmacotherapy in the treatment of panic disorder with concurrent depressive symptoms. Clinical Neuropsychiatry 2011;8(3):204-11.","A - Western"
"50","Meulenbeek, 2010","Meulenbeek_2010_msd_PDSS-SR_post_12_NA_CBT_WL_NA_NA",0.675,0.14,"CBT","WL","Netherlands","H",NA,NA,"PDSS-SR","msd",12,3.48,3.22,109,5.77,3.54,108,7.02,3.24,109,7.35,3.24,108,NA,NA,NA,NA,NA,NA,NA,NA,NA,NA,1,2010,"no","face-to-face",8,"EU&UK","adults",42,71,"community","PD",217,62,"other","yes","yes","yes","yes","post",NA,NA,NA,NA,NA,NA,NA,"Meulenbeek P, Willemse G, Smit F, et al. Early intervention in panic: pragmatic randomised controlled trial. The British journal of psychiatry 2010;196(4):326-31.","A - Western"
"51","Meuret, 2008","Meuret_2008_msd_PDSS_post_NA_NA_PT_WL_NA_NA",2.219,0.392,"PT","WL","USA","H",NA,NA,"PDSS","msd",NA,0.69,0.45,24,1.95,0.67,19,2.14,0.65,24,1.98,0.87,19,NA,NA,NA,NA,NA,NA,NA,NA,NA,NA,0,2008,"no","face-to-face",5,"US","adults",41,55.8,"community","PD",43,83.8,"DSM-III-TR","yes","no","no","yes","post",NA,NA,NA,NA,NA,NA,NA,"Meuret AE, Wilhelm FH, Ritz T, Roth WT. Feedback of end-tidal pCO2 as a therapeutic approach for panic disorder. Journal of Psychiatric Research 2008;42(7):560–8.","A - Western"
"52","Meyerbroeker, 2013","Meyerbroeker_2013_msd_PDSS_post_NA_NA_BT_WL_BT(VR)_WL",0.902,0.429,"BT","WL","Netherlands","H","BT (VR)","WL","PDSS","msd",NA,1.1,0.82,10,1.82,0.74,15,1.75,0.76,19,2.15,0.78,18,NA,NA,NA,NA,NA,NA,NA,NA,NA,NA,0,2013,"no","VR",10,"EU&UK","adults",NA,NA,"mixed","PD w/ A",55,100,"DSM-III-TR","yes","yes","no","yes","post",NA,NA,NA,NA,NA,NA,NA,"Meyerbroeker K, Morina N, Kerkhof GA, et al. Virtual reality exposure therapy does not provide any additional value in agoraphobic patients: a randomized controlled trial. Psychotherapy and psychosomatics 2013;82(3):170-6.","A - Western"
"53","Meyerbroeker, 2013","Meyerbroeker_2013_msd_PDSS_post_NA_NA_BT_WL_BT(Invivo)_WL",0.401,0.412,"BT","WL","Netherlands","H","BT (In vivo)","WL","PDSS","msd",NA,1.51,0.76,10,1.82,0.74,15,2.07,0.67,18,2.15,0.78,18,NA,NA,NA,NA,NA,NA,NA,NA,NA,NA,0,2013,"no","face-to-face",10,"EU&UK","adults",NA,NA,"mixed","PD w/ A",55,100,"DSM-III-TR","yes","yes","no","yes","post",NA,NA,NA,NA,NA,NA,NA,"Meyerbroeker K, Morina N, Kerkhof GA, et al. Virtual reality exposure therapy does not provide any additional value in agoraphobic patients: a randomized controlled trial. Psychotherapy and psychosomatics 2013;82(3):170-6.","A - Western"
"54","Ninomiya, 2019","Ninomiya_2019_msd_MIA_post_8_NA_3W_WL_NA_NA",0.46,0.548,"3W","WL","Japan","H",NA,NA,"MIA","msd",8,1.72,0.57,8,2,0.57,6,1.78,0.51,8,2.15,0.56,6,NA,NA,NA,NA,NA,NA,NA,NA,NA,NA,0,2019,"no","face-to-face",8,"East Asia","adults",NA,NA,"clinical","PD",15,NA,"DSM-III-TR","yes","yes","no","yes","post",NA,NA,NA,NA,NA,NA,NA,"Ninomiya, A., et al. (2019). ""Effectiveness of mindfulness-based cognitive therapy in patients with anxiety disorders in secondary-care settings: a randomized controlled trial."" Psychiatry and clinical neurosciences.","B - Non-Western"
"55","Oromendia, 2016","Oromendia_2016_msd_PDSS-SR_post_8_NA_CBT_WL_CBT(WEB+support)_WL",1.651,0.329,"CBT","WL","Spain","H","CBT (WEB + support)","WL","PDSS-SR","msd",8,7.21,2.16,25,13.13,4.5,25,15.75,4.52,25,13.08,3.81,25,NA,NA,NA,NA,NA,NA,NA,NA,NA,NA,0,1997,"no","self-help",8,"EU&UK","adults",40.7,68.8,"community","PD",77,NA,"DSM-III-TR","yes","yes","no","yes","post",NA,NA,NA,NA,NA,NA,NA,"Oromendia P, Orrego J, Bonillo A, et al. Internet-based self-help treatment for panic disorder: a randomized controlled trial comparing mandatory versus optional complementary psychological support. Cognitive behaviour therapy 2016;45(4):270-86.","A - Western"
"56","Ost, 2004","Ost_2004_msd_HAMA_post_NA_NA_CBT_WL_CBT_WL",0.967,0.307,"CBT","WL","Sweden","H","CBT","WL","HAMA","msd",NA,13.2,7.12,26,20.2,7.12,22,NA,NA,NA,NA,NA,NA,NA,NA,NA,NA,NA,NA,NA,NA,NA,NA,0,2004,"no","face-to-face",14,"EU&UK","adults",36.1,68.5,"community","PD w/ A",73,100,"DSM-III-TR","yes","yes","yes","yes","post",NA,NA,NA,NA,NA,NA,NA,"Ost LG, Thulin U, Ramnero J. Cognitive behavior therapy vs exposure in vivo in the treatment of panic disorder with agoraphobia (corrected from agrophobia). Behaviour research and therapy 2004;42(10):1105-27.","A - Western"
"57","Ost, 2004","Ost_2004_msd_HAMA_post_NA_NA_BT_WL_BT_WL",0.801,0.304,"BT","WL","Sweden","H","BT","WL","HAMA","msd",NA,14.4,7.12,25,20.2,7.12,22,NA,NA,NA,NA,NA,NA,NA,NA,NA,NA,NA,NA,NA,NA,NA,NA,0,2004,"no","face-to-face",14,"EU&UK","adults",36.1,68.5,"community","PD w/ A",73,100,"DSM-III-TR","yes","yes","yes","yes","post",NA,NA,NA,NA,NA,NA,NA,"Ost LG, Thulin U, Ramnero J. Cognitive behavior therapy vs exposure in vivo in the treatment of panic disorder with agoraphobia (corrected from agrophobia). Behaviour research and therapy 2004;42(10):1105-27.","A - Western"
"58","Petterson, 1996","Petterson_1996_msd_ASI_post_NA_NA_CBT_TAU/NT_NA_NA",1.059,0.413,"CBT","TAU/NT","USA","H",NA,NA,"ASI","msd",NA,23.5,10.16,14,34.6,10.16,13,NA,NA,NA,NA,NA,NA,NA,NA,NA,NA,NA,NA,NA,NA,NA,NA,0,1996,"no","face-to-face",6,"US","adults",37.8,63,"mixed","PD",27,NA,"DSM-III","yes","no","no","yes","post",NA,NA,NA,NA,NA,NA,NA,"Petterson K, Cesare S. Panic disorder: a cognitive behavioural approach to treatment. Counselling Psychology Quarterly 1996;9(2):191–201.","A - Western"
"59","Pitti, 2015","Pitti_2015_msd_ACQ_post_NA_NA_CBT_TAU/NT_NA_NA",0.549,0.243,"CBT","TAU/NT","Spain","H",NA,NA,"ACQ","msd",NA,24.84,7.45,39,29.56,9.63,32,NA,NA,NA,NA,NA,NA,NA,NA,NA,NA,NA,NA,NA,NA,NA,NA,0,2015,"no","face-to-face",11,"EU&UK","adults",39,70,"clinical","PD",86,100,"ICD-10","yes","no","no","yes","post",NA,NA,NA,NA,NA,NA,NA,"Pitti CT, Penate W, de la Fuente J, et al. The combined use of virtual reality exposure in the treatment of agoraphobia. Actas espanolas de psiquiatria 2015;43(4):133-41.","A - Western"
"60","Reinecke, 2013","Reinecke_2013_msd_ACQ_post_1_NA_CBT_WL_NA_NA",0.447,0.383,"CBT","WL","United Kingdom","H",NA,NA,"ACQ","msd",1,2.3,0.7,14,2.6,0.6,14,41,16.6,14,38.8,10.9,14,NA,NA,NA,NA,NA,NA,NA,NA,NA,NA,0,2013,"no","face-to-face",1,"EU&UK","adults",35.5,83.3,NA,"PD",28,92.5,"DSM-III-TR","no","no","no","yes","post",NA,NA,NA,NA,NA,NA,NA,"Reinecke A, Waldenmaier L, Cooper MJ, Harmer CJ. Changes in automatic threat processing precede and predict clinical changes with exposure-based cognitive-behavior therapy for panic disorder.","A - Western"
"61","Richards, 2006","Richards_2006_msd_PDSS_post_8_NA_CBT_PE_CBT(PO1)_PE",1.302,0.488,"CBT","PE","Australia","H","CBT (PO1)","PE","PDSS","msd",8,9.54,5.7,12,16.78,4.8,9,16.54,4.2,12,17,5.3,9,NA,NA,NA,NA,NA,NA,NA,NA,NA,NA,0,2006,"no","self-help",6,"Australia","adults",36.6,68.5,"community","PD",32,78,"DSM-III-TR","yes","yes","no","yes","post",NA,NA,NA,NA,NA,NA,NA,"Richards JC, Klein B, Austin DW. Internet cognitive behavioural therapy for panic disorder: does the inclusion of stress management information improve end-state functioning? Clinical psychologist 2006;10(1):2‐15.","A - Western"
"62","Richards, 2006","Richards_2006_msd_PDSS_post_8_NA_CBT_PE_CBT(PO2)_PE",2.192,0.577,"CBT","PE","Australia","H","CBT (PO2)","PE","PDSS","msd",8,6.77,4,11,16.78,4.8,9,19,4,11,17,5.3,9,NA,NA,NA,NA,NA,NA,NA,NA,NA,NA,0,2006,"no","self-help",6,"Australia","adults",36.6,68.5,"community","PD",32,78,"DSM-III-TR","yes","yes","no","yes","post",NA,NA,NA,NA,NA,NA,NA,"Richards JC, Klein B, Austin DW. Internet cognitive behavioural therapy for panic disorder: does the inclusion of stress management information improve end-state functioning? Clinical psychologist 2006;10(1):2‐15.","A - Western"
"63","Roy-Byrne, 2005","Roy-Byrne_2005_msd_ASI_post_12_NA_CBT_TAU/NT_NA_NA",0.572,0.134,"CBT","TAU/NT","USA","H",NA,NA,"ASI","msd",12,23.11,10.16,119,28.94,10.16,113,NA,NA,NA,NA,NA,NA,NA,NA,NA,NA,NA,NA,NA,NA,NA,NA,0,2005,"no","face-to-face",4,"US","adults",41.2,67,"clinical","PD w/ A",232,100,"DSM-III-TR","yes","yes","no","yes","post",NA,NA,NA,NA,NA,NA,NA,"Roy-Byrne PP, Craske MG, Stein MB, et al. A randomized effectiveness trial of cognitive-behavioral therapy and medication for primary care panic disorder. Archives of general psychiatry 2005;62(3):290-8.","A - Western"
"64","Roy-Byrne, 2010","Roy-Byrne_2010_msd_BSI-12_post_24_NA_CBT_TAU/NT_NA_NA",0.214,0.092,"CBT","TAU/NT","USA","H",NA,NA,"BSI-12","msd",24,-0.18,13.22,235,2.7,13.68,240,NA,NA,NA,NA,NA,NA,NA,NA,NA,NA,NA,NA,NA,NA,NA,NA,1,2010,"no","face-to-face",8,"US","adults",NA,NA,"clinical","PD w/o A",475,NA,"DSM-III-TR","yes","yes","no","yes","post",NA,NA,NA,NA,NA,NA,NA,"Roy-Byrne, P., et al. (2010). ""Delivery of evidence-based treatment for multiple anxiety disorders in primary care: a randomized controlled trial."" Jama 303(19): 1921-1928.","A - Western"
"65","Ruwaard, 2010","Ruwaard_2010_msd_PDSS-SR_post_13_NA_CBT_WL_NA_NA",0.547,0.268,"CBT","WL","Netherlands","H",NA,NA,"PDSS-SR","msd",13,5.9,4.4,27,8.4,4.6,31,9,5.5,27,9.4,5.4,31,NA,NA,NA,NA,NA,NA,NA,NA,NA,NA,0,2010,"no","self-help",7,"EU&UK","adults",38,72,"community","PD",58,NA,"DSM-III-TR","yes","yes","yes","yes","post",NA,NA,NA,NA,NA,NA,NA,"Ruwaard J, Broeksteeg J, Schrieken B, et al. Web-based therapist-assisted cognitive behavioral treatment of panic symptoms: a randomized controlled trial with a three-year follow-up. Journal of anxiety disorders 2010;24(4):387-96.","A - Western"
"66","Schmidt, 1997a","Schmidt_1997a_msd_FQ-Ago_post_9_NA_CBT_WL_NA_NA",1.168,0.431,"CBT","WL","USA","H",NA,NA,"FQ-Ago","msd",9,2,9.99,20,14,9.99,9,NA,NA,NA,NA,NA,NA,NA,NA,NA,NA,NA,NA,NA,NA,NA,NA,0,1997,"no","face-to-face",12,"US","adults",31.8,54,"clinical","PD",37,58,"DSM-III-TR","yes","no","yes","yes","post",NA,NA,NA,NA,NA,NA,NA,"Schmidt NB, Staab JP, Trakowski JH, Jr., et al. Efficacy of a brief psychosocial treatment for panic disorder in an active duty sample: implications for military readiness. Military medicine 1997;162(2):123-9.","A - Western"
"67","Schmidt, 1997b","Schmidt_1997b_msd_ASI_post_12_NA_CBT_WL_CBT(+respiratory)_WL",2.904,0.553,"CBT","WL","USA","H","CBT (+ respiratory)","WL","ASI","msd",12,9.8,8.8,16,31.4,4.2,12,26.5,6.6,18,28.4,4.2,16,NA,NA,NA,NA,NA,NA,NA,NA,NA,NA,0,1997,"no","face-to-face",12,"US","adults",36,67,"clinical","PD",54,NA,"DSM-III-TR","yes","no","yes","yes","post",NA,NA,NA,NA,NA,NA,NA,"Schmidt NB, Trakowski JH, Staab JP. Extinction of panicogenic effects of a 35% CO2 challenge in patients with panic disorder. Journal of Abnormal Psychology 1997; 106(4):630–8.","A - Western"
"68","Schmidt, 1997b","Schmidt_1997b_msd_ASI_post_12_NA_CBT_WL_CBT_WL",2.092,0.465,"CBT","WL","USA","H","CBT","WL","ASI","msd",12,12.6,10.7,18,31.4,4.2,12,31.2,12,20,28.4,4.2,16,NA,NA,NA,NA,NA,NA,NA,NA,NA,NA,0,1997,"no","face-to-face",12,"US","adults",36,67,"clinical","PD",54,NA,"DSM-III-TR","yes","no","yes","yes","post",NA,NA,NA,NA,NA,NA,NA,"Schmidt NB, Trakowski JH, Staab JP. Extinction of panicogenic effects of a 35% CO2 challenge in patients with panic disorder. Journal of Abnormal Psychology 1997; 106(4):630–8.","A - Western"
"69","Sharp, 1997","Sharp_1997_msd_GHQ_post_12_NA_CBT_PL_NA_NA",1.028,0.28,"CBT","PL","United Kingdom","H",NA,NA,"GHQ","msd",12,3.97,6.43,30,19.39,20.25,28,21.47,16.39,30,22.82,17.29,28,NA,NA,NA,NA,NA,NA,NA,NA,NA,NA,0,1997,"no","face-to-face",9,"EU&UK","adults",37.4,77.1,"clinical","PD",87,NA,"DSM-IV","yes","no","no","yes","post",NA,NA,NA,NA,NA,NA,NA,"Sharp DM, Power KG, Simpson RJ, et al. Global measures of outcome in a controlled comparison of pharmacological and psychological treatment of panic disorder and agoraphobia in primary care. The British journal of general practice 1997;47(416):150-5.","A - Western"
"70","Sharp, 2004","Sharp_2004_msd_FQ-Ago_post_21_NA_CBT_WL_CBT(grp)_WL",0.099,0.321,"CBT","WL","United Kingdom","H","CBT (grp)","WL","FQ-Ago","msd",21,13.1,10.4,20,14.2,11.4,19,16.5,10.3,20,13.6,11.7,19,NA,NA,NA,NA,NA,NA,NA,NA,NA,NA,0,2004,"no","face-to-face",8,"EU&UK","adults",38.3,NA,"clinical","PD",97,NA,"DSM-III-TR","yes","yes","no","yes","post",NA,NA,NA,NA,NA,NA,NA,"Sharp DM, Power KG, Swanson V. A comparison of the efficacy and acceptability of group versus individual cognitive behaviour therapy in the treatment of panic disorder and agoraphobia in primary care. Clinical Psychology and Psychotherapy 2004;11(2):73-82.","A - Western"
"71","Sharp, 2004","Sharp_2004_msd_FQ-Ago_post_21_NA_CBT_WL_CBT(ind)_WL",1.055,0.31,"CBT","WL","United Kingdom","H","CBT (ind)","WL","FQ-Ago","msd",21,4.7,6.9,31,14.2,11.4,19,11.6,10.1,31,13.6,11.7,19,NA,NA,NA,NA,NA,NA,NA,NA,NA,NA,0,2004,"no","face-to-face",8,"EU&UK","adults",38.3,NA,"clinical","PD",97,NA,"DSM-III-TR","yes","yes","no","yes","post",NA,NA,NA,NA,NA,NA,NA,"Sharp DM, Power KG, Swanson V. A comparison of the efficacy and acceptability of group versus individual cognitive behaviour therapy in the treatment of panic disorder and agoraphobia in primary care. Clinical Psychology and Psychotherapy 2004;11(2):73-82.","A - Western"
"72","Shear, 2001","Shear_2001_msd_PDSS_post_NA_NA_CBT_PL_CBT_PL",0.429,0.27,"CBT","PL","USA","H","CBT","PL","PDSS","msd",NA,1.07,0.75,36,1.43,0.94,23,1.85,0.74,30,1.85,0.53,23,NA,NA,NA,NA,NA,NA,NA,NA,NA,NA,0,2001,"no","face-to-face",12,"US","adults",36.15,63.7,"mixed","PD",113,NA,"DSM-III-TR","no","yes","no","yes","post",NA,NA,NA,NA,NA,NA,NA,"Shear MK, Houck P, Greeno C, et al. Emotion-focused psychotherapy for patients with panic disorder. The American journal of psychiatry 2001;158(12):1993-8.","A - Western"
"73","Shear, 2001","Shear_2001_msd_PDSS_post_NA_NA_3W_PL_3W_PL",0.045,0.277,"3W","PL","USA","H","3W","PL","PDSS","msd",NA,1.39,0.84,30,1.43,0.94,23,1.71,0.72,36,1.85,0.53,23,NA,NA,NA,NA,NA,NA,NA,NA,NA,NA,0,2001,"no","face-to-face",12,"US","adults",36.15,63.7,"mixed","PD",113,NA,"DSM-III-TR","no","yes","no","yes","post",NA,NA,NA,NA,NA,NA,NA,"Shear MK, Houck P, Greeno C, et al. Emotion-focused psychotherapy for patients with panic disorder. The American journal of psychiatry 2001;158(12):1993-8.","A - Western"
"74","Shear, 1994","Shear_1994_msd_ASI_post_NA_NA_CBT_SP_NA_NA",0.056,0.313,"CBT","SP","USA","H",NA,NA,"ASI","msd",NA,20.7,10.5,20,21.4,13.8,21,30.8,15,20,31.6,11.2,21,NA,NA,NA,NA,NA,NA,NA,NA,NA,NA,0,2001,"no","face-to-face",12,"US","adults",34.7,NA,"unknown","PD w/o A",66,92,"DSM-III","no","no","yes","no","post",NA,NA,NA,NA,NA,NA,NA,"Shear MK, Pilkonis PA, Cloitre M, et al. Cognitive behavioral treatment compared with nonprescriptive treatment of panic disorder. Archives of general psychiatry 1994;51(5):395-401.","A - Western"
"75","Silfvernagel, 2012","Silfvernagel_2012_msd_PDSS_post_10_NA_CBT_WL_NA_NA",1.395,0.296,"CBT","WL","Sweden","H",NA,NA,"PDSS","msd",10,6.39,4.97,29,13.79,5.49,28,21.54,4.95,29,13.71,5.25,28,NA,NA,NA,NA,NA,NA,NA,NA,NA,NA,0,2012,"no","self-help",19,"EU&UK","adults",32.4,65,"community","PD",57,83,"DSM-III-TR","yes","yes","no","yes","post",NA,NA,NA,NA,NA,NA,NA,"Silfvernagel K, Carlbring P, Kabo J, et al. Individually tailored internet-based treatment for young adults and adults with panic attacks: randomized controlled trial. Journal of medical Internet research 2012;14(3):e65.","A - Western"
"76","Swinson, 1995","Swinson_1995_msd_ASI_post_10_NA_BT_WL_NA_NA",1.098,0.349,"BT","WL","Canada","H",NA,NA,"ASI","msd",10,25.45,10.83,18,36.59,9.06,20,37.95,12.94,18,37.09,10.1,20,NA,NA,NA,NA,NA,NA,NA,NA,NA,NA,0,1995,"no","self-help",8,"Canada","adults",40.5,88,"community","PD w/ A",42,100,"DSM-III","yes","no","no","yes","post",NA,NA,NA,NA,NA,NA,NA,"Swinson RP, Fergus KD, Cox BJ, et al. Efficacy of telephone-administered behavioral therapy for panic disorder with agoraphobia. Behaviour research and therapy 1995;33(4):465-9.","A - Western"
"77","Swinson, 1992","Swinson_1992_msd_FQ_post_12_NA_BT_TAU/NT_NA_NA",0.537,0.355,"BT","TAU/NT","Canada","H",NA,NA,"FQ","msd",12,2.53,4.16,17,5.47,6.37,16,4.35,6.34,17,4.13,5.72,16,NA,NA,NA,NA,NA,NA,NA,NA,NA,NA,0,1992,"no","face-to-face",NA,"Canada","adults",31.5,39.4,"clinical","PD",33,40,"DSM-III","yes","no","no","no","post",NA,NA,NA,NA,NA,NA,NA,"Swinson RP, Soulios C, Cox BJ, et al. Brief treatment of emergency room patients with panic attacks. The American journal of psychiatry 1992;149(7):944-6.","A - Western"
"78","Telch, 1993","Telch_1993_msd_ASI_post_NA_NA_CBT_WL_NA_NA",1.825,0.292,"CBT","WL","USA","H",NA,NA,"ASI","msd",NA,13.94,8.52,34,32.03,10.96,33,33.74,11.15,34,34.46,11.33,33,NA,NA,NA,NA,NA,NA,NA,NA,NA,NA,0,1993,"no","face-to-face",12,"US","adults",34.6,73.1,"mixed","PD",67,NA,"DSM-III","yes","no","yes","yes","post",NA,NA,NA,NA,NA,NA,NA,"Telch MJ, Lucas JA, Schmidt NB, et al. Group cognitive-behavioral treatment of panic disorder. Behaviour research and therapy 1993;31(3):279-87.","A - Western"
"79","Titov, 2010","Titov_2010_msd_PDSS-SR_post_NA_NA_CBT_WL_NA_NA",1.254,0.481,"CBT","WL","Australia","H",NA,NA,"PDSS-SR","msd",NA,7.7,3.97,10,15,6.72,11,12.8,6.55,10,15.18,5.67,11,NA,NA,NA,NA,NA,NA,NA,NA,NA,NA,0,2010,"no","self-help",6,"Australia","adults",NA,NA,"community","PD",21,NA,"DSM-III-TR","yes","yes","no","yes","post",NA,NA,NA,NA,NA,NA,NA,"Titov, N., et al. (2010). ""Transdiagnostic Internet treatment for anxiety disorders: A randomized controlled trial."" Behav Res Ther 48(9): 890-899.","A - Western"
"80","van Ballegooijen, 2013","vanBallegooijen_2013_msd_PDSS-SR_post_12_NA_CBT_WL_NA_NA",0.304,0.179,"CBT","WL","Netherlands","H",NA,NA,"PDSS-SR","msd",12,5.8,4.9,63,7.3,4.9,63,8.8,3.2,63,9.1,2.8,63,NA,NA,NA,NA,NA,NA,NA,NA,NA,NA,0,2013,"no","self-help",6,"EU&UK","adults",36.6,67.4,"community","PD",126,63,"DSM-III-TR","yes","yes","no","yes","post",NA,NA,NA,NA,NA,NA,NA,"van Ballegooijen W, Riper H, Klein B, et al. An Internet-based guided self-help intervention for panic symptoms: randomized controlled trial. Journal of medical internet research 2013;15(7):e154.","A - Western"
"81","Wiborg, 1996","Wiborg_1996_msd_HAMA_post_NA_NA_PD_TAU/NT_NA_NA",1.317,0.35,"PD","TAU/NT","Norway","H",NA,NA,"HAMA","msd",NA,5.5,4.7,20,16,10,20,NA,NA,NA,NA,NA,NA,NA,NA,NA,NA,NA,NA,NA,NA,NA,NA,0,1996,"no","face-to-face",13,"EU&UK","adults",31.7,57.5,"mixed","PD",40,80,"DSM-III","yes","no","no","yes","post",NA,NA,NA,NA,NA,NA,NA,"Wiborg IM, Dahl AA. Does brief dynamic psychotherapy reduce the relapse rate of panic disorder? Archives of general psychiatry 1996;53(8):689-94.","A - Western"
"82","Williams, 1996","Williams_1996_msd_ACQ_post_NA_NA_CBT_WL_CBT_WL",1.342,0.482,"CBT","WL","USA","H","CBT","WL","ACQ","msd",NA,11,8,13,24,11,9,23,12,13,22,10,9,NA,NA,NA,NA,NA,NA,NA,NA,NA,NA,0,1996,"no","face-to-face",8,"US","adults",38,87.5,"community","PD",48,92,"DSM-III","yes","no","yes","yes","post",NA,NA,NA,NA,NA,NA,NA,"Cognitive and performance-based treatments for panic attacks in people with varying degrees of agoraphobic disability. Behaviour Research and Therapy 1996;34(3):253–64.","A - Western"
"83","Williams, 1996","Williams_1996_msd_ACQ_post_NA_NA_CT_WL_CT_WL",0.284,0.436,"CT","WL","USA","H","CT","WL","ACQ","msd",NA,20,15,13,24,11,9,26,15,14,22,10,9,NA,NA,NA,NA,NA,NA,NA,NA,NA,NA,0,1996,"no","face-to-face",8,"US","adults",38,87.5,"community","PD",48,92,"DSM-III","yes","no","yes","yes","post",NA,NA,NA,NA,NA,NA,NA,"Cognitive and performance-based treatments for panic attacks in people with varying degrees of agoraphobic disability. Behaviour Research and Therapy 1996;34(3):253–64.","A - Western"
"84","Williams, 1996","Williams_1996_msd_ACQ_post_NA_NA_BT_WL_BT_WL",1.637,0.514,"BT","WL","USA","H","BT","WL","ACQ","msd",NA,8,8,12,24,11,9,22,9,12,22,10,9,NA,NA,NA,NA,NA,NA,NA,NA,NA,NA,0,1996,"no","face-to-face",8,"US","adults",38,87.5,"community","PD",48,92,"DSM-III","yes","no","yes","yes","post",NA,NA,NA,NA,NA,NA,NA,"Cognitive and performance-based treatments for panic attacks in people with varying degrees of agoraphobic disability. Behaviour Research and Therapy 1996;34(3):253–64.","A - Western"
"85","Wims, 2010","Wims_2010_msd_PDSS_post_NA_NA_CBT_WL_NA_NA",0.586,0.279,"CBT","WL","Australia","H",NA,NA,"PDSS","msd",NA,12.14,5.74,29,15.56,5.77,25,17.1,4.84,29,16.44,4.63,25,NA,NA,NA,NA,NA,NA,NA,NA,NA,NA,0,2010,"no","self-help",6,"Australia","adults",42,76,"community","PD w/ A",59,100,"DSM-III-TR","yes","yes","no","yes","post",NA,NA,NA,NA,NA,NA,NA,"Wims E, Titov N, Andrews G, et al. Clinician-assisted Internet-based treatment is effective for panic: A randomized controlled trial. The Australian and New Zealand journal of psychiatry 2010;44(7):599-607.","A - Western"
"86","Wollburg, 2011","Wollburg_2011_msd_ASI_post_4_NA_PT_WL_PT(lower-co)_WL",0.713,0.309,"PT","WL","USA","H","PT (lower-co)","WL","ASI","msd",4,20.6,11.4,19,29.4,12.6,27,28.1,12.3,19,32.1,13.6,27,NA,NA,NA,NA,NA,NA,NA,NA,NA,NA,0,2011,"no","face-to-face",5,"US","adults",42,63.4,"community","PD",74,NA,"DSM-III-TR","yes","no","no","yes","post",NA,NA,NA,NA,NA,NA,NA,"Wollburg E, Roth WT, Kim S. Effects of breathing training on voluntary hypo- and hyperventilation in patients with panic disorder and episodic anxiety. Applied Psychophysiology & Biofeedback 2011;36:81–91.","A - Western"
"87","Wollburg, 2011","Wollburg_2011_msd_ASI_post_4_NA_PT_WL_PT(raise-co)_WL",0.758,0.28,"PT","WL","USA","H","PT (raise-co)","WL","ASI","msd",4,20.1,11.6,28,29.4,12.6,27,26.7,12.6,28,32.1,13.6,27,NA,NA,NA,NA,NA,NA,NA,NA,NA,NA,0,2011,"no","face-to-face",5,"US","adults",42,63.4,"community","PD",74,NA,"DSM-III-TR","yes","no","no","yes","post",NA,NA,NA,NA,NA,NA,NA,"Wollburg E, Roth WT, Kim S. Effects of breathing training on voluntary hypo- and hyperventilation in patients with panic disorder and episodic anxiety. Applied Psychophysiology & Biofeedback 2011;36:81–91.","A - Western"
"88","Zitrin, 1978","Zitrin_1978_msd_globalclinicaljudgment_post_NA_NA_BT_SP_NA_NA",-0.077,0.392,"BT","SP","USA","H",NA,NA,"global clinical judgment","msd",NA,1.85,0.8,13,1.77,1.17,13,NA,NA,NA,NA,NA,NA,NA,NA,NA,NA,NA,NA,NA,NA,NA,NA,0,1978,"no","face-to-face",NA,"US","adults",NA,NA,"clinical","PD",33,NA,"other","yes","no","no","no","post",NA,NA,NA,NA,NA,NA,NA,"Zitrin, C. M., et al. (1978). ""Behavior therapy, supportive psychotherapy, imipramine, and phobias."" Arch Gen Psychiatry 35(3): 307-316.","A - Western"
