"","study",".id",".g",".g_se","condition_arm1","condition_arm2","country_origin","income","multi_arm1","multi_arm2","descr_arm1","descr_arm2","outcome_type","instrument","time","mean_arm1","sd_arm1","n_arm1","mean_arm2","sd_arm2","n_arm2","baseline_m_arm1","baseline_sd_arm1","baseline_n_arm1","baseline_m_arm2","baseline_sd_arm2","baseline_n_arm2","dich","dich_type","event_arm1","event_arm2","totaln_arm1","totaln_arm2","mean_change_arm1","mean_change_arm2","sd_change_arm1","sd_change_arm2","n_change_arm1","n_change_arm2","precalc_g","precalc_g_se","precalc_log_rr","rating","sample","time_weeks","precalc_log_rr_se","year","condition_arm1_","condition_arm2_","comorbid_mental","format","format_details","n_sessions_ig","single_session","country","age_group","mean_age","percent_women","recruitment","diagnosis","phobia_type","X2nd","X3rd","X4th","characteristics.table","target_group","exposure_element","ITT","sg","ac","ba","itt","rob",".id.1",".log_rr",".log_rr_se",".event_arm1",".event_arm2",".totaln_arm1",".totaln_arm2","full_ref",".id.2","culture","n_sessions_arm1"
"1","Booth, 1992","Booth_1992_msd_ASI_post_NA_self-report_Exposure_wlc_Exposure(invivo)_wlc",0.7526149355,0.423468096,"Exposure","wlc","Ireland","H","Exposure (in vivo)","wlc","Exposure (in vivo)","wlc","msd","ASI","post",18.67,5.8,12,25.33,10.6,12,23.08,7.2,12,29.58,5.4,12,NA,NA,NA,NA,NA,NA,NA,NA,NA,NA,NA,NA,NA,NA,NA,"self-report",NA,NA,NA,1992,"Observed Stimulus Exposure","wlc","n","ind","ind",3,"multiple","oth",NA,NA,NA,"com","Claustro","Situational","In Vivo",NA,NA,"OSE-IV","adul","yes","no",NA,NA,NA,NA,0,NA,NA,NA,NA,NA,NA,NA,"Booth, R., & Rachman, S. (1992). The reduction of claustrophobia—I. Behaviour Research and Therapy, 30(3), 207-221. doi:https://doi.org/10.1016/0005-7967(92)90067-Q","Booth_1992_msd_ASI_post_NA_self-report_Exposure_wlc_Exposure(invivo)_wlc","A - Western",3
"2","Booth, 1992","Booth_1992_msd_ASI_post_NA_self-report_Exposure_wlc_Exposure(interoceptive)_wlc",0.4502645952,0.4137601484,"Exposure","wlc","Ireland","H","Exposure (interoceptive)","wlc","Exposure (interoceptive)","wlc","msd","ASI","post",20.41,10.5,12,25.33,10.6,12,24.16,13,12,29.58,5.4,12,NA,NA,NA,NA,NA,NA,NA,NA,NA,NA,NA,NA,NA,NA,NA,"self-report",NA,NA,NA,1992,"Other Therapy","wlc","n","ind","ind",3,"multiple","oth",NA,NA,NA,"com","Claustro","Situational","Interoceptive",NA,NA,"OT-I","adul","yes","no",NA,NA,NA,NA,0,NA,NA,NA,NA,NA,NA,NA,"Booth, R., & Rachman, S. (1992). The reduction of claustrophobia—I. Behaviour Research and Therapy, 30(3), 207-221. doi:https://doi.org/10.1016/0005-7967(92)90067-Q","Booth_1992_msd_ASI_post_NA_self-report_Exposure_wlc_Exposure(interoceptive)_wlc","A - Western",3
"3","Booth, 1992","Booth_1992_msd_ASI_post_NA_self-report_Cognitive_wlc_Cognitive_wlc",0.1365310236,0.4087581798,"Cognitive","wlc","Ireland","H","Cognitive","wlc","Cognitive only","wlc","msd","ASI","post",23.92,9.3,12,25.33,10.6,12,27.16,8.6,12,29.58,5.4,12,NA,NA,NA,NA,NA,NA,NA,NA,NA,NA,NA,NA,NA,NA,NA,"self-report",NA,NA,NA,1992,"Other Therapy","wlc","n","ind","ind",3,"multiple","oth",NA,NA,NA,"com","Claustro","Situational","Cognitive Therapy",NA,NA,"OT-CT","adul","no","no",NA,NA,NA,NA,0,NA,NA,NA,NA,NA,NA,NA,"Booth, R., & Rachman, S. (1992). The reduction of claustrophobia—I. Behaviour Research and Therapy, 30(3), 207-221. doi:https://doi.org/10.1016/0005-7967(92)90067-Q","Booth_1992_msd_ASI_post_NA_self-report_Cognitive_wlc_Cognitive_wlc","A - Western",3
"4","Bornas, 2001","Bornas_2001_change_FFQ-II_post_NA_self-report_Exposure_wlc_Exposure_wlc",2.558807316,0.5075330286,"Exposure","wlc","Spain","H","Exposure","wlc","Computer assisted exposure","wlc","change","FFQ-II","post",NA,NA,NA,NA,NA,NA,NA,NA,NA,NA,NA,NA,NA,NA,NA,NA,NA,NA,-92.43,-0.68,42.18,24.63,15,14,NA,NA,NA,"self-report",NA,NA,NA,2001,"Observed Stimulus Exposure","wlc","n","oth","mixed group and ind",5.44,"multiple","eu","adul",32.9,0.74,"com","Flying","Situational","Tech Enabled","Picture and Sound",NA,"OSE-TE-PS","adul","yes","no",NA,NA,NA,NA,0,NA,NA,NA,NA,NA,NA,NA,"Bornas, X., Tortella-Feliu, M., Llabres, J., & Fullana, M. (2001). Computer-Assisted Exposure Treatment for Flight Phobia: a Controlled Study. Psychotherapy Research - PSYCHOTHER RES, 11, 259-273. doi:10.1080/713663983","Bornas_2001_change_FFQ-II_post_NA_self-report_Exposure_wlc_Exposure_wlc","A - Western",5.44
"5","Bornas, 2001","Bornas_2001_change_FFQ-II_post_NA_self-report_Otherpsy_wlc_Otherpsy_wlc",1.310654973,0.4268282366,"Other psy","wlc","Spain","H","Other psy","wlc","Multicomponent treatment of information, relaxation and CAE","wlc","change","FFQ-II","post",NA,NA,NA,NA,NA,NA,NA,NA,NA,NA,NA,NA,NA,NA,NA,NA,NA,NA,-53.28,-0.68,49.98,24.63,13,14,NA,NA,NA,"self-report",NA,NA,NA,2001,"Observed Stimulus Exposure","wlc","n","oth","mixed group and ind",10.44,"multiple","eu","adul",32.9,0.74,"com","Flying","Situational","Tech Enabled","Picture and Sound","Applied Relaxation","OSE-TE-PS-AR","adul","yes","no",NA,NA,NA,NA,0,NA,NA,NA,NA,NA,NA,NA,"Bornas, X., Tortella-Feliu, M., Llabres, J., & Fullana, M. (2001). Computer-Assisted Exposure Treatment for Flight Phobia: a Controlled Study. Psychotherapy Research - PSYCHOTHER RES, 11, 259-273. doi:10.1080/713663983","Bornas_2001_change_FFQ-II_post_NA_self-report_Otherpsy_wlc_Otherpsy_wlc","A - Western",10.44
"6","Buchholz, 2022","Buchholz_2022_msd_FSQ_post_NA_self-report_CBT_otherctr_CBT(CR-EXP)_otherctr",1.156409038,0.41992433,"CBT","other ctr","USA","H","CBT (CR-EXP)","other ctr","CBT (CR-EXP)","stress management","msd","FSQ","post",42.79,27.64,15,74.8,25.79,12,84.21,25.15,15,91.47,21.44,15,NA,NA,NA,NA,NA,NA,NA,NA,NA,NA,NA,NA,NA,NA,NA,"self-report",NA,NA,NA,2022,"Observed Stimulus Exposure","other ctr","n","ind","ind",1,"single","us","adul",30.91,0.87,"com","Spider","Animal","In Vivo","Cognitive Therapy",NA,"OSE-IV-CT","adul","yes","no",NA,NA,NA,NA,0,NA,NA,NA,NA,NA,NA,NA,"Buchholz, J. L., Blakey, S. M., Hellberg, S. N., Massing-Schaffer, M., Reuman, L., Ojalehto, H., . . . Abramowitz, J. S. (2022). Expectancy violation during exposure therapy: A pilot randomized controlled trial. Journal of Behavioral and Cognitive Therapy, 32(1), 13-24. doi:https://doi.org/10.1016/j.jbct.2021.12.004","Buchholz_2022_msd_FSQ_post_NA_self-report_CBT_otherctr_CBT(CR-EXP)_otherctr","A - Western",1
"7","Buchholz, 2022","Buchholz_2022_msd_FSQ_post_NA_self-report_CBT_otherctr_CBT(EXP-CR)_otherctr",1.25652615,0.4404807106,"CBT","other ctr","USA","H","CBT (EXP-CR)","other ctr","CBT (EXP-CR)","stress management","msd","FSQ","post",41.14,26.01,13,74.8,25.79,12,79.93,25.09,15,91.47,21.44,15,NA,NA,NA,NA,NA,NA,NA,NA,NA,NA,NA,NA,NA,NA,NA,"self-report",NA,NA,NA,2022,"Observed Stimulus Exposure","other ctr","n","ind","ind",1,"single","us","adul",30.91,0.87,"com","Spider","Animal","In Vivo","Cognitive Therapy",NA,"OSE-IV-CT","adul","yes","no",NA,NA,NA,NA,0,NA,NA,NA,NA,NA,NA,NA,"Buchholz, J. L., Blakey, S. M., Hellberg, S. N., Massing-Schaffer, M., Reuman, L., Ojalehto, H., . . . Abramowitz, J. S. (2022). Expectancy violation during exposure therapy: A pilot randomized controlled trial. Journal of Behavioral and Cognitive Therapy, 32(1), 13-24. doi:https://doi.org/10.1016/j.jbct.2021.12.004","Buchholz_2022_msd_FSQ_post_NA_self-report_CBT_otherctr_CBT(EXP-CR)_otherctr","A - Western",1
"8","Campos, 2019","Campos_2019_msd_FFQ-II_post_NA_self-report_Exposure_wlc_Exposure(guided)_wlc",1.257616082,0.3631210058,"Exposure","wlc","Spain","H","Exposure (guided)","wlc","internet based exposure treatment - therapist guided","wlc","msd","FFQ-II","post",138.53,55.53,15,204.52,48.54,23,215.19,29.69,23,205.35,49.64,23,NA,NA,NA,NA,NA,NA,NA,NA,NA,NA,NA,NA,NA,NA,NA,"self-report",NA,NA,NA,2019,"Observed Stimulus Exposure","wlc","n","gsh","guided self help",6,"multiple","eu","adul",36.43,72.46,"com","Flying","Situational","Tech Enabled","Picture and Sound",NA,"OSE-TE-PS","adul","yes","yes",NA,NA,NA,NA,1,NA,NA,NA,NA,NA,NA,NA,"Campos, D., Bretón-López, J., Botella, C., Mira, A., Castilla, D., Mor, S., . . . Quero, S. (2019). Efficacy of an internet-based exposure treatment for flying phobia (NO-FEAR Airlines) with and without therapist guidance: a randomized controlled trial. BMC Psychiatry, 19(1), 86. doi:10.1186/s12888-019-2060-4","Campos_2019_msd_FFQ-II_post_NA_self-report_Exposure_wlc_Exposure(guided)_wlc","A - Western",6
"9","Capafóns, 1997","Capafóns_1997_otherstat_EMV_post_NA_self-report_Desentization_wlc_NA_NA",1.1990172,0.4466469,"Exposure","wlc","Spain","H",NA,NA,"systematic desentization","wlc","other stat","EMV","post",NA,NA,NA,NA,NA,NA,NA,NA,NA,NA,NA,NA,NA,NA,NA,NA,NA,NA,NA,NA,NA,NA,NA,NA,1.1990172,0.4466469,NA,"self-report",NA,NA,NA,1998,"Non-observed Stimulus Exposure","wlc","n","ind","ind",13.5,"multiple","eu","adul",31.9,0.58,"com","Flying","Situational","Reattribution",NA,NA,"CSE-RE","adul","yes","no",NA,NA,NA,NA,0,NA,NA,NA,NA,NA,NA,NA,"Capafóns, J. I., Sosa, C. D., & Avero, P. (1997). La desensibilización sistemática en el tratamiento de la fobia a viajar en transporte áero. [Systematic desensitization in the treatment of fear of flying.]. Psicothema, 9, 17-25. ","Capafóns_1997_otherstat_EMV_post_NA_self-report_Desentization_wlc_NA_NA","A - Western",13.5
"10","Capafóns, 1999","Capafóns_1999_otherstat_FFS_post_NA_self-report_Otherpsy_wlc_NA_NA",1.7595077,0.3819397,"Other psy","wlc","Spain","H",NA,NA,"Reattributional training program","wlc","other stat","FFS","post",NA,NA,NA,NA,NA,NA,NA,NA,NA,NA,NA,NA,NA,NA,NA,NA,NA,NA,NA,NA,NA,NA,NA,NA,1.7595077,0.3819397,NA,"self-report",NA,NA,NA,1999,"Non-observed Stimulus Exposure","wlc","n","ind","ind",13,"multiple","eu","adul",33.5,0.71,"com","Flying","Situational","Reattribution",NA,NA,"CSE-RE","adul","no","no",NA,NA,NA,NA,0,NA,NA,NA,NA,NA,NA,NA,"Capafóns, J. I., Sosa, C. D., & Avero, P. (1997). La desensibilización sistemática en el tratamiento de la fobia a viajar en transporte áero. [Systematic desensitization in the treatment of fear of flying.]. Psicothema, 9, 17-25. ","Capafóns_1999_otherstat_FFS_post_NA_self-report_Otherpsy_wlc_NA_NA","A - Western",13
"11","de Jongh, 1995","deJongh_1995_msd_DAS_post_NA_self-report_Cognitive_otherctr_NA_NA",1.250755719,0.4082229924,"Cognitive","other ctr","Netherlands","H",NA,NA,"Cognitive intervention","information control","msd","DAS","post",14.7,2.8,15,17.8,1.9,14,17.5,1.5,15,17.8,2.2,14,NA,NA,NA,NA,NA,NA,NA,NA,NA,NA,NA,NA,NA,NA,NA,"self-report",NA,NA,NA,1995,"Other Therapy","other ctr","n","ind","ind",1,"single","eu","adul",30.97,0.52,"oth","Dental","Blood-injection-injury","Cognitive Therapy",NA,NA,"OT-CT","adul","no","no",NA,NA,NA,NA,0,NA,NA,NA,NA,NA,NA,NA,"De Jongh, A., Muris, P., Horst, G. T., Van Zuuren, F., Schoenmakers, N., & Makkes, P. (1995). One-session cognitive treatment of dental phobia: preparing dental phobics for treatment by restructuring negative cognitions. Behaviour Research and Therapy, 33(8), 947-954. doi:https://doi.org/10.1016/0005-7967(95)00027-U","deJongh_1995_msd_DAS_post_NA_self-report_Cognitive_otherctr_NA_NA","A - Western",1
"12","Doering, 2013","Doering_2013_msd_DAS_post_NA_self-report_EMDR_wlc_NA_NA",1.512480199,0.4099591007,"EMDR","wlc","Germany","H",NA,NA,"EMDR","wlc","msd","DAS","post",13.3,3.7,16,17.7,1.4,15,18.2,1.6,13,18.1,1.8,11,NA,NA,NA,NA,NA,NA,NA,NA,NA,NA,NA,NA,NA,NA,NA,"self-report",NA,NA,NA,2013,"Non-observed Stimulus Exposure","wlc","n","ind","ind",3,"multiple","eu","adul",40.98,0.84,"com","Dental","Blood-injection-injury","EMDR",NA,NA,"CSE-EMDR","adul","yes","yes",NA,NA,NA,NA,0,NA,NA,NA,NA,NA,NA,NA,"Doering, S., Ohlmeier, M. C., de Jongh, A., Hofmann, A., & Bisping, V. (2013). Efficacy of a trauma-focused treatment approach for dental phobia: a randomized clinical trial. Eur J Oral Sci, 121(6), 584-593. doi:10.1111/eos.12090","Doering_2013_msd_DAS_post_NA_self-report_EMDR_wlc_NA_NA","A - Western",3
"13","Foa, 1976","Foa_1976_msd_Evaluation_post_NA_clinician_Exposure_wlc_Exposure(floodingbytaperecorder)_wlc",1.412991064,0.5323216832,"Exposure","wlc","USA","H","Exposure (flooding by tape recorder)","wlc","Exposure (flooding by tape recorder)","wlc","msd","Evaluation","post",19.67,14.38,9,36.67,7.47,9,42.46,6.82,9,39.11,6.45,9,NA,NA,NA,NA,NA,NA,NA,NA,NA,NA,NA,NA,NA,NA,NA,"clinician",NA,NA,NA,1976,"Non-observed Stimulus Exposure","wlc","n","ind","audio recorded",4,"multiple","us","adul",NA,NA,"com","Rat","Animal","Flooding","Unpleasant Imagery",NA,"CSE-FL","adul","yes","no",NA,NA,NA,NA,0,NA,NA,NA,NA,NA,NA,NA,"Foa, E. B., Blau, J. S., Prout, M., & Latimer, P. (1977). Is horror a necessary component of flooding (implosion)? Behaviour Research and Therapy, 15(5), 397-402. doi:https://doi.org/10.1016/0005-7967(77)90043-2","Foa_1976_msd_Evaluation_post_NA_clinician_Exposure_wlc_Exposure(floodingbytaperecorder)_wlc","A - Western",4
"14","Foa, 1976","Foa_1976_msd_Evaluation_post_NA_clinician_Exposure_wlc_Exposure(floodingbytherapist)_wlc",2.682885361,0.6653248148,"Exposure","wlc","USA","H","Exposure (flooding by therapist)","wlc","Exposure (flooding by therapist)","wlc","msd","Evaluation","post",12.33,9.67,9,36.67,7.47,9,38.78,10.34,9,39.11,6.45,9,NA,NA,NA,NA,NA,NA,NA,NA,NA,NA,NA,NA,NA,NA,NA,"clinician",NA,NA,NA,1976,"Non-observed Stimulus Exposure","wlc","n","ind","ind",4,"multiple","us","adul",NA,NA,"com","Rat","Animal","Flooding","Unpleasant Imagery",NA,"CSE-FL","adul","yes","no",NA,NA,NA,NA,0,NA,NA,NA,NA,NA,NA,NA,"Foa, E. B., Blau, J. S., Prout, M., & Latimer, P. (1977). Is horror a necessary component of flooding (implosion)? Behaviour Research and Therapy, 15(5), 397-402. doi:https://doi.org/10.1016/0005-7967(77)90043-2","Foa_1976_msd_Evaluation_post_NA_clinician_Exposure_wlc_Exposure(floodingbytherapist)_wlc","A - Western",4
"15","Foa, 1976","Foa_1976_msd_Evaluation_post_NA_clinician_Exposure_wlc_Exposure(pleasantimagery)_wlc",1.379984321,0.5296632392,"Exposure","wlc","USA","H","Exposure (pleasant imagery)","wlc","Exposure (pleasant imagery)","wlc","msd","Evaluation","post",24.89,8.74,9,36.67,7.47,9,35,8.54,9,39.11,6.45,9,NA,NA,NA,NA,NA,NA,NA,NA,NA,NA,NA,NA,NA,NA,NA,"clinician",NA,NA,NA,1976,"Non-observed Stimulus Exposure","wlc","n","ind","audio recorded",4,"multiple","us","adul",NA,NA,"com","Rat","Animal","Flooding","Pleasant Imagery",NA,"CSE-FL","adul","yes","no",NA,NA,NA,NA,0,NA,NA,NA,NA,NA,NA,NA,"Foa, E. B., Blau, J. S., Prout, M., & Latimer, P. (1977). Is horror a necessary component of flooding (implosion)? Behaviour Research and Therapy, 15(5), 397-402. doi:https://doi.org/10.1016/0005-7967(77)90043-2","Foa_1976_msd_Evaluation_post_NA_clinician_Exposure_wlc_Exposure(pleasantimagery)_wlc","A - Western",4
"16","Freeman, 2018","Freeman_2018_msd_AQ_post_NA_self-report_CBT_cau_NA_NA",2.037258338,0.2471644465,"CBT","cau","United Kingdom","H",NA,NA,"Automated virtual reality","cau","msd","AQ","post",29.1,19.8,49,73.9,23.6,51,71.9,26.6,49,70.3,22.6,51,NA,NA,NA,NA,NA,NA,NA,NA,NA,NA,NA,NA,NA,NA,NA,"self-report",NA,NA,NA,2018,"Observed Stimulus Exposure","cau","n","ind","VR",6,"multiple","eu","adul",45.51,0.52,"com","Heights","Natural environment","Tech Enabled","Virtual Reality","Cognitive Behavioral Therapy","OSE-TE-VR-CBT","adul","yes","yes",NA,NA,NA,NA,1,NA,NA,NA,NA,NA,NA,NA,"Freeman, D., Haselton, P., Freeman, J., Spanlang, B., Kishore, S., Albery, E., . . . Nickless, A. (2018). Automated psychological therapy using immersive virtual reality for treatment of fear of heights: a single-blind, parallel-group, randomised controlled trial. Lancet Psychiatry, 5(8), 625-632. doi:10.1016/s2215-0366(18)30226-8","Freeman_2018_msd_AQ_post_NA_self-report_CBT_cau_NA_NA","A - Western",6
"17","Garcia-Palacios, 2002","Garcia-Palacios_2002_msd_FSQ_post_NA_self-report_Exposure_wlc_NA_NA",2.299433856,0.5458646448,"Exposure","wlc","Spain","H",NA,NA,"Virtual Reality Exposure","wlc","msd","FSQ","post",57.42,19.07,12,97.09,13.44,11,97.42,17.51,12,100,14.25,11,NA,NA,NA,NA,NA,NA,NA,NA,NA,NA,NA,NA,NA,NA,NA,"self-report",NA,NA,NA,2002,"Observed Stimulus Exposure","wlc","n","ind","VR",4,"multiple","eu","adul",29.35,90.9,"com","Spider","Animal","Tech Enabled","Virtual Reality",NA,"OSE-TE-VR","adul","yes","yes (no dropout)",NA,NA,NA,NA,0,NA,NA,NA,NA,NA,NA,NA,"Garcia-Palacios, A., Hoffman, H., Carlin, A., Furness, T. A., 3rd, & Botella, C. (2002). Virtual reality in the treatment of spider phobia: a controlled study. Behav Res Ther, 40(9), 983-993. doi:10.1016/s0005-7967(01)00068-7","Garcia-Palacios_2002_msd_FSQ_post_NA_self-report_Exposure_wlc_NA_NA","A - Western",4
"18","Gujjar, 2019","Gujjar_2019_msd_MDAS_post_NA_self-report_Exposure_otherctr_NA_NA",1.582020755,0.4211841384,"Exposure","other ctr","Malaysia","UM",NA,NA,"Virtual Reality Exposure","Informational pamphlet","msd","MDAS","post",12.9,4.2,15,18.2,1.9,15,18.8,2.8,15,18.3,2.6,15,NA,NA,NA,NA,NA,NA,NA,NA,NA,NA,NA,NA,NA,NA,NA,"self-report",NA,NA,NA,2019,"Observed Stimulus Exposure","other ctr","n","ind","VRET",1,"single","oth","adul",24.15,0.6,"com","Dental","Blood-injection-injury","Tech Enabled","Virtual Reality",NA,"OSE-TE-VR","adul","yes","yes",NA,NA,NA,NA,0,NA,NA,NA,NA,NA,NA,NA,"Gujjar, K. R., van Wijk, A., Kumar, R., & de Jongh, A. (2019). Efficacy of virtual reality exposure therapy for the treatment of dental phobia in adults: A randomized controlled trial. J Anxiety Disord, 62, 100-108. doi:10.1016/j.janxdis.2018.12.001","Gujjar_2019_msd_MDAS_post_NA_self-report_Exposure_otherctr_NA_NA","B - Non-Western",1
"19","Haukebø, 2008","Haukebø_2008_msd_DAS_post_NA_self-report_Exposure_wlc_NA_NA",1.723312077,0.3772385919,"Exposure","wlc","Norway","H",NA,NA,"One and five session exposure","wlc","msd","DAS","post",11.5,3,19,16.6,2.8,20,17.2,2.2,19,17,2.8,20,NA,NA,NA,NA,NA,NA,NA,NA,NA,NA,NA,NA,NA,NA,NA,"self-report",NA,NA,NA,2008,"Observed Stimulus Exposure","wlc","n","ind","ind",NA,NA,"eu","adul",34.9,0.65,"com","Dental","Blood-injection-injury","In Vivo","Cognitive Therapy",NA,"OSE-IV-CT","adul","yes","no",NA,NA,NA,NA,0,NA,NA,NA,NA,NA,NA,NA,"Haukebø, K., Skaret, E., Ost, L. G., Raadal, M., Berg, E., Sundberg, H., & Kvale, G. (2008). One- vs. five-session treatment of dental phobia: a randomized controlled study. J Behav Ther Exp Psychiatry, 39(3), 381-390. doi:10.1016/j.jbtep.2007.09.006","Haukebø_2008_msd_DAS_post_NA_self-report_Exposure_wlc_NA_NA","A - Western",NA
"20","Heading, 2001","Heading_2001_msd_SPQ_post_NA_self-report_Exposure_wlc_NA_NA",0.03189736218,0.3922588646,"Exposure","wlc","USA","H",NA,NA,"Computer-aided Vicarious Exposure","wlc","msd","SPQ","post",23.85,5.32,13,24,3.63,13,25.39,5.84,13,25.31,2.29,13,NA,NA,NA,NA,NA,NA,NA,NA,NA,NA,NA,NA,NA,NA,NA,"self-report",NA,NA,NA,2001,"Observed Stimulus Exposure","wlc","n","ind","ind",1,"single","us","adul",34.9,0.95,"com","Spider","Animal","Tech Enabled","Augment or Vicarious Experience",NA,"OSE-TE-AV","adul","yes","no",NA,NA,NA,NA,0,NA,NA,NA,NA,NA,NA,NA,"Heading, K., Kirkby, K. C., Martin, F., Daniels, B. A., Gilroy, L. J., & Menzies, R. G. (2001). Controlled Comparison of Single-session Treatments for Spider Phobia: Live Graded Exposure Alone versus Computer-aided Vicarious Exposure. Behaviour Change, 18(2), 103-113. doi:10.1375/bech.18.2.103","Heading_2001_msd_SPQ_post_NA_self-report_Exposure_wlc_NA_NA","A - Western",1
"21","Hekmat, 1973","Hekmat_1973_msd_FSS_post_NA_self-report_Desentization_otherctr_Desentization(systematic)_otherctr",2.604919183,0.620434142,"Exposure","other ctr","USA","H","Desentization (systematic)","other ctr","semantic desenzitization","pseudodesendisization on a neutral buffer task","msd","FSS","post",2.5,0.84,10,4.4,0.52,10,4.6,0.51,10,4.6,0.51,10,NA,NA,NA,NA,NA,NA,NA,NA,NA,NA,NA,NA,NA,NA,NA,"self-report",NA,NA,NA,1973,"Non-observed Stimulus Exposure","other ctr","n","ind","ind",2,"multiple","us","yadul",NA,0.7,"com","Rat","Animal","Semantic Desensitization",NA,NA,"CSE-SD","adul","yes","no",NA,NA,NA,NA,0,NA,NA,NA,NA,NA,NA,NA,"Hekmat, H. (1973). Systematic versus semantic desensitization and implosive therapy: A comparative study. Journal of Consulting and Clinical Psychology, 40, 202-209. doi:10.1037/h0034552","Hekmat_1973_msd_FSS_post_NA_self-report_Desentization_otherctr_Desentization(systematic)_otherctr","A - Western",2
"22","Hekmat, 1973","Hekmat_1973_msd_FSS_post_NA_self-report_Otherpsy_otherctr_Otherpsy_otherctr",-1.118661204,0.4838454423,"Other psy","other ctr","USA","H","Other psy","other ctr","implosive therapy","pseudodesendisization on a neutral buffer task","msd","FSS","post",4.9,0.31,10,4.4,0.52,10,4.6,0.51,10,4.6,0.51,10,NA,NA,NA,NA,NA,NA,NA,NA,NA,NA,NA,NA,NA,NA,NA,"self-report",NA,NA,NA,1973,"Non-observed Stimulus Exposure","other ctr","n","ind","ind",2,"multiple","us","yadul",NA,0.7,"com","Rat","Animal","Flooding","Unpleasant Imagery",NA,"CSE-FL","adul","no","no",NA,NA,NA,NA,0,NA,NA,NA,NA,NA,NA,NA,"Hekmat, H. (1973). Systematic versus semantic desensitization and implosive therapy: A comparative study. Journal of Consulting and Clinical Psychology, 40, 202-209. doi:10.1037/h0034552","Hekmat_1973_msd_FSS_post_NA_self-report_Otherpsy_otherctr_Otherpsy_otherctr","A - Western",2
"23","Hekmat, 1973","Hekmat_1973_msd_FSS_post_NA_self-report_Desentization_otherctr_Desentization(implosive)_otherctr",2.714935105,0.6331585535,"Exposure","other ctr","USA","H","Desentization (implosive)","other ctr","systematic desenzitization","pseudodesendisization on a neutral buffer task","msd","FSS","post",2.7,0.67,10,4.4,0.52,10,4.6,0.51,10,4.6,0.51,10,NA,NA,NA,NA,NA,NA,NA,NA,NA,NA,NA,NA,NA,NA,NA,"self-report",NA,NA,NA,1973,"Non-observed Stimulus Exposure","other ctr","n","ind","ind",5,"multiple","us","yadul",NA,0.7,"com","Rat","Animal","Applied Relaxation",NA,NA,"CSE-AR","adul","yes","no",NA,NA,NA,NA,0,NA,NA,NA,NA,NA,NA,NA,"Hekmat, H. (1973). Systematic versus semantic desensitization and implosive therapy: A comparative study. Journal of Consulting and Clinical Psychology, 40, 202-209. doi:10.1037/h0034552","Hekmat_1973_msd_FSS_post_NA_self-report_Desentization_otherctr_Desentization(implosive)_otherctr","A - Western",5
"24","Jensen, 2009","Jensen_2009_change_SPQ_post_NA_self-report_Otherpsy_otherctr_NA_NA",1.047974097,0.5748638513,"Other psy","other ctr","United Kingdom","H",NA,NA,"Neuro Emotional Technique (NET)","no treatment","change","SPQ","post",NA,NA,NA,NA,NA,NA,NA,NA,NA,NA,NA,NA,NA,NA,NA,NA,NA,NA,-3.1,0.3,3.9,1.8,7,7,NA,NA,NA,"self-report",NA,NA,NA,2009,"Non-observed Stimulus Exposure","other ctr","n","ind","ind",2,"multiple","uk","adul",28.6,0.87,"com","Spider","Animal","Neuro Emotional Technique",NA,NA,"CSE-OT-NET","adul","yes","yes",NA,NA,NA,NA,0,NA,NA,NA,NA,NA,NA,NA,"Jensen, A. M., & Ramasamy, A. (2009). Treating spider phobia using Neuro Emotional Technique: findings from a pilot study. J Altern Complement Med, 15(12), 1363-1374. doi:10.1089/acm.2008.0595","Jensen_2009_change_SPQ_post_NA_self-report_Otherpsy_otherctr_NA_NA","A - Western",2
"25","Jessup, 2020","Jessup_2020_msd_STAI-T_post_NA_self-report_Exposure_otherctr_Exposure(disgust-specific)_otherctr",0.4342526423,0.3284081172,"Exposure","other ctr","USA","H","Exposure (disgust-specific)","other ctr","Disgust-specific exposure group","General-negative exopsure group","msd","STAI-T","post",40.53,23.8,19,49.74,17.2,19,44.05,24.65,19,45.79,21.94,19,NA,NA,NA,NA,NA,NA,NA,NA,NA,NA,NA,NA,NA,NA,NA,"self-report",NA,NA,NA,2020,"Observed Stimulus Exposure","other ctr","n","ind","Video exposure",1,"single","us","yadul",18.93,78,"com","BII","Blood-injection-injury","Tech Enabled","Video",NA,"OSE-TE-VD","adul","yes","no",NA,NA,NA,NA,0,NA,NA,NA,NA,NA,NA,NA,"Jessup, S. C., Tomarken, A., Viar-Paxton, M. A., & Olatunji, B. O. (2020). Effects of repeated exposure to fearful and disgusting stimuli on fear renewal in blood-injection-injury phobia. J Anxiety Disord, 74, 102272. doi:10.1016/j.janxdis.2020.102272","Jessup_2020_msd_STAI-T_post_NA_self-report_Exposure_otherctr_Exposure(disgust-specific)_otherctr","A - Western",1
"26","Jessup, 2020","Jessup_2020_msd_STAI-T_post_NA_self-report_Exposure_otherctr_Exposure(fear-specific)_otherctr",0.5196136462,0.330105519,"Exposure","other ctr","USA","H","Exposure (fear-specific)","other ctr","Fear-specific exposure group","General-negative exopsure group","msd","STAI-T","post",38.84,23.403,19,49.74,17.2,19,48.68,22.78,19,45.79,21.94,19,NA,NA,NA,NA,NA,NA,NA,NA,NA,NA,NA,NA,NA,NA,NA,"self-report",NA,NA,NA,2020,"Observed Stimulus Exposure","other ctr","n","ind","Video exposure",1,"single","us","yadul",18.93,78,"com","BII","Blood-injection-injury","Tech Enabled","Video",NA,"OSE-TE-VD","adul","yes","no",NA,NA,NA,NA,0,NA,NA,NA,NA,NA,NA,NA,"Jessup, S. C., Tomarken, A., Viar-Paxton, M. A., & Olatunji, B. O. (2020). Effects of repeated exposure to fearful and disgusting stimuli on fear renewal in blood-injection-injury phobia. J Anxiety Disord, 74, 102272. doi:10.1016/j.janxdis.2020.102272","Jessup_2020_msd_STAI-T_post_NA_self-report_Exposure_otherctr_Exposure(fear-specific)_otherctr","A - Western",1
"27","Jiang, 2020","Jiang_2020_msd_MBPI_post_NA_self-report_Exposure_wlc_NA_NA",0.5905597453,0.3119013514,"Exposure","wlc","Australia","H",NA,NA,"Virtual Reality Exposure","wlc","msd","MBPI","post",49.26,29.07,21,66.45,28.09,22,64.1,30.16,21,73.73,29.46,22,NA,NA,NA,NA,NA,NA,NA,NA,NA,NA,NA,NA,NA,NA,NA,"self-report",NA,NA,NA,2020,"Observed Stimulus Exposure","wlc","n","ind","VR",1,"single","au","yadul",23.43,0.81,"com","BII","Blood-injection-injury","Tech Enabled","Virtual Reality",NA,"OSE-TE-VR","adul","yes","yes",NA,NA,NA,NA,1,NA,NA,NA,NA,NA,NA,NA,"Jiang, M. Y. W., Upton, E., & Newby, J. M. (2020). A randomised wait-list controlled pilot trial of one-session virtual reality exposure therapy for blood-injection-injury phobias. J Affect Disord, 276, 636-645. doi:10.1016/j.jad.2020.07.076","Jiang_2020_msd_MBPI_post_NA_self-report_Exposure_wlc_NA_NA","A - Western",1
"28","Kashdan, 2012","Kashdan_2012_otherstat_FSQ_post_NA_self-report_Exposure_wlc_NA_NA",1.7024,0.4155,"Exposure","wlc","USA","H",NA,NA,"One hour exposure","wlc","other stat","FSQ","post",NA,NA,NA,NA,NA,NA,NA,NA,NA,NA,NA,NA,NA,NA,NA,NA,NA,NA,NA,NA,NA,NA,NA,NA,1.7024,0.4155,NA,"self-report",NA,NA,NA,2012,"Observed Stimulus Exposure","wlc","n","ind","ind",1,"single","us","adul",22.38,0.84,"com","Spider","Animal","In Vivo",NA,NA,"OSE-IV","adul","yes","no",NA,NA,NA,NA,0,NA,NA,NA,NA,NA,NA,NA,"Kashdan, T. B., Adams, L., Read, J., & Hawk, L., Jr. (2012). Can a one-hour session of exposure treatment modulate startle response and reduce spider fears? Psychiatry Res, 196(1), 79-82. doi:10.1016/j.psychres.2011.12.002","Kashdan_2012_otherstat_FSQ_post_NA_self-report_Exposure_wlc_NA_NA","A - Western",1
"29","Kirsch, 1983","Kirsch_1983_msd_Subjectivefear_post_NA_self-report_Desentization_wlc_NA_NA",2.532906529,0.5667044763,"Exposure","wlc","USA","H",NA,NA,"systematic desensitization","wlc","msd","Subjective fear","post",14,5.45,9,4.08,4.48,15,4.89,3.76,16,4.39,3.53,15,NA,NA,NA,NA,NA,NA,NA,NA,NA,NA,NA,NA,NA,NA,NA,"self-report",NA,NA,NA,1983,"Non-observed Stimulus Exposure","wlc","n","ind","ind",5,"multiple","us","adul",38,83,"com","Snake","Animal","Applied Relaxation",NA,NA,"CSE-AR","adul","yes","no",NA,NA,NA,NA,0,NA,NA,NA,NA,NA,NA,NA,"Kirsch, I., Tennen, H., Wickless, C., Saccone, A. J., & Cody, S. (1983). The role of expectancy in fear reduction. Behavior Therapy, 14(4), 520-533. doi:https://doi.org/10.1016/S0005-7894(83)80075-6","Kirsch_1983_msd_Subjectivefear_post_NA_self-report_Desentization_wlc_NA_NA","A - Western",5
"30","Krijn, 2004","Krijn_2004_otherstat_AQ_post_NA_self-report_Exposure_wlc_Exposure(HMD)_wlc",1.187623,0.3389017,"Exposure","wlc","Netherlands","H","Exposure (HMD)","wlc","Virtual Reality Exposure, head mounted display (HMD)","wlc","other stat","AQ","post",NA,NA,NA,NA,NA,NA,NA,NA,NA,NA,NA,NA,NA,NA,NA,NA,NA,NA,NA,NA,NA,NA,NA,NA,1.187623,0.3389017,NA,"self-report",NA,NA,NA,2004,"Observed Stimulus Exposure","wlc","n","ind","VR",3,"multiple","eu","adul",50.6,0.4,"com","Heights","Natural environment","Tech Enabled","Virtual Reality",NA,"OSE-TE-VR","adul","yes","no",NA,NA,NA,NA,0,NA,NA,NA,NA,NA,NA,NA,"Krijn, M., Emmelkamp, P. M., Biemond, R., de Wilde de Ligny, C., Schuemie, M. J., & van der Mast, C. A. (2004). Treatment of acrophobia in virtual reality: the role of immersion and presence. Behav Res Ther, 42(2), 229-239. doi:10.1016/s0005-7967(03)00139-6","Krijn_2004_otherstat_AQ_post_NA_self-report_Exposure_wlc_Exposure(HMD)_wlc","A - Western",3
"31","Krijn, 2004","Krijn_2004_otherstat_AQ_post_NA_self-report_Exposure_wlc_Exposure(CAVE)_wlc",0.5936878,0.2915662,"Exposure","wlc","Netherlands","H","Exposure (CAVE)","wlc","Virtual Reality Exposure, computer automatic virtual environment (CAVE)","wlc","other stat","AQ","post",NA,NA,NA,NA,NA,NA,NA,NA,NA,NA,NA,NA,NA,NA,NA,NA,NA,NA,NA,NA,NA,NA,NA,NA,0.5936878,0.2915662,NA,"self-report",NA,NA,NA,2004,"Observed Stimulus Exposure","wlc","n","ind","VR",3,"multiple","eu","adul",50.6,0.4,"com","Heights","Natural environment","Tech Enabled","Augment or Vicarious Experience",NA,"OSE-TE-AV","adul","yes","no",NA,NA,NA,NA,0,NA,NA,NA,NA,NA,NA,NA,"Krijn, M., Emmelkamp, P. M., Biemond, R., de Wilde de Ligny, C., Schuemie, M. J., & van der Mast, C. A. (2004). Treatment of acrophobia in virtual reality: the role of immersion and presence. Behav Res Ther, 42(2), 229-239. doi:10.1016/s0005-7967(03)00139-6","Krijn_2004_otherstat_AQ_post_NA_self-report_Exposure_wlc_Exposure(CAVE)_wlc","A - Western",3
"32","leutgeb, 2009","leutgeb_2009_msd_SPQ_post_NA_self-report_Exposure_wlc_NA_NA",3.016648216,0.440101337,"Exposure","wlc","Austria","H",NA,NA,"Exposure","wlc","msd","SPQ","post",8.6,4,22,21.2,4.2,23,20.4,3.7,22,20.9,3.8,23,NA,NA,NA,NA,NA,NA,NA,NA,NA,NA,NA,NA,NA,NA,NA,"self-report",NA,NA,NA,2009,"Observed Stimulus Exposure","wlc","n","grp","grp",1,"single","eu","adul",27.43,1,"com","Spider","Animal","Tech Enabled","Picture and Sound",NA,"OSE-TE-PS","adul","yes","no",NA,NA,NA,NA,0,NA,NA,NA,NA,NA,NA,NA,"Leutgeb, V., Schäfer, A., & Schienle, A. (2009). An event-related potential study on exposure therapy for patients suffering from spider phobia. Biol Psychol, 82(3), 293-300. doi:10.1016/j.biopsycho.2009.09.003","leutgeb_2009_msd_SPQ_post_NA_self-report_Exposure_wlc_NA_NA","A - Western",1
"33","Minns, 2018","Minns_2018_msd_FSQ_post_NA_self-report_Exposure_wlc_NA_NA",0.8181899322,0.2374707457,"Exposure","wlc","USA","H",NA,NA,"3D Virtual Reality Exposure","psychoeducation only video during wlc","msd","FSQ","post",38.79,19.44,38,56.92,24.12,39,76.37,16.77,38,75.85,13.43,39,NA,NA,NA,NA,NA,NA,NA,NA,NA,NA,NA,NA,NA,NA,NA,"self-report",NA,NA,NA,2018,"Observed Stimulus Exposure","wlc","n","ind","VRET",1,"single","us","yadul",19.27,0.87,"com","Spider","Animal","Tech Enabled","Virtual Reality",NA,"OSE-TE-VR","adul","yes","yes (no dropout)",NA,NA,NA,NA,0,NA,NA,NA,NA,NA,NA,NA,"Minns, S., Levihn-Coon, A., Carl, E., Smits, J. A. J., Miller, W., Howard, D., . . . Powers, M. B. (2018). Immersive 3D exposure-based treatment for spider fear: A randomized controlled trial. J Anxiety Disord, 58, 1-7. doi:10.1016/j.janxdis.2018.05.006","Minns_2018_msd_FSQ_post_NA_self-report_Exposure_wlc_NA_NA","A - Western",1
"34","Moses, 1985","Moses_1985_msd_DAS_post_NA_self-report_Otherpsy_wlc_Otherpsy(SIT)_wlc",1.001788992,0.6183922039,"Other psy","wlc","USA","H","Other psy (SIT)","wlc","Stress Inoculation Training","wlc","msd","DAS","post",15.6,1.7,6,17.5,1.8,6,16.7,1.1,6,17.5,1.3,6,NA,NA,NA,NA,NA,NA,NA,NA,NA,NA,NA,NA,NA,NA,NA,"self-report",NA,NA,NA,1985,"Observed Stimulus Exposure","wlc","n","ind","ind",1,"single","us","adul",NA,0.83,"com","Dental","Blood-injection-injury","In Vivo","Stress Innoculation and Education",NA,"OSE-IV-US","adul","yes","no",NA,NA,NA,NA,0,NA,NA,NA,NA,NA,NA,NA,"Moses, A. N., & Hollandsworth, J. G. (1985). Relative effectiveness of education alone versus stress inoculation training in the treatment of dental phobia. Behavior Therapy, 16(5), 531-537. doi:https://doi.org/10.1016/S0005-7894(85)80031-9","Moses_1985_msd_DAS_post_NA_self-report_Otherpsy_wlc_Otherpsy(SIT)_wlc","A - Western",1
"35","Moses, 1985","Moses_1985_msd_DAS_post_NA_self-report_Otherpsy_wlc_Otherpsy(Copingskills)_wlc",0.5363640014,0.5894076082,"Other psy","wlc","USA","H","Other psy (Coping skills)","wlc","Coping skills","wlc","msd","DAS","post",16.3,2.3,6,17.5,1.8,6,17.7,1.7,6,17.5,1.3,6,NA,NA,NA,NA,NA,NA,NA,NA,NA,NA,NA,NA,NA,NA,NA,"self-report",NA,NA,NA,1985,"Observed Stimulus Exposure","wlc","n","ind","ind",1,"single","us","adul",NA,0.83,"com","Dental","Blood-injection-injury","In Vivo","Stress Innoculation",NA,"OSE-IV-US","adul","yes","no",NA,NA,NA,NA,0,NA,NA,NA,NA,NA,NA,NA,"Moses, A. N., & Hollandsworth, J. G. (1985). Relative effectiveness of education alone versus stress inoculation training in the treatment of dental phobia. Behavior Therapy, 16(5), 531-537. doi:https://doi.org/10.1016/S0005-7894(85)80031-9","Moses_1985_msd_DAS_post_NA_self-report_Otherpsy_wlc_Otherpsy(Copingskills)_wlc","A - Western",1
"36","Muris, 1997","Muris_1997_msd_BAT_post_NA_clinician_EMDR_wlc_EMDR_wlc",0.7809848372,0.5208870084,"EMDR","wlc","Netherlands","H","EMDR","wlc","EMDR","wlc","msd","BAT","post",3.13,2.3,8,1.38,1.92,8,1.5,2.14,8,1.13,1.64,8,NA,NA,NA,NA,NA,NA,NA,NA,NA,NA,NA,NA,NA,NA,NA,"clinician",NA,NA,NA,1997,"Non-observed Stimulus Exposure","wlc","n","ind","ind",1,"single","eu","adul",33.4,1,"com","Spider","Animal","EMDR",NA,NA,"CSE-EMDR","adul","yes","no",NA,NA,NA,NA,0,NA,NA,NA,NA,NA,NA,NA,"Muris, P., & Merckelbach, H. (1997). Treating Spider Phobics with Eye Movement Desensitization and Reprocessing: A Controlled Study. Behavioural and Cognitive Psychotherapy, 25, 39-50. doi:10.1017/S1352465800015381","Muris_1997_msd_BAT_post_NA_clinician_EMDR_wlc_EMDR_wlc","A - Western",1
"37","Muris, 1997","Muris_1997_msd_BAT_post_NA_clinician_Exposure_wlc_Exposure_wlc",0.6411158491,0.5141687493,"Exposure","wlc","Netherlands","H","Exposure","wlc","Imaginal Exposure","wlc","msd","BAT","post",3,2.78,8,1.38,1.92,8,2.5,2.78,8,1.13,1.64,8,NA,NA,NA,NA,NA,NA,NA,NA,NA,NA,NA,NA,NA,NA,NA,"clinician",NA,NA,NA,1997,"Non-observed Stimulus Exposure","wlc","n","ind","ind",1,"single","eu","adul",33.4,1,"com","Spider","Animal","Flooding","Hierarchical Imagery",NA,"CSE-FL","adul","yes","no",NA,NA,NA,NA,0,NA,NA,NA,NA,NA,NA,NA,"Muris, P., & Merckelbach, H. (1997). Treating Spider Phobics with Eye Movement Desensitization and Reprocessing: A Controlled Study. Behavioural and Cognitive Psychotherapy, 25, 39-50. doi:10.1017/S1352465800015381","Muris_1997_msd_BAT_post_NA_clinician_Exposure_wlc_Exposure_wlc","A - Western",1
"38","Öst, 1982 ","Öst_1982(behavioralreactors)_otherstat_CS_post_NA_self-report_Exposure_wlc_Exposure_wlc",2.1664165,0.5348376,"Exposure","wlc","Sweden","H","(behavioral reactors) Exposure","wlc","Exposure","wlc","other stat","CS","post",NA,NA,NA,NA,NA,NA,NA,NA,NA,NA,NA,NA,NA,NA,NA,NA,NA,NA,NA,NA,NA,NA,NA,NA,2.1664165,0.5348376,NA,"self-report",NA,NA,NA,1982,"Observed Stimulus Exposure","wlc","n","ind","ind",8,"multiple","eu","adul",36.4,0.88,"clin","Claustro","Situational","In Vivo",NA,NA,"OSE-IV","adul","yes","no",NA,NA,NA,NA,0,NA,NA,NA,NA,NA,NA,NA,"Öst, L.-G., Johansson, J., & Jerremalm, A. (1982). Individual response patterns and the effects of different behavioral methods in the treatment of claustrophobia. Behaviour Research and Therapy, 20(5), 445-460. doi:https://doi.org/10.1016/0005-7967(82)90066-3","Öst_1982(behavioralreactors)_otherstat_CS_post_NA_self-report_Exposure_wlc_Exposure_wlc","A - Western",8
"39","Öst, 1982 ","Öst_1982(behavioralreactors)_otherstat_CS_post_NA_self-report_Desentization_wlc_Desentization_wlc",2.2893775,0.5456516,"Exposure","wlc","Sweden","H","(behavioral reactors) Desentization","wlc","Exposure + applied relaxation","wlc","other stat","CS","post",NA,NA,NA,NA,NA,NA,NA,NA,NA,NA,NA,NA,NA,NA,NA,NA,NA,NA,NA,NA,NA,NA,NA,NA,2.2893775,0.5456516,NA,"self-report",NA,NA,NA,1982,"Observed Stimulus Exposure","wlc","n","ind","ind",8,"multiple","eu","adul",36.4,0.88,"clin","Claustro","Situational","In Vivo","Applied Relaxation",NA,"OSE-IV-AR","adul","yes","no",NA,NA,NA,NA,0,NA,NA,NA,NA,NA,NA,NA,"Öst, L.-G., Johansson, J., & Jerremalm, A. (1982). Individual response patterns and the effects of different behavioral methods in the treatment of claustrophobia. Behaviour Research and Therapy, 20(5), 445-460. doi:https://doi.org/10.1016/0005-7967(82)90066-3","Öst_1982(behavioralreactors)_otherstat_CS_post_NA_self-report_Desentization_wlc_Desentization_wlc","A - Western",8
"40","Öst, 1982 ","Öst_1982(physiologicalreactors)_otherstat_CS_post_NA_self-report_Exposure_wlc_Exposure_wlc",1.1137521,0.4562373,"Exposure","wlc","Sweden","H","(physiological reactors) Exposure","wlc","Exposure","wlc","other stat","CS","post",NA,NA,NA,NA,NA,NA,NA,NA,NA,NA,NA,NA,NA,NA,NA,NA,NA,NA,NA,NA,NA,NA,NA,NA,1.1137521,0.4562373,NA,"self-report",NA,NA,NA,1982,"Observed Stimulus Exposure","wlc","n","ind","ind",8,"multiple","eu","adul",36.4,0.88,"clin","Claustro","Situational","In Vivo",NA,NA,"OSE-IV","adul","yes","no",NA,NA,NA,NA,0,NA,NA,NA,NA,NA,NA,NA,"Öst, L.-G., Johansson, J., & Jerremalm, A. (1982). Individual response patterns and the effects of different behavioral methods in the treatment of claustrophobia. Behaviour Research and Therapy, 20(5), 445-460. doi:https://doi.org/10.1016/0005-7967(82)90066-3","Öst_1982(physiologicalreactors)_otherstat_CS_post_NA_self-report_Exposure_wlc_Exposure_wlc","A - Western",8
"41","Öst, 1982 ","Öst_1982(physiologicalreactors)_otherstat_CS_post_NA_self-report_Desentization_wlc_Desentization_wlc",1.3197292,0.2376118,"Exposure","wlc","Sweden","H","(physiological reactors) Desentization","wlc","Exposure + applied relaxation","wlc","other stat","CS","post",NA,NA,NA,NA,NA,NA,NA,NA,NA,NA,NA,NA,NA,NA,NA,NA,NA,NA,NA,NA,NA,NA,NA,NA,1.3197292,0.2376118,NA,"self-report",NA,NA,NA,1982,"Observed Stimulus Exposure","wlc","n","ind","ind",8,"multiple","eu","adul",36.4,0.88,"clin","Claustro","Situational","In Vivo","Applied Relaxation",NA,"OSE-IV-AR","adul","yes","no",NA,NA,NA,NA,0,NA,NA,NA,NA,NA,NA,NA,"Öst, L.-G., Johansson, J., & Jerremalm, A. (1982). Individual response patterns and the effects of different behavioral methods in the treatment of claustrophobia. Behaviour Research and Therapy, 20(5), 445-460. doi:https://doi.org/10.1016/0005-7967(82)90066-3","Öst_1982(physiologicalreactors)_otherstat_CS_post_NA_self-report_Desentization_wlc_Desentization_wlc","A - Western",8
"42","Öst, 2001","Öst_2001_otherstat_AQ_post_NA_self-report_Otherpsy_wlc_NA_NA",1.3197292,0.2376118,"Other psy","wlc","Sweden","H",NA,NA,"Combination of treatments","wlc","other stat","AQ","post",NA,NA,NA,NA,NA,NA,NA,NA,NA,NA,NA,NA,NA,NA,NA,NA,NA,NA,NA,NA,NA,NA,NA,NA,1.3197292,0.2376118,NA,"self-report",NA,NA,NA,2001,"Other Therapy","wlc","n","ind","Combined 3 treatments",NA,"multiple","eu","adul",41.3,NA,"com","Claustro","Situational","Combined",NA,NA,"OT","adul","yes","no",NA,NA,NA,NA,0,NA,NA,NA,NA,NA,NA,NA,"Öst, L. G., Alm, T., Brandberg, M., & Breitholtz, E. (2001). One vs five sessions of exposure and five sessions of cognitive therapy in the treatment of claustrophobia. Behav Res Ther, 39(2), 167-183. doi:10.1016/s0005-7967(99)00176-x","Öst_2001_otherstat_AQ_post_NA_self-report_Otherpsy_wlc_NA_NA","A - Western",NA
"43","Pendleton, 1983","Pendleton_1983_otherstat_AQ_post_NA_self-report_Exposure_wlc_Exposure_wlc",1.3434679,0.2833336,"Exposure","wlc","USA","H","Exposure","wlc","Negative practice based on a self-control treatment rationale","wlc","other stat","AQ","post",NA,NA,NA,NA,NA,NA,NA,NA,NA,NA,NA,NA,NA,NA,NA,NA,NA,NA,NA,NA,NA,NA,NA,NA,1.3434679,0.2833336,NA,"self-report",NA,NA,NA,1983,"Non-observed Stimulus Exposure","wlc","n","ind","ind",3,"multiple","us","yadul",23.13,0.74,"com","Heights","Natural environment","Negative Practice",NA,NA,"CSE-OT-NP","adul","yes","no",NA,NA,NA,NA,0,NA,NA,NA,NA,NA,NA,NA,"Pendleton, M. G., & Higgins, R. L. (1983). A comparison of negative practice and systematic desensitization in the treatment of acrophobia. J Behav Ther Exp Psychiatry, 14(4), 317-323. doi:10.1016/0005-7916(83)90074-5","Pendleton_1983_otherstat_AQ_post_NA_self-report_Exposure_wlc_Exposure_wlc","A - Western",3
"44","Pendleton, 1983","Pendleton_1983_otherstat_AQ_post_NA_self-report_Desentization_wlc_Desentization_wlc",0.9835048,0.2795059,"Exposure","wlc","USA","H","Desentization","wlc","Desentisization","wlc","other stat","AQ","post",NA,NA,NA,NA,NA,NA,NA,NA,NA,NA,NA,NA,NA,NA,NA,NA,NA,NA,NA,NA,NA,NA,NA,NA,0.9835048,0.2795059,NA,"self-report",NA,NA,NA,1983,"Non-observed Stimulus Exposure","wlc","n","ind","ind",3,"multiple","us","yadul",23.13,0.74,"com","Heights","Natural environment","Applied Relaxation",NA,NA,"CSE-AR","adul","yes","no",NA,NA,NA,NA,0,NA,NA,NA,NA,NA,NA,NA,"Pendleton, M. G., & Higgins, R. L. (1983). A comparison of negative practice and systematic desensitization in the treatment of acrophobia. J Behav Ther Exp Psychiatry, 14(4), 317-323. doi:10.1016/0005-7916(83)90074-5","Pendleton_1983_otherstat_AQ_post_NA_self-report_Desentization_wlc_Desentization_wlc","A - Western",3
"45","Pendleton, 1983","Pendleton_1983_otherstat_AQ_post_NA_self-report_Relaxation_wlc_Relaxation_wlc",0.7376948,0.277398,"Relaxation","wlc","USA","H","Relaxation","wlc","Relaxation only","wlc","other stat","AQ","post",NA,NA,NA,NA,NA,NA,NA,NA,NA,NA,NA,NA,NA,NA,NA,NA,NA,NA,NA,NA,NA,NA,NA,NA,0.7376948,0.277398,NA,"self-report",NA,NA,NA,1983,"Other Therapy","wlc","n","ind","ind",3,"multiple","us","yadul",23.13,0.74,"com","Heights","Natural environment","Applied Relaxation",NA,NA,"OT-AR","adul","no","no",NA,NA,NA,NA,0,NA,NA,NA,NA,NA,NA,NA,"Pendleton, M. G., & Higgins, R. L. (1983). A comparison of negative practice and systematic desensitization in the treatment of acrophobia. J Behav Ther Exp Psychiatry, 14(4), 317-323. doi:10.1016/0005-7916(83)90074-5","Pendleton_1983_otherstat_AQ_post_NA_self-report_Relaxation_wlc_Relaxation_wlc","A - Western",3
"46","Powers, 2004","Powers_2004_msd_CLQ_post_NA_self-report_Exposure_wlc_Exposure_wlc",0.7094683965,0.3657417489,"Exposure","wlc","USA","H","Exposure","wlc","Exposure only","wlc","msd","CLQ","post",29.88,18.3,17,41.6,13.15,15,54.06,15.99,17,49.27,11.82,15,NA,NA,NA,NA,NA,NA,NA,NA,NA,NA,NA,NA,NA,NA,NA,"self-report",NA,NA,NA,2004,"Observed Stimulus Exposure","wlc","n","ind","ind",1,"single","us","yadul",21.06,0.86,"com","Claustro","Situational","In Vivo",NA,NA,"OSE-IV","adul","yes","yes no dropout",NA,NA,NA,NA,0,NA,NA,NA,NA,NA,NA,NA,"Powers, M. B., Smits, J. A., & Telch, M. J. (2004). Disentangling the effects of safety-behavior utilization and safety-behavior availability during exposure-based treatment: a placebo-controlled trial. J Consult Clin Psychol, 72(3), 448-454. doi:10.1037/0022-006x.72.3.448","Powers_2004_msd_CLQ_post_NA_self-report_Exposure_wlc_Exposure_wlc","A - Western",1
"47","Powers, 2004","Powers_2004_msd_CLQ_post_NA_self-report_Exposure_wlc_Exposure(SBA)_wlc",0.3045445696,0.3993464409,"Exposure","wlc","USA","H","Exposure (SBA)","wlc","Exposure with safety-behaviour available (SBA)","wlc","msd","CLQ","post",36.64,18.84,11,41.6,13.15,15,47.36,36.64,30,49.27,11.82,15,NA,NA,NA,NA,NA,NA,NA,NA,NA,NA,NA,NA,NA,NA,NA,"self-report",NA,NA,NA,2004,"Observed Stimulus Exposure","wlc","n","ind","ind",1,"single","us","yadul",21.06,0.86,"com","Claustro","Situational","In Vivo","Safety Behavior Utilized",NA,"OSE-IV-US","adul","yes","yes no dropout",NA,NA,NA,NA,0,NA,NA,NA,NA,NA,NA,NA,"Powers, M. B., Smits, J. A., & Telch, M. J. (2004). Disentangling the effects of safety-behavior utilization and safety-behavior availability during exposure-based treatment: a placebo-controlled trial. J Consult Clin Psychol, 72(3), 448-454. doi:10.1037/0022-006x.72.3.448","Powers_2004_msd_CLQ_post_NA_self-report_Exposure_wlc_Exposure(SBA)_wlc","A - Western",1
"48","Powers, 2004","Powers_2004_msd_CLQ_post_NA_self-report_Exposure_wlc_Exposure(SBU)_wlc",0.2903318444,0.3613862661,"Exposure","wlc","USA","H","Exposure (SBU)","wlc","Exposure with safety-behaviour utilization (SBU)","wlc","msd","CLQ","post",36.63,19.39,16,41.6,13.15,15,46.44,13.71,16,49.27,11.82,15,NA,NA,NA,NA,NA,NA,NA,NA,NA,NA,NA,NA,NA,NA,NA,"self-report",NA,NA,NA,2004,"Observed Stimulus Exposure","wlc","n","ind","ind",1,"single","us","yadul",21.06,0.86,"com","Claustro","Situational","In Vivo","Satefy Behavior Available",NA,"OSE-IV-US","adul","yes","yes no dropout",NA,NA,NA,NA,0,NA,NA,NA,NA,NA,NA,NA,"Powers, M. B., Smits, J. A., & Telch, M. J. (2004). Disentangling the effects of safety-behavior utilization and safety-behavior availability during exposure-based treatment: a placebo-controlled trial. J Consult Clin Psychol, 72(3), 448-454. doi:10.1037/0022-006x.72.3.448","Powers_2004_msd_CLQ_post_NA_self-report_Exposure_wlc_Exposure(SBU)_wlc","A - Western",1
"49","Riddle-Walker, 2016","Riddle-Walker_2016_msd_EQ_post_NA_self-report_CBT_wlc_NA_NA",1.470010461,0.4636368739,"CBT","wlc","USA","H",NA,NA,"CBT","wlc","msd","EQ","post",35.17,12.42,12,51.67,8.98,12,48.33,8.33,12,52.57,6.8,12,NA,NA,NA,NA,NA,NA,NA,NA,NA,NA,NA,NA,NA,NA,NA,"self-report",NA,NA,NA,2016,"Observed Stimulus Exposure","wlc","n","ind","ind",12,"multiple","us","adul",33.05,0.95,"com","Vomiting",NA,"In Vivo","Cognitive Behavioral Therapy",NA,"OSE-IV-CBT","adul","yes","yes no dropout",NA,NA,NA,NA,0,NA,NA,NA,NA,NA,NA,NA,"Riddle-Walker, L., Veale, D., Chapman, C., Ogle, F., Rosko, D., Najmi, S., . . . Hicks, T. (2016). Cognitive behaviour therapy for specific phobia of vomiting (Emetophobia): A pilot randomized controlled trial. J Anxiety Disord, 43, 14-22. doi:10.1016/j.janxdis.2016.07.005","Riddle-Walker_2016_msd_EQ_post_NA_self-report_CBT_wlc_NA_NA","A - Western",12
"50","Rothbaum, 1995","Rothbaum_1995_msd_AQ_post_NA_self-report_Exposure_wlc_NA_NA",2.554874022,0.6752476523,"Exposure","wlc","USA","H",NA,NA,"Virtual Reality Exposure","wlc","msd","AQ","post",20.3,13.2,10,62.9,19.1,7,70.9,34.4,12,70,17.7,8,NA,NA,NA,NA,NA,NA,NA,NA,NA,NA,NA,NA,NA,NA,NA,"self-report",NA,NA,NA,1995,"Observed Stimulus Exposure","wlc","n","ind","VR",7,"multiple","us","yadul",20,0.4,"com","Heights","Natural environment","Tech Enabled","Virtual Reality",NA,"OSE-TE-VR","adul","yes","no",NA,NA,NA,NA,0,NA,NA,NA,NA,NA,NA,NA,"Rothbaum, B. O., Hodges, L. F., Kooper, R., Opdyke, D., Williford, J. S., & North, M. (1995). Effectiveness of computer-generated (virtual reality) graded exposure in the treatment of acrophobia. Am J Psychiatry, 152(4), 626-628. doi:10.1176/ajp.152.4.626","Rothbaum_1995_msd_AQ_post_NA_self-report_Exposure_wlc_NA_NA","A - Western",7
"51","Rothbaum, 2000","Rothbaum_2000_msd_FFI_post_NA_self-report_CBT_wlc_CBT(VR)_wlc",0.6280687039,0.3745372631,"CBT","wlc","USA","H","CBT (VR)","wlc","Virtual Reality Exposure","wlc","msd","FFI","post",86.14,37.4,15,118.8,61,15,105.85,35.91,15,119.52,50.51,15,NA,NA,NA,NA,NA,NA,NA,NA,NA,NA,NA,NA,NA,NA,NA,"self-report",NA,NA,NA,2000,"Observed Stimulus Exposure","wlc","n","ind","ind",8,"multiple","us","adul",40.55,0.71,"com","Flying","Situational","Tech Enabled","Virtual Reality","Cognitive Behavioral Therapy","OSE-TE-VR-CBT","adul","yes","no",NA,NA,NA,NA,0,NA,NA,NA,NA,NA,NA,NA,"Rothbaum, B. O., Hodges, L., Smith, S., Lee, J. H., & Price, L. (2000). A controlled study of virtual reality exposure therapy for the fear of flying. J Consult Clin Psychol, 68(6), 1020-1026. doi:10.1037//0022-006x.68.6.1020","Rothbaum_2000_msd_FFI_post_NA_self-report_CBT_wlc_CBT(VR)_wlc","A - Western",8
"52","Rothbaum, 2000","Rothbaum_2000_msd_FFI_post_NA_self-report_CBT_wlc_CBT(invivo)_wlc",0.5796374375,0.3731600267,"CBT","wlc","USA","H","CBT (in vivo)","wlc","CBT","wlc","msd","FFI","post",87.53,42.3,15,118.8,61,15,133.3,42,15,119.52,50.51,15,NA,NA,NA,NA,NA,NA,NA,NA,NA,NA,NA,NA,NA,NA,NA,"self-report",NA,NA,NA,2000,"Observed Stimulus Exposure","wlc","n","ind","ind",8,"multiple","us","adul",40.55,0.71,"com","Flying","Situational","In Vivo","Cognitive Behavioral Therapy",NA,"OSE-IV-CBT","adul","yes","no",NA,NA,NA,NA,0,NA,NA,NA,NA,NA,NA,NA,"Rothbaum, B. O., Hodges, L., Smith, S., Lee, J. H., & Price, L. (2000). A controlled study of virtual reality exposure therapy for the fear of flying. J Consult Clin Psychol, 68(6), 1020-1026. doi:10.1037//0022-006x.68.6.1020","Rothbaum_2000_msd_FFI_post_NA_self-report_CBT_wlc_CBT(invivo)_wlc","A - Western",8
"53","Rothbaum, 2006","Rothbaum_2006_msd_FFI_post_NA_self-report_CBT_wlc_CBT(VR)_wlc",0.4705055671,0.2767548778,"CBT","wlc","USA","H","CBT (VR)","wlc","Virtual Reality Exposure","wlc","msd","FFI","post",103.69,49.35,29,126.96,48.02,25,120.38,44.24,29,112.5,36.76,25,NA,NA,NA,NA,NA,NA,NA,NA,NA,NA,NA,NA,NA,NA,NA,"self-report",NA,NA,NA,2006,"Observed Stimulus Exposure","wlc","n","ind","ind",8,"multiple","us","adul",40.23,0.81,"com","Flying","Situational","Tech Enabled","Virtual Reality","Cognitive Behavioral Therapy","OSE-TE-VR-CBT","adul","yes","yes",NA,NA,NA,NA,0,NA,NA,NA,NA,NA,NA,NA,"Rothbaum, B. O., Anderson, P., Zimand, E., Hodges, L., Lang, D., & Wilson, J. (2006). Virtual reality exposure therapy and standard (in vivo) exposure therapy in the treatment of fear of flying. Behav Ther, 37(1), 80-90. doi:10.1016/j.beth.2005.04.004","Rothbaum_2006_msd_FFI_post_NA_self-report_CBT_wlc_CBT(VR)_wlc","A - Western",8
"54","Rothbaum, 2006","Rothbaum_2006_msd_FFI_post_NA_self-report_CBT_wlc_CBT(invivo)_wlc",0.5748490899,0.2786272572,"CBT","wlc","USA","H","CBT (in vivo)","wlc","CBT","wlc","msd","FFI","post",100.34,43.49,29,126.96,48.02,25,116.79,57.74,29,112.5,36.76,25,NA,NA,NA,NA,NA,NA,NA,NA,NA,NA,NA,NA,NA,NA,NA,"self-report",NA,NA,NA,2006,"Observed Stimulus Exposure","wlc","n","ind","ind",8,"multiple","us","adul",40.23,0.81,"com","Flying","Situational","In Vivo","Cognitive Behavioral Therapy",NA,"OSE-IV-CBT","adul","yes","yes",NA,NA,NA,NA,0,NA,NA,NA,NA,NA,NA,NA,"Rothbaum, B. O., Anderson, P., Zimand, E., Hodges, L., Lang, D., & Wilson, J. (2006). Virtual reality exposure therapy and standard (in vivo) exposure therapy in the treatment of fear of flying. Behav Ther, 37(1), 80-90. doi:10.1016/j.beth.2005.04.004","Rothbaum_2006_msd_FFI_post_NA_self-report_CBT_wlc_CBT(invivo)_wlc","A - Western",8
"55","Tellez, 2015","Tellez_2015_msd_MDAS_post_NA_self-report_Exposure_wlc_NA_NA",0.3674905789,0.1641714148,"Exposure","wlc","USA","H",NA,NA,"Computer (videos)","wlc","msd","MDAS","post",15.4,6.37,74,17.6,5.53,77,19.5,2.92,74,19.6,2.63,77,NA,NA,NA,NA,NA,NA,NA,NA,NA,NA,NA,NA,NA,NA,NA,"self-report",NA,NA,NA,2015,"Observed Stimulus Exposure","wlc","n","ind","ind",1,"single","us","adul",44.7,0.62,"clin","Dental","Blood-injection-injury","Tech Enabled","Video",NA,"OSE-TE-VD","adul","yes","yes",NA,NA,NA,NA,0,NA,NA,NA,NA,NA,NA,NA,"Tellez, M., Potter, C. M., Kinner, D. G., Jensen, D., Waldron, E., Heimberg, R. G., . . . Ismail, A. I. (2015). Computerized Tool to Manage Dental Anxiety: A Randomized Clinical Trial. J Dent Res, 94(9 Suppl), 174s-180s. doi:10.1177/0022034515598134","Tellez_2015_msd_MDAS_post_NA_self-report_Exposure_wlc_NA_NA","A - Western",1
"56","van Gerwen, 2006","vanGerwen_2006_msd_FAS_post_NA_self-report_CBT_wlc_CBT_wlc",3.164708113,0.3395232068,"CBT","wlc","Netherlands","H","CBT","wlc","Group cbt","wlc","msd","FAS","post",10.3,10.72,50,72.19,28.29,31,66.18,20.78,50,74.29,25.27,31,NA,NA,NA,NA,NA,NA,NA,NA,NA,NA,NA,NA,NA,NA,NA,"self-report",NA,NA,NA,2006,"Observed Stimulus Exposure","wlc","n","grp","grp",2,"multiple","eu","adul",39.84,0.69,"oth","Flying","Situational","In Vivo","Cognitive Behavioral Therapy","Group","OSE-IV-CBT","adul","yes","no",NA,NA,NA,NA,0,NA,NA,NA,NA,NA,NA,NA,"Van Gerwen, L. J., Spinhoven, P., & Van Dyck, R. (2006). Behavioral and cognitive group treatment for fear of flying: a randomized controlled trial. J Behav Ther Exp Psychiatry, 37(4), 358-371. doi:10.1016/j.jbtep.2006.05.002","vanGerwen_2006_msd_FAS_post_NA_self-report_CBT_wlc_CBT_wlc","A - Western",2
"57","van Gerwen, 2006","vanGerwen_2006_msd_FAS_post_NA_self-report_Exposure_wlc_Exposure_wlc",2.215417288,0.2883405054,"Exposure","wlc","Netherlands","H","Exposure","wlc","Behavioral group treatment","wlc","msd","FAS","post",21.72,18.19,50,72.19,28.29,31,70.8,21.12,50,74.29,25.27,31,NA,NA,NA,NA,NA,NA,NA,NA,NA,NA,NA,NA,NA,NA,NA,"self-report",NA,NA,NA,2006,"Observed Stimulus Exposure","wlc","n","grp","grp",1,"single","eu","adul",39.84,0.69,"oth","Flying","Situational","In Vivo","Performance Focus only",NA,"OSE-IV-US","adul","yes","no",NA,NA,NA,NA,0,NA,NA,NA,NA,NA,NA,NA,"Van Gerwen, L. J., Spinhoven, P., & Van Dyck, R. (2006). Behavioral and cognitive group treatment for fear of flying: a randomized controlled trial. J Behav Ther Exp Psychiatry, 37(4), 358-371. doi:10.1016/j.jbtep.2006.05.002","vanGerwen_2006_msd_FAS_post_NA_self-report_Exposure_wlc_Exposure_wlc","A - Western",1
"58","Williams, 1985","Williams_1985_msd_PAS_post_NA_self-report_Exposure_wlc_Exposure(performancedesensitization)_wlc",1.137685844,0.4335182478,"Exposure","wlc","USA","H","Exposure (performance desensitization)","wlc","Performance desentization treatment","wlc","msd","PAS","post",3.5,1.7,12,5.5,1.7,13,5.7,2.1,12,6.2,1.6,13,NA,NA,NA,NA,NA,NA,NA,NA,NA,NA,NA,NA,NA,NA,NA,"self-report",NA,NA,NA,1985,"Observed Stimulus Exposure","wlc","n","ind","ind",2,"multiple","us","adul",44,0.58,"com","Heights","Natural environment","In Vivo","Applied Relaxation",NA,"OSE-IV-AR","adul","yes","no",NA,NA,NA,NA,0,NA,NA,NA,NA,NA,NA,NA,"Williams, S. L., Turner, S. M., & Peer, D. F. (1985). Guided mastery and performance desensitization treatments for severe acrophobia. Journal of Consulting and Clinical Psychology, 53, 237-247. doi:10.1037/0022-006X.53.2.237","Williams_1985_msd_PAS_post_NA_self-report_Exposure_wlc_Exposure(performancedesensitization)_wlc","A - Western",2
"59","Williams, 1985","Williams_1985_msd_PAS_post_NA_self-report_Exposure_wlc_Exposure(guidedmastery)_wlc",0.9198182873,0.413757257,"Exposure","wlc","USA","H","Exposure (guided mastery)","wlc","Guided mastery treatment","wlc","msd","PAS","post",3.3,2.8,13,5.5,1.7,13,5.6,2.4,13,6.2,1.6,13,NA,NA,NA,NA,NA,NA,NA,NA,NA,NA,NA,NA,NA,NA,NA,"self-report",NA,NA,NA,1985,"Observed Stimulus Exposure","wlc","n","ind","ind",2,"multiple","us","adul",44,0.58,"com","Heights","Natural environment","In Vivo","Applied Relaxation",NA,"OSE-IV-US","adul","yes","no",NA,NA,NA,NA,0,NA,NA,NA,NA,NA,NA,NA,"Williams, S. L., Turner, S. M., & Peer, D. F. (1985). Guided mastery and performance desensitization treatments for severe acrophobia. Journal of Consulting and Clinical Psychology, 53, 237-247. doi:10.1037/0022-006X.53.2.237","Williams_1985_msd_PAS_post_NA_self-report_Exposure_wlc_Exposure(guidedmastery)_wlc","A - Western",2
"60","Wolitzky, 2009","Wolitzky_2009_msd_AQ_post_NA_self-report_Exposure_wlc_Exposure_wlc",0.9059836958,0.370930679,"Exposure","wlc","USA","H","Exposure","wlc","Exposure","wlc","msd","AQ","post",45.63,19.38,28,61.64,9.73,11,57.62,14.44,24,56.27,14.45,11,NA,NA,NA,NA,NA,NA,NA,NA,NA,NA,NA,NA,NA,NA,NA,"self-report",NA,NA,NA,2009,"Observed Stimulus Exposure","wlc","n","ind","ind",1,"single","us","adul",20.08,0.69,"com","Heights","Natural environment","In Vivo",NA,NA,"OSE-IV","adul","yes","no",NA,NA,NA,NA,0,NA,NA,NA,NA,NA,NA,NA,"Wolitzky, K. B., & Telch, M. J. (2009). Augmenting in vivo exposure with fear antagonistic actions: a preliminary test. Behav Ther, 40(1), 57-71. doi:10.1016/j.beth.2007.12.006","Wolitzky_2009_msd_AQ_post_NA_self-report_Exposure_wlc_Exposure_wlc","A - Western",1
"61","Wolitzky, 2009","Wolitzky_2009_msd_AQ_post_NA_self-report_Exposure_wlc_Exposure+oppositionalactions_wlc",1.834312044,0.4142181434,"Exposure","wlc","USA","H","Exposure + oppositional actions","wlc","Exposure + oppositional actions","wlc","msd","AQ","post",34.44,15.94,28,61.64,9.73,11,62.39,13.67,28,56.27,14.45,11,NA,NA,NA,NA,NA,NA,NA,NA,NA,NA,NA,NA,NA,NA,NA,"self-report",NA,NA,NA,2009,"Observed Stimulus Exposure","wlc","n","ind","ind",1,"single","us","adul",20.08,0.69,"com","Heights","Natural environment","In Vivo","Oppositional Action",NA,"OSE-IV-US","adul","yes","no",NA,NA,NA,NA,0,NA,NA,NA,NA,NA,NA,NA,"Wolitzky, K. B., & Telch, M. J. (2009). Augmenting in vivo exposure with fear antagonistic actions: a preliminary test. Behav Ther, 40(1), 57-71. doi:10.1016/j.beth.2007.12.006","Wolitzky_2009_msd_AQ_post_NA_self-report_Exposure_wlc_Exposure+oppositionalactions_wlc","A - Western",1
