"","study",".id",".g",".g_se","condition_arm1","condition_arm2","country_origin","income","id","rob","direct","multi_arm1","multi_arm2","descr_arm1","descr_arm2","country","disorder","dsm_icd","disorder_suic","recruitment","target_group","percent_women","mean_age","age_group","setting","format","duration_arm1","n_sessions_arm1","instrument","time_weeks","mean_arm1","mean_arm2","sd_arm1","sd_arm2","n_arm1","n_arm2","attempts","dichotomised.ideation","si_event_arm1","si_event_arm2","si_n_arm1","si_n_arm2","mean_change_arm1","mean_change_arm2","sd_change_arm1","sd_change_arm2","n_change_arm1","n_change_arm2","precalc_g","precalc_g_se","suicides_arm1","suicides_arm2","baseline_m_arm1","baseline_m_arm2","baseline_sd_arm1","baseline_sd_arm2","rob_1","rob_2","rob_4_at","rob_4","rob_3","rob_5","rob_total","rob_total_at","notes","full_reference","totaln_arm1","totaln_arm2","event_arm1","event_arm2",".log_rr",".log_rr_se",".event_arm1",".event_arm2",".totaln_arm1",".totaln_arm2","year","rob.1","culture"
"1","Andreasson 2016","Andreasson2016_BSS_28_dbt_cams_NA_NA",-0.161084542397004,0.193063605482168,"dbt","cams","Denmark","H","Andreasson 2016",0,NA,NA,NA,NA,NA,"eu","bpd + suic","bpd","suic","oth","1",741,31.69,"adult","outpatient","Individual and group","16",32,"BSS","28",5.6,4.1,9.81,8.57,57,51,"Yes",NA,NA,NA,NA,NA,NA,NA,NA,NA,NA,NA,NA,NA,NA,NA,22.5,25.2,3.6,3.6,"1","1",0,"2","0","0","0",0,NA,"Andreasson, K., Krogh, J., Wenneberg, C., Jessen, H. K., Krakauer, K., Gluud, C., Thomsen, R. R., Randers, L., & Nordentoft, M. (2016). EFFECTIVENESS OF DIALECTICAL BEHAVIOR THERAPY VERSUS COLLABORATIVE ASSESSMENT AND MANAGEMENT OF SUICIDALITY TREATMENT FOR REDUCTION OF SELF-HARM IN ADULTS WITH BORDERLINE PERSONALITY TRAITS AND DISORDER-A RANDOMIZED OBSERVER-BLINDED CLINICAL TRIAL. Depression and anxiety, 33(6), 520–530. https://doi.org/10.1002/da.22472",NA,NA,NA,NA,NA,NA,NA,NA,NA,NA,2016,"0","A - Western"
"2","Ardashir 2018","Ardashir2018_BSS_5_cbt_cau_NA_NA",2.16004560814976,0.400887578748478,"cbt","cau","Iran","UM","Ardashir 2018",0,"yes",NA,NA,NA,NA,"oth","dep + suic","dep","suic","clin","1",0.5,29.17,"adult","inpatient","Group","4",8,"BSS","5",6.75,17.35,2.82,6.19,20,20,"No",NA,NA,NA,NA,NA,NA,NA,NA,NA,NA,NA,NA,NA,NA,NA,28.95,22.85,NA,NA,"0.5","0.5",NA,"2","1","0.5","0",NA,"cond_arm2 was medication","Afrasiabifar, Ardashir & Hosseini, Nazafarin & Haghgoo, Amin. (2018). The Effects of Group Cognitive Behavior Therapy (GCBT) on Suicidal Thoughts in Patients with Major Depression. World Family Medicine Journal/Middle East Journal of Family Medicine. 16. 228-235. 10.5742/MEWFM.2018.93293.",NA,NA,NA,NA,NA,NA,NA,NA,NA,NA,2018,"0","B - Non-Western"
"3","Arnevik 2009","Arnevik2009_self-report_34_other_ecau_NA_NA",-0.0403696356092706,0.220512017026667,"other","ecau","Norway","H","Arnevik 2009",0,"no",NA,NA,"a specific intensive group programme","individual psychotherapy","eu","mixed","mixed","other","clin","1",0.74,31,"adult","outpatient","Group","18",NA,"self-report","34",NA,NA,NA,NA,60,54,"Yes","dichotomised ideation",25,19,58,46,NA,NA,NA,NA,NA,NA,NA,NA,NA,NA,NA,NA,NA,NA,"0.5","0.5",0.5,"0.5","0","0.5","0",0,NA,"Arnevik, E., Wilberg, T., Urnes, O., Johansen, M., Monsen, J. T., & Karterud,S. (2009). Psychotherapy for personality disorders: short-term day hospital psychotherapy versus outpatient individual therapy - a randomized controlled study. European psychiatry : the journal of the Association of European Psychiatrists, 24(2), 71–78. https://doi.org/10.1016/j.eurpsy.2008.09.004",58,46,25,19,0.042635231644436,0.231627004475387,25,19,58,46,2009,"0","A - Western"
"4","Ayar 2020","Ayar2020_SPS_1weekafterinterventionended_pst_cau_NA_NA",0.59984190075557,0.25979235144552,"pst","cau","Turkey","UM","Ayar 2020",0,"no",NA,NA,NA,NA,"oth","dep","dep","other","clin","Depressive persons undergoing inpatient treatment, diagnosed with depressive disorder and recurrent depressive disorder at least 6 months ago, between 18 and 60 years old, a Beck Depression Inventory (BDI) score between 30 and 45 and literate",0.4838,39.9,"adult","inpatient","individual","22",6,"SPS","1 week after intervention ended",67.48,76.26,13.29,15.53,31,31,"No",NA,NA,NA,NA,NA,NA,NA,NA,NA,NA,NA,NA,NA,NA,NA,77,77.03,13.84,17.15,"Some","High",NA,"High","Some","Some","High",NA,NA,"Ayar, D., & Sabanciogullari, S. (2021). The effect of a solution‐oriented approach in depressive patients on social functioning levels and suicide probability. Perspectives in psychiatric care, 57(1), 235-245.",NA,NA,NA,NA,NA,NA,NA,NA,NA,NA,2020,"High","B - Non-Western"
"5","Bannan 2010","Bannan2010_BSS_8_pst_cau_NA_NA",0.748080409406563,0.489245047371146,"pst","cau","Ireland","H","Bannan 2010",0,"no",NA,NA,NA,NA,"eu","suic","suic","suic","oth","1",1,29.78,"adult","outpatient","Group","8",8,"BSS","8",5.8,12.6,8.3,9,9,9,"No",NA,NA,NA,NA,NA,NA,NA,NA,NA,NA,NA,NA,NA,NA,NA,12.1,15.8,6.3,8.8,"1","1",NA,"2","0","0.5","0",NA,NA,"Bannan, Noreen, (2010), Group-based problem-solving therapy in self- poisoning females: A pilot study. Counselling and Psychotherapy Research, 10 doi: 10.1080/14733140903337292.",NA,NA,NA,NA,NA,NA,NA,NA,NA,NA,2010,"0","A - Western"
"6","Barnes 2021","Barnes2021_C-SSRS_13_other_cau_NA_NA",0.630587269738407,0.245045076414171,"other","cau","USA","H","Barnes 2021",0,"yes",NA,NA,"acceptance and commitment therapy (ACT)",NA,"usa","suic","suic","suic","clin","who were admitted to a Secretary of Veteran Health Affairs (VHA) psychiatric inpatient unit at an urban VA (Veterran Affairs) medical center due to risk of suicide, per patients’ admission notes. Potential participants were referred by their inpatient treatment teams and screened for eligibility.",18.6,47,"adult","inpatient","individual + group",NA,3,"C-SSRS","13",3.52,8.11,6.1,8.15,35,35,"Yes",NA,NA,NA,NA,NA,NA,NA,NA,NA,NA,NA,NA,NA,NA,NA,15.37,16.12,5.89,5.91,"Low","Low",NA,"Low","High","Some","High",NA,NA,"Barnes, S. M., Borges, L. M., Smith, G. P., Walser, R. D., Forster, J. E., & Bahraini, N. H. (2021). Acceptance and commitment therapy to promote recovery from suicidal crises: A randomized controlled acceptability and feasibility trial of ACT for life. Journal of Contextual Behavioral Science, 20, 35-45.",NA,NA,NA,NA,NA,NA,NA,NA,NA,NA,2021,"High","A - Western"
"7","Barnhofer 2009","Barnhofer2009_BSS_8_mbct_wl_NA_NA",0.572140943554361,0.367060024265915,"mbct","wl","United Kingdom","H","Barnhofer 2009",0,"yes",NA,NA,"mindfulness-based",NA,"uk","dep + suic","dep","suic","oth","1",0.6786,41.93,"adult","outpatient","Group","8",8,"BSS","8",1.14,2.42,1.79,2.53,16,15,"No",NA,NA,NA,NA,NA,NA,NA,NA,NA,NA,NA,NA,NA,NA,NA,2.21,2.78,2.45,2.08,"1","1",NA,"2","0","0.5","0",NA,NA,"Barnhofer, T., Crane, C., Hargus, E., Amarasinghe, M., Winder, R., & Williams, J. M. (2009). Mindfulness-based cognitive therapy as a treatment for chronic depression: A preliminary study. Behaviour research and therapy, 47(5), 366–373. https://doi.org/10.1016/j.brat.2009.01.019",NA,NA,NA,NA,NA,NA,NA,NA,NA,NA,2009,"0","A - Western"
"8","Bentley 2017","Bentley2017_BSS_0.5_other_cau_NA_NA",-0.199117814819288,0.579026885561602,"other","cau","USA","H","Bentley 2017",0,"yes",NA,NA,NA,NA,"usa","suic","suic","suic","clin","1",0.17,44,"adult","inpatient","Individual","0.5",5,"BSS","0.5",6.29,5.5,3.79,3.53,6,6,"Yes",NA,NA,NA,NA,NA,NA,NA,NA,NA,NA,NA,NA,NA,NA,NA,17.2,15,3.11,2.82,"0.5","0.5",2,"2","0","0.5","0",0,NA,"Bentley, K. H., Sauer-Zavala, S., Cassiello-Robbins, C. F., Conklin, L. R., Vento, S., & Homer, D. (2017). Treating Suicidal Thoughts and Behaviors Within an Emotional Disorders Framework: Acceptability and Feasibility of the Unified Protocol in an Inpatient Setting. Behavior modification, 41(4), 529–557. https://doi.org/10.1177/0145445516689661",NA,NA,NA,NA,NA,NA,NA,NA,NA,NA,2017,"0","A - Western"
"9","Blomdahl 2018","Blomdahl2018_BSS_10_other_cau_NA_NA",-0.113354509619955,0.226089648306035,"other","cau","Sweden","H","Blomdahl 2018",0,"no",NA,NA,NA,NA,"eu","dep","dep","other","oth","1",0.7087,40.5,"adult","outpatient","Individual","10",10,"BSS","10",12.1,10.8,11.8,10.8,43,36,"No",NA,NA,NA,NA,NA,NA,NA,NA,NA,NA,NA,NA,NA,NA,NA,12.2,10.09,11.9,10.8,"1","1",NA,"0.5","1","0.5","0",NA,NA,"Blomdahl, C., Guregård, S., Rusner, M., & Wijk, H. (2018). A manual-based phenomenological art therapy for individuals diagnosed with moderate to severe depression (PATd): A randomized controlled study. Psychiatric rehabilitation journal, 41(3), 169–182. https://doi.org/10.1037/prj0000300",NA,NA,NA,NA,NA,NA,NA,NA,NA,NA,2018,"0","A - Western"
"10","Brenner 2018","Brenner2018_BSS_10_cbt_wl_NA_NA",0.638042554704163,0.350368608487532,"cbt","wl","Australia","H","Brenner 2018",0,"no",NA,NA,NA,NA,"au","hopelessness","hopelessness","other","com","2",57,51.64,"adult","outpatient","Small Groups (1 therapist, 2 patients)","10",10,"BSS","10",2,5.8,3.9,6.9,15,20,"No",NA,NA,NA,NA,NA,NA,NA,NA,NA,NA,NA,NA,NA,NA,NA,5,4.8,5.8,5.5,"1","1",NA,"1","0","1","0",NA,"traumatic brain injury, cond_1 was mixed","Brenner, L. A., Forster, J. E., Hoffberg, A. S., Matarazzo, B. B., Hostetter, T. A., Signoracci, G., & Simpson, G. K. (2018). Window to Hope: A Randomized Controlled Trial of a Psychological Intervention for the Treatment of Hopelessness Among Veterans With Moderate to Severe Traumatic Brain Injury. The Journal of head trauma rehabilitation, 33(2), E64–E73. https://doi.org/10.1097/HTR.0000000000000351",NA,NA,NA,NA,NA,NA,NA,NA,NA,NA,2018,"0","A - Western"
"11","Britton 2020","Britton2020_BSS_4_dyn_cau_MI-SI_cau",-0.364388132382477,0.24570291296308,"dyn","cau","USA","H","Britton 2020a",0,"yes","MI-SI","cau",NA,NA,"usa","suic","suic","suic","clin","(i) U.S. military veteran status, (ii) admitted to the unit, (iii) 18 years of age, (iv) English speaking, (v) able to provide informed consent, (vi) cleared to participate by attending psychiatrist, (vii) receive health care from a VHA facility in upstate NY, and (viii) clinically significant suicidal ideation, defined as a score > 2 on the SSI",0.1061,45.64,"adult","inpatient","individual","1 month",3,"BSS","4",16.94,14.21,9.05,6.62,24,56,"Yes",NA,NA,NA,NA,NA,NA,NA,NA,NA,NA,NA,NA,NA,NA,NA,23.27,20.54,8.33,8.64,"Some concerns","High",NA,"High","High","Some concerns","High",NA,"attempts measured with C-SSRS","Britton, P. C., Conner, K. R., Chapman, B. P., & Maisto, S. A. (2020). Motivational interviewing to address suicidal ideation: A randomized controlled trial in veterans. Suicide and Life‐Threatening Behavior, 50(1), 233-248.",NA,NA,NA,NA,NA,NA,NA,NA,NA,NA,2020,"High","A - Western"
"12","Britton 2020","Britton2020_BSS_4_dyn_cau_MI-SI-R_cau",-0.00639720305054842,0.2342956061681,"dyn","cau","USA","H","Britton 2020b",0,"yes","MI-SI-R","cau",NA,NA,"usa","suic","suic","suic","clin","(i) U.S. military veteran status, (ii) admitted to the unit, (iii) 18 years of age, (iv) English speaking, (v) able to provide informed consent, (vi) cleared to participate by attending psychiatrist, (vii) receive health care from a VHA facility in upstate NY, and (viii) clinically significant suicidal ideation, defined as a score > 2 on the SSI",0.1061,45.64,"adult","inpatient","individual","1 month",3,"BSS","4",14.26,14.21,9.7,6.62,27,56,"Yes",NA,NA,NA,NA,NA,NA,NA,NA,NA,NA,NA,NA,NA,NA,NA,20.06,20.54,7.73,8.64,NA,NA,NA,NA,NA,NA,NA,NA,"attempts measured with C-SSRS","Britton, P. C., Conner, K. R., Chapman, B. P., & Maisto, S. A. (2020). Motivational interviewing to address suicidal ideation: A randomized controlled trial in veterans. Suicide and Life‐Threatening Behavior, 50(1), 233-248.",NA,NA,NA,NA,NA,NA,NA,NA,NA,NA,2020,NA,"A - Western"
"13","Brown 2005","Brown2005_BSS_26_cbt_ecau_NA_NA",0.186999597005283,0.246516714702242,"cbt","ecau","USA","H","Brown 2005",0,"yes",NA,NA,NA,NA,"usa","suic","suic","suic","oth","1",0.61,35,"adult","outpatient","Individual","15",10,"BSS","26",NA,NA,NA,NA,60,60,"Yes","dichotomised ideation",12,16,50,52,NA,NA,NA,NA,NA,NA,NA,NA,NA,NA,NA,NA,NA,NA,"1","1",0,"0","1","0","0",0,"time_weeks = 26 ideation and 78 for attempts)","Brown, G. K., Ten Have, T., Henriques, G. R., Xie, S. X., Hollander, J. E., & Beck, A. T. (2005). Cognitive therapy for the prevention of suicide attempts: a randomized controlled trial. JAMA, 294(5), 563–570. https://doi.org/10.1001/jama.294.5.563",50,52,12,16,-0.2484613592985,0.326500481014292,12,16,50,52,2005,"0","A - Western"
"14","Bryan 2017","Bryan2017_BSS_4_spi_ecau_spi_ecau",0.305617989236732,0.251491072998243,"spi","ecau","USA","H","Bryan 2017a",0,"yes","spi","ecau","Standard Crisis Response Plan","ecau including contract for safety","usa","suic","suic","suic","clin","2",0.22,26.1,"adult","inpatient","Individual",NA,7,"BSS","4",5.3,8,6.8,10.3,32,32,"Yes",NA,NA,NA,NA,NA,NA,NA,NA,NA,NA,NA,NA,NA,NA,NA,NA,NA,NA,NA,"1","0.5",1,"1","1","1","0.5",0.5,NA,"Bryan, C. J., Mintz, J., Clemans, T. A., Leeson, B., Burch, T. S., Williams, S. R., Maney, E., & Rudd, M. D. (2017). Effect of crisis response planning vs. contracts for safety on suicide risk in U.S. Army Soldiers: A randomized clinical trial. Journal of affective disorders, 212, 64–72. https://doi.org/10.1016/j.jad.2017.01.028",NA,NA,NA,NA,NA,NA,NA,NA,NA,NA,2017,"0.5","A - Western"
"15","Bryan 2017","Bryan2017_BSS_4_spi_ecau_spienhanced_ecau",0.524485763892569,0.252429347306491,"spi","ecau","USA","H","Bryan 2017b",0,"yes","spi enhanced","ecau","Enhanced Crisis Response Plan","ecau including contract for safety","usa","suic","suic","suic","clin","2",0.22,26.1,"adult","inpatient","Individual",NA,8,"BSS","4",3.6,8,5.7,10.3,33,32,"Yes",NA,NA,NA,NA,NA,NA,NA,NA,NA,NA,NA,NA,NA,NA,NA,NA,NA,NA,NA,"1","0.5",1,"1","1","1","0.5",0.5,NA,"Bryan, C. J., Mintz, J., Clemans, T. A., Leeson, B., Burch, T. S., Williams, S. R., Maney, E., & Rudd, M. D. (2017). Effect of crisis response planning vs. contracts for safety on suicide risk in U.S. Army Soldiers: A randomized clinical trial. Journal of affective disorders, 212, 64–72. https://doi.org/10.1016/j.jad.2017.01.028",NA,NA,NA,NA,NA,NA,NA,NA,NA,NA,2017,"0.5","A - Western"
"16","Chan 2022","Chan2022_DSISS-DepressiveSymptomInventorySuicidalitySubscale_9_cbt_wl_NA_NA",-0.0504636285751088,0.210852643036357,"cbt","wl","China","UM","Chan 2022",0,"no",NA,NA,NA,NA,"eas","insomnia","insomnia","other","community","stud",674,20,"yadul","outpatient","group",NA,8,"DSISS - Depressive Symptom Inventory Suicidality Subscale","9",1,0.9,2.4,1.4,45,45,NA,NA,NA,NA,NA,NA,NA,NA,NA,NA,NA,NA,NA,NA,NA,NA,1.5,0.8,2.2,1.5,"some concerns","some concerns",NA,"low","low","some concerns","high",NA,NA,"Chan, N. Y., Lam, S. P., Zhang, J., Chan, J. W. Y., Yu, M. M. W., Suh, S., ... & Li, S. X. (2022). Efficacy of email-delivered versus face-to-face group cognitive behavioral therapy for insomnia in youths: a randomized controlled trial. Journal of Adolescent Health, 70(5), 763-773.",NA,NA,NA,NA,NA,NA,NA,NA,NA,NA,2022,"high","A - Western"
"17","Chanen 2022","Chanen2022_BSS_26_other_ecau_NA_NA",-0.23400350511978,0.218060186822774,"other","ecau","Australia","H","Chanen 2022",0,"no",NA,NA,"HYPE + CAT","HYPE + Befriending","au","bpd","bpd","other","clin","age 15 to 25 years (inclusive), recent DSM-IV-TR BPD diagnosis, and never receiving evidence-based BPD treatment",812,19.1,"yadul","outpatient","individual","not reported 3-6 months",16,"BSS","26",8.3,6,10.12,9.39,40,45,"Yes",NA,NA,NA,NA,NA,NA,NA,NA,NA,NA,NA,NA,NA,NA,NA,9.7,12,8.85,8.72,"Low","Low",NA,"low","some concerns","some concerns","some concerns",NA,NA,"Chanen, A. M., Betts, J. K., Jackson, H., Cotton, S. M., Gleeson, J., Davey, C. G., ... & McCutcheon, L. (2022). Effect of 3 forms of early intervention for young people with borderline personality disorder: The MOBY randomized clinical trial. JAMA psychiatry, 79(2), 109-119.",NA,NA,NA,NA,NA,NA,NA,NA,NA,NA,2022,"some concerns","A - Western"
"18","Conner 2021","Conner2021_BSS_26_assip_cau_NA_NA",0.734703238928465,0.407222899877283,"assip","cau","USA","H","Conner 2021",0,"yes",NA,NA,NA,NA,"usa","sub","sub","other","clin","1) age 18- plus; 2) speaks and understands English; 3) positive screen for alcohol 


use problems in the past year on the 3-item Alcohol Use Disorders 


Identification Test – Consumption (females: score of 3-plus; males, score 


of 4-plus) [21] or recurrent use of “prescription drugs for non-medical 


reasons” or “illegal drugs” in the past year based on self-reported use 


of such drugs in response to standardized items on a “monthly” “weekly” 


or “daily or almost daily basis” (as opposed to “never” or “once or 


twice”); and 4) a suicide attempt with intent to die leading to hospitalization assessed with the item, “at the time you attempted suicide or 


tried to harm yourself, what percentage of you wanted to die?,” with 


percentages greater than zero satisfying the criterion",0.6471,40.47,"adult","inpatient","individual","1 month",4,"BSS","26",1.42,6.43,3.4,8.41,12,14,"Yes",NA,NA,NA,NA,NA,NA,NA,NA,NA,NA,NA,NA,NA,NA,NA,18.75,16.67,9.81,12.93,"Low","Low",NA,"low","some concerns","some concerns","some concerns",NA,"attempts measured with C-SSRS","Conner, K. R., Kearns, J. C., Esposito, E. C., Pizzarello, E., Wiegand, T. J., Britton, P. C., ... & Goldston, D. B. (2021). Pilot RCT of the Attempted Suicide Short Intervention Program (ASSIP) adapted for rapid delivery during hospitalization to adult suicide attempt patients with substance use problems. General hospital psychiatry, 72, 66-72.",NA,NA,NA,NA,NA,NA,NA,NA,NA,NA,2021,"some concerns","A - Western"
"19","Daneshvar 2022","Daneshvar2022_BSS_NA_other_wl_NA_NA",0.60525619967886,0.315861640077271,"other","wl","Iran","LM","Daneshvar 2022",0,"no",NA,NA,"compassion focused therapy","did not receive any therapy","oth","ptsd","ptsd","other","clin","other",1,45,"adult","outpatient","group",NA,8,"BSS",NA,2.24,11.66,15.26,15.28,21,21,"No",NA,NA,NA,NA,NA,NA,NA,NA,NA,NA,NA,NA,NA,NA,NA,14,14.24,1.54,1.54,"some concerns","some concerns",NA,"some concerns","some concerns","some concerns","high",NA,NA,"Daneshvar, S., Shafiei, M., & Basharpoor, S. (2022). Compassion-focused therapy: Proof of concept trial on suicidal ideation and cognitive distortions in female survivors of intimate partner violence with PTSD. Journal of interpersonal violence, 37(11-12), NP9613-NP9634.",NA,NA,NA,NA,NA,NA,NA,NA,NA,NA,2022,"high","B - Non-Western"
"20","Davidson 2014","Davidson2014_BSS_13_cbt_cau_NA_NA",1.21154942543718,0.629400244564874,"cbt","cau","United Kingdom","H","Davidson 2014",0,"yes",NA,NA,NA,NA,"uk","mixed + suic","mixed","suic","oth","1",NA,NA,"adult","outpatient","Individual",NA,6,"BSS","13",12.36,26.5,12.48,1.92,11,4,"Yes",NA,NA,NA,NA,NA,NA,NA,NA,NA,NA,NA,NA,NA,NA,NA,21,24.33,8.41,5.16,"1","1",NA,"2","0","0.5","0",NA,NA,"Davidson, K. M., Brown, T. M., James, V., Kirk, J., & Richardson, J. (2014). Manual-assisted cognitive therapy for self-harm in personality disorder and substance misuse: a feasibility trial. Psychiatric bulletin (2014), 38(3), 108– 111. https://doi.org/10.1192/pb.bp.113.043109",NA,NA,NA,NA,NA,NA,NA,NA,NA,NA,2014,"0","A - Western"
"21","DeGroot 2007","DeGroot2007_Paykel_45_other_cau_NA_NA",-0.037799531288823,0.266995673972047,"other","cau","Netherlands","H","DeGroot 2007",0,"no",NA,NA,"cbt for family",NA,"eu","grief","grief","other","clin","8",NA,NA,"adult","outpatient","Family centred","3",4,"Paykel","45",NA,NA,NA,NA,68,54,"No","dichotomised ideation",12,9,68,54,NA,NA,NA,NA,NA,NA,NA,NA,NA,NA,NA,NA,NA,NA,"1","1",NA,"0.5","0","0.5","0",NA,NA,"de Groot, M., de Keijser, J., Neeleman, J., Kerkhof, A., Nolen, W., & Burger,H. (2007). Cognitive behaviour therapy to prevent complicated grief among relatives and spouses bereaved by suicide: cluster randomised controlled trial. BMJ (Clinical research ed.), 334(7601), 994. https://doi.org/10.1136/bmj.39161.457431.55",68,54,12,9,0.0571584138399488,0.401522158259024,12,9,68,54,2007,"0","A - Western"
"22","Ducasse 2019","Ducasse2019_BSS_1_other_otherctr_NA_NA",0.342476355034775,0.142109010759135,"other","other ctr","France","H","Ducasse 2019",0,"no",NA,NA,NA,"attention control","eu","suic","suic","suic","clin","1",0.65,42.06,"adult","inpatient","Individual","1",NA,"BSS","1",3.01,5.34,5.72,7.7,101,100,"No",NA,NA,NA,NA,NA,NA,NA,NA,NA,NA,NA,NA,NA,NA,NA,14.8,14.75,10.46,11.1,"0.5","1",NA,"1","1","1","0",0,NA,"Ducasse, D., Dassa, D., Courtet, P., Brand-Arpon, V., Walter, A., Guillaume, S., Jaussent, I., & Olié, E. (2019). Gratitude diary for the management of suicidal inpatients: A randomized controlled trial. Depression and anxiety, 36(5), 400–411. https://doi.org/10.1002/da.22877",NA,NA,NA,NA,NA,NA,NA,NA,NA,NA,2019,"0","A - Western"
"23","Ertl 2011","Ertl2011_MINI_12_img_wl_imagery_wl",-0.307775546987043,0.266554335761348,"img","wl","Germany","H","Ertl 2011a",0,"no","imagery","wl",NA,NA,"oth","ptsd","ptsd","other","com","6",0.5533,18.3,"yadul","outpatient","Individual","3",8,"MINI","12",6.27,3.79,8.55,7.27,29,28,"No",NA,NA,NA,NA,NA,NA,NA,NA,NA,NA,NA,NA,NA,NA,NA,10.9,8.22,11.76,NA,"0.5","0.5",NA,"1","1","1","0",NA,NA,"Ertl, V., Pfeiffer, A., Schauer, E., Elbert, T., & Neuner, F. (2011). Community-implemented trauma therapy for former child soldiers in Northern Uganda: a randomized controlled trial. JAMA, 306(5), 503–512. https://doi.org/10.1001/jama.2011.1060",NA,NA,NA,NA,NA,NA,NA,NA,NA,NA,2011,"0","A - Western"
"24","Ertl 2011","Ertl2011_MINI_12_other_wl_mixed_wl",-0.344654328169949,0.269294254187854,"other","wl","Germany","H","Ertl 2011b",0,"no","mixed","wl",NA,NA,"oth","ptsd","ptsd","other","com","6",0.5533,18.3,"yadul","outpatient","Individual",NA,8,"MINI","12",6.91,3.79,10.32,7.27,28,28,"No",NA,NA,NA,NA,NA,NA,NA,NA,NA,NA,NA,NA,NA,NA,NA,8.32,8.22,10.48,9.06,"0.5","0.5",NA,"1","1","1","0",NA,NA,"Ertl, V., Pfeiffer, A., Schauer, E., Elbert, T., & Neuner, F. (2011). Community-implemented trauma therapy for former child soldiers in Northern Uganda: a randomized controlled trial. JAMA, 306(5), 503–512. https://doi.org/10.1001/jama.2011.1060",NA,NA,NA,NA,NA,NA,NA,NA,NA,NA,2011,"0","A - Western"
"25","Eskin 2008","Eskin2008_SPS_6_pst_wl_NA_NA",0.212580720147356,0.300295025149586,"pst","wl","Turkey","UM","Eskin 2008",0,"no",NA,NA,NA,NA,"oth","dep","dep","other","com","3",696,19.1,"yadul","outpatient","Individual","6",6,"SPS","6",71.9,75.2,15.5,14.9,27,19,"No",NA,NA,NA,NA,NA,NA,NA,NA,NA,NA,NA,NA,NA,NA,NA,84.1,77.9,15.1,16.4,"0.5","0.5",NA,"2","0","0.5","0",NA,NA,"Eskin, M., Ertekin, K. & Demir, H. Efficacy of a Problem-Solving Therapy for Depression and Suicide Potential in Adolescents and Young Adults. Cogn Ther Res 32, 227–245 (2008). https://doi.org/10.1007/s10608-007-9172-8",NA,NA,NA,NA,NA,NA,NA,NA,NA,NA,2008,"0","B - Non-Western"
"26","Eylem 2021","Eylem2021_BSS_6_cbt_wl_NA_NA",0.164284075383745,0.475212106336351,"cbt","wl","Netherlands","H","Eylem 2021",0,"yes",NA,NA,NA,NA,"oth","suic","suic","suic","com","9",723,33.5,"adult","outpatient","Individual","6",7,"BSS","6",6.1,6.83,4.5,3.86,10,8,NA,NA,NA,NA,NA,NA,NA,NA,NA,NA,NA,NA,NA,NA,NA,NA,12.3,14.87,8.48,8.07,"1","1",0,"0","0","0","0",0,NA,"Eylem, O., van Straten, A., Bhui, K., & Kerkhof, A. J. (2015). Protocol: Reducing suicidal ideation among Turkish migrants in the Netherlands and in the UK: effectiveness of an online intervention. International review of psychiatry (Abingdon, England), 27(1), 72–81. https://doi.org/10.3109/09540261.2014.996121",NA,NA,NA,NA,NA,NA,NA,NA,NA,NA,2021,"0","A - Western"
"27","Fereidouni 2019","Fereidouni2019_BSS_3_img_cau_NA_NA",3.18791909187546,0.362448297848234,"img","cau","Iran","UM","Fereidouni 2019",0,"yes",NA,NA,NA,NA,"oth","dep","dep","other","clin","1. the diagnosis of major depressive disorder by a psychiatrist (based on DSM-5 criteria), 2. self-reported suicidal thoughts (scores high than sex)  strabismus, or other vision problems. 3. no previous history of suicide  attempts, seizures, seizures, strabismus, or other vision problems, 2",0.6714,36.22,"adult","inpatient","individual","3 weeks",9,"BSS","3",11.11,24.93,4.15,4.42,35,35,"No",NA,NA,NA,NA,NA,NA,NA,NA,NA,NA,NA,NA,NA,NA,NA,26.48,26.68,5.74,5.05,"Some concerns","High",NA,"High","Low","Some concerns","High",NA,NA,"Fereidouni, Z., Behnammoghadam, M., Jahanfar, A., & Dehghan, A. (2019). The Effect of Eye Movement Desensitization and Reprocessing (EMDR) on the severity of suicidal thoughts in patients with major depressive disorder: a randomized controlled trial. Neuropsychiatric disease and treatment, 2459-2466.",NA,NA,NA,NA,NA,NA,NA,NA,NA,NA,2019,"High","B - Non-Western"
"28","Ghahramanlou-Holloway 2018","Ghahramanlou-Holloway2018_BSS_4_cbt_cau_NA_NA",0.238488502234308,0.409802084820482,"cbt","cau","USA","H","Ghahramanlou-Holloway 2018",0,"yes",NA,NA,NA,NA,"usa","suic","suic","suic","oth","2",0.42,29.05,"adult","inpatient","Individual","0.5",6,"BSS","4",6.38,8.86,6.37,12.69,12,12,"Yes",NA,NA,NA,NA,NA,NA,NA,NA,NA,NA,NA,NA,NA,NA,NA,24.42,24.92,6.02,8.85,"0.5","1",1,"1","0","0.5","0",0,NA,"Ghahramanlou-Holloway, M., Lee-Tauler, S. Y., LaCroix, J. M., Kauten, R., Perera, K., Chen, R., Weaver, J., & Soumoff, A. (2018). Dysfunctional personality disorder beliefs and lifetime suicide attempts among psychiatrically hospitalized military personnel. Comprehensive psychiatry, 82, 108–114. https://doi.org/10.1016/j.comppsych.2018.01.010",NA,NA,NA,NA,NA,NA,NA,NA,NA,NA,2018,"0","A - Western"
"29","Goodman 2022","Goodman2022_C-SSRS_12.3_fam_cau_NA_NA",1.14568543113915,0.395527703673352,"fam","cau","USA","H","Goodman 2022",0,"yes",NA,NA,"family spi","standard care incl sp","usa","suic","suic","suic","clin","Eligible Veterans must have been receiving care


at the VHA and present at moderate risk for


suicide, defined as: having endorsed recent passive


or active suicidal ideation (within the past


3 months) or a lifetime history of a suicide attempt.


Given the novel nature of the SAFER intervention,


the sample intentionally was recruited for having


moderate risk. In addition, Veterans needed to


bring in an available, consenting, and qualifying


supporting partner to participate with them. Supporting partners needed to meet at least three (two


for nonrelatives) of five inclusion criteria established by Pollak and Perlick (1991). The supporting partner had to (a) be a spouse, co-habiting


significant other or parent; (b) have more frequent


contact than others in the support network; (c) help


to support the patient financially; (d) be the one


contacted by treatment staff for emergencies; and


(e) have been involved in the patient’s treatment",0.1538,52.56,"adult","outpatient","family","not reported",5,"C-SSRS","12.3",1.5,3.5,1.93,1.43,15,15,"Yes",NA,NA,NA,NA,NA,NA,NA,NA,NA,NA,NA,NA,NA,NA,NA,3.26,3.75,1.69,1.33,"some concerns","low",NA,"some concerns","some concerns","some concerns","some concerns",NA,NA,"Goodman, M., Sullivan, S. R., Spears, A. P., Crasta, D., Mitchell, E. L., Stanley, B., ... & Glynn, S. (2022). A pilot randomized control trial of a dyadic safety planning intervention: Safe actions for families to encourage recovery. Couple and Family Psychology: Research and Practice, 11(1), 42.",NA,NA,NA,NA,NA,NA,NA,NA,NA,NA,2022,"some concerns","A - Western"
"30","Guthrie 2001","Guthrie2001_BSS_4_dyn_cau_NA_NA",0.224611388264156,0.18398246604306,"dyn","cau","United Kingdom","H","Guthrie 2001",0,"yes",NA,NA,NA,NA,"uk","suic","suic","suic","oth","1",0.56,31.2,"adult","outpatient","Individual","4",4,"BSS","4",10.3,12.4,8.6,9.9,58,61,"Yes (self harm)",NA,NA,NA,NA,NA,NA,NA,NA,NA,NA,NA,NA,NA,NA,NA,15.9,14.3,9.9,10.8,"1","1",1,"1","0","0.5","0",0,NA,"Guthrie, E., Kapur, N., Mackway-Jones, K., Chew-Graham, C., Moorey, J., Mendel, E., Marino-Francis, F., Sanderson, S., Turpin, C., Boddy, G., & Tomenson, B. (2001). Randomised controlled trial of brief psychological intervention after deliberate self poisoning. BMJ (Clinical research ed.), 323(7305), 135–138. https://doi.org/10.1136/bmj.323.7305.135",NA,NA,NA,NA,NA,NA,NA,NA,NA,NA,2001,"0","A - Western"
"31","Haddock 2019","Haddock2019_SPS_26_cbt_cau_NA_NA",-0.169765146976502,0.281060764668894,"cbt","cau","United Kingdom","H","Haddock 2019",0,"yes",NA,NA,NA,NA,"uk","suic","suic","suic","clin","1",569,35.56,"adult","inpatient","Individual","26",20,"SPS","26",23.65,22,9.17,9.91,24,27,"Yes (self-harm serious adverse event)",NA,NA,NA,NA,NA,NA,NA,NA,NA,NA,NA,NA,NA,NA,NA,28.5,29.26,8.99,8.02,"1","1",0.5,"2","1","0","0",0,NA,"Haddock, G., Pratt, D., Gooding, P. A., Peters, S., Emsley, R., Evans, E., Kelly, J., Huggett, C., Munro, A., Harris, K., Davies, L., & Awenat, Y. (2019). Feasibility and acceptability of suicide prevention therapy on acute psychiatric wards: randomised controlled trial. BJPsych open, 5(1), e14. https://doi.org/10.1192/bjo.2018.85",NA,NA,NA,NA,NA,NA,NA,NA,NA,NA,2019,"0","A - Western"
"32","Hahm 2019","Hahm2019_C-SSRS_8_other_wl_NA_NA",-0.15176243080606,0.41418675828134,"other","wl","USA","H","Hahm 2019",0,"no",NA,NA,NA,NA,"usa","ptsd","ptsd","other","com","9",1,23.8,"yadul","outpatient","Group","8",8,"C-SSRS","8",NA,NA,NA,NA,32,31,"No","dichotomised suicidal ideation",5,4,22,22,NA,NA,NA,NA,NA,NA,NA,NA,NA,NA,NA,NA,NA,NA,"0.5","0.5",0.5,"0.5","0","0.5","0",0,NA,"Hahm, H. C., Zhou, L., Lee, C., Maru, M., Petersen, J. M., & Kolaczyk, E. D. (2019). Feasibility, preliminary efficacy, and safety of a randomized clinical trial for Asian Women's Action for Resilience and Empowerment (AWARE) intervention. The American journal of orthopsychiatry, 89(4), 462–474. https://doi.org/10.1037/ort0000383",22,22,5,4,0.22314355131421,0.599241945370073,5,4,22,22,2019,"0","A - Western"
"33","Hatcher 2011","Hatcher2011_BSS_12_pst_cau_NA_NA",0.433810803130814,0.0864174776282876,"pst","cau","Australia","H","Hatcher 2011",0,"yes",NA,NA,NA,NA,"au","suic","suic","suic","oth","1",685,33.7,"adult","outpatient","Individual","12",NA,"BSS","12",3.7,7.1,6.8,8.6,253,299,"Yes (presentation to hospital with self-harm in the year after the index attempt)",NA,NA,NA,NA,NA,NA,NA,NA,NA,NA,NA,NA,NA,NA,NA,11.3,10.9,9.2,9.9,"1","1",1,"2","1","0.5","0",0,NA,"Hatcher, S., Sharon, C., Parag, V., & Collins, N. (2011). Problem-solving therapy for people who present to hospital with self-harm: Zelen randomised controlled trial. The British journal of psychiatry : the journal of mental science, 199(4), 310–316. https://doi.org/10.1192/bjp.bp.110.090126",NA,NA,NA,NA,NA,NA,NA,NA,NA,NA,2011,"0","A - Western"
"34","Hurtado-Santiago 2022","Hurtado-Santiago2022_C-SSRS_10_other_other_NA_NA",0.361541977637357,0.323075740321781,"other","other","Spain","H","Hurtado-Santiago 2022",0,NA,NA,NA,"iconic therapy","supportive intervention","eu","bpd + suic","bpd","yes","clin","gen",0.83,21,"yadul","outpatient","oth",NA,10,"C-SSRS","10",2,2.68,2,1.66,20,19,"Yes",NA,NA,NA,NA,NA,NA,NA,NA,NA,NA,NA,NA,NA,NA,NA,3.55,4,1.46,0.97,"some concerns","high",NA,"some concerns","low","low","high",NA,NA,"Hurtado-Santiago, S., Guzmán-Parra, J., Mayoral, F., & Bersabé, R. M. (2022). Iconic Therapy for the reduction of borderline personality disorder symptoms among suicidal youth: a preliminary study. BMC psychiatry, 22(1), 1-11.",NA,NA,NA,NA,NA,NA,NA,NA,NA,NA,2022,"high","A - Western"
"35","Husain 2014","Husain2014_BSS_12_pst_cau_NA_NA",0.349390032356811,0.136878161387006,"pst","cau","Pakistan","LM","Husain 2014",0,"yes",NA,NA,NA,NA,"oth","suic","suic","suic","oth","1",0.6882,23.15,"yadul","outpatient","Individual","12",6,"BSS","12",7.1,10.5,9.8,9.6,105,112,"Yes",NA,NA,NA,NA,NA,NA,NA,NA,NA,NA,NA,NA,NA,NA,NA,21.3,20.7,7.5,7.2,"1","1",1,"2","0","0.5","0",0.5,NA,"Husain, N., Afsar, S., Ara, J., Fayyaz, H., Rahman, R. U., Tomenson, B., Hamirani, M., Chaudhry, N., Fatima, B., Husain, M., Naeem, F., & Chaudhry,B. (2014). Brief psychological intervention after self-harm: randomised controlled trial from Pakistan. The British journal of psychiatry : the journal of mental science, 204(6), 462–470. https://doi.org/10.1192/bjp.bp.113.138370",NA,NA,NA,NA,NA,NA,NA,NA,NA,NA,2014,"0","B - Non-Western"
"36","Interian 2021","Interian2021_BSS_10_mbct_ecau_NA_NA",0,0.169048101632174,"mbct","ecau","USA","H","Interian 2021",0,"yes",NA,NA,NA,NA,"usa","suic","suic","suic","clin","age>18 years, significant suicidal risk in the past 30 days, high suicde risk as determined by VHA coordinator,",0.1214,47.01,"adult","mixed","individual and group","10 weeks?",10,"BSS","10",4.7,4.7,7.2,7.6,71,69,"Yes",NA,NA,NA,NA,NA,NA,NA,NA,NA,NA,NA,NA,NA,NA,NA,12.4,11.2,9.8,10.4,"low","low",NA,"low","low","some concerns","some concerns",NA,"time_weeks = 10 ideation and 52 for attempts, attempts measured with C-SSRS","Interian, A., Chesin, M. S., Stanley, B., Latorre, M., Hill, L. M. S., Miller, R. B., ... & Kline, A. (2021). Mindfulness-based cognitive therapy for preventing suicide in military veterans: a randomized clinical trial. The Journal of Clinical Psychiatry, 82(5), 36479.",NA,NA,NA,NA,NA,NA,NA,NA,NA,NA,2021,"some concerns","A - Western"
"37","Jamshidi 2020","Jamshidi2020_BSS_13_img_wl_NA_NA",0.642130563879766,0.374956822685809,"img","wl","Iran","LM","Jamshidi 2020",0,"no",NA,NA,NA,NA,"oth","ptsd","ptsd","other","oth","(a) no addiction to drugs or substances; (b) no history of psychotic disorders, any other disorders with psychotic symptoms or neurological deficits; and (c) no shelter to live.",1,21.38,"yadul",NA,"individual","3months",24,"BSS","13",10.77,14,3.38,6.04,15,15,"No",NA,NA,NA,NA,NA,NA,NA,NA,NA,NA,NA,NA,NA,NA,NA,15.66,14.33,5.7,5.45,"Some concerns","High",NA,"High","High","Some concerns","High",NA,NA,"Jamshidi, F., Rajabi, S., & Dehghani, Y. (2021). How to heal their psychological wounds? effectiveness of EMDR therapy on post‐traumatic stress symptoms, mind‐wandering and suicidal ideation in Iranian child abuse victims. Counselling and Psychotherapy Research, 21(2), 412-421.",NA,NA,NA,NA,NA,NA,NA,NA,NA,NA,2020,"High","B - Non-Western"
"38","Jobes 2017","Jobes2017_BSS_13(52forattempts)_cams_cau_NA_NA",0.559851368674074,0.207958177343872,"cams","cau","USA","H","Jobes 2017",0,"yes",NA,NA,NA,NA,"usa","suic","suic","suic","clin","2",196,26.8,"adult","outpatient","Individual","8",5,"BSS","13 (52 for attempts)",NA,NA,NA,NA,73,75,"Yes","dichotomised suicidal ideation",22,37,60,60,NA,NA,NA,NA,NA,NA,NA,NA,NA,NA,NA,NA,NA,NA,"1","0.5",NA,"3","1","0.5","0.5",NA,NA,"Jobes, D. A., Comtois, K. A., Gutierrez, P. M., Brenner, L. A., Huh, D., Chalker, S. A., Ruhe, G., Kerbrat, A. H., Atkins, D. C., Jennings, K., Crumlish, J., Corona, C. D., Connor, S. O., Hendricks, K. E., Schembari, B., Singer, B., & Crow, B. (2017). A Randomized Controlled Trial of the Collaborative Assessment and Management of Suicidality versus Enhanced Care as Usual With Suicidal Soldiers. Psychiatry, 80(4), 339–356. https://doi.org/10.1080/00332747.2017.1354607",60,60,22,37,-0.519875459285909,0.197859139663143,22,37,60,60,2017,"0.5","A - Western"
"39","Johnson (J) 2019","Johnson(J)2019_BSS_12_other_cau_NA_NA",0.119482848313839,0.148794798346116,"other","cau","USA","H","Johnson (J) 2019",1,"no",NA,NA,NA,NA,"usa","dep","dep","other","oth","10",0.3535,39,"adult","outpatient","Group","12",20,"BSS","12",1.37,1.72,2.917,2.917,91,90,"No",NA,NA,NA,NA,NA,NA,NA,NA,NA,NA,NA,NA,NA,NA,NA,NA,NA,NA,NA,"1","1",NA,"1","1","1","0.5",NA,NA,"Johnson, J. E., Stout, R. L., Miller, T. R., Zlotnick, C., Cerbo, L. A., Andrade,J. T., Nargiso, J., Bonner, J., & Wiltsey-Stirman, S. (2019). Randomized cost- effectiveness trial of group interpersonal psychotherapy (IPT) for prisoners with major depression. Journal of consulting and clinical psychology, 87(4), 392–406. https://doi.org/10.1037/ccp0000379",NA,NA,NA,NA,NA,NA,NA,NA,NA,NA,2019,"0.5","A - Western"
"40","Kaslow 2010","Kaslow2010_BSS_10_other_cau_NA_NA",0.74719098511247,0.145294897784289,"other","cau","USA","H","Kaslow 2010",0,"yes",NA,NA,NA,NA,"usa","suic","suic","suic","clin","6",1,34.7,"adult","outpatient","Group","10",10,"BSS","10",5.3,10.5,5.2,8.8,121,87,"No",NA,NA,NA,NA,NA,NA,NA,NA,NA,NA,NA,NA,NA,NA,NA,12.8,15.2,9.7,11.3,"1","0.5",NA,"2","0","0.5","0",0,NA,"Kaslow, N. J., Leiner, A. S., Reviere, S., Jackson, E., Bethea, K., Bhaju, J., Rhodes, M., Gantt, M. J., Senter, H., & Thompson, M. P. (2010). Suicidal, abused African American women's response to a culturally informed intervention. Journal of consulting and clinical psychology, 78(4), 449–458. https://doi.org/10.1037/a0019692",NA,NA,NA,NA,NA,NA,NA,NA,NA,NA,2010,"0","A - Western"
"41","Koons 2001","Koons2001_BSS_26_dbt_cau_NA_NA",1.26471577376004,0.49355222862049,"dbt","cau","United Kingdom","H","Koons 2001",0,"yes",NA,NA,NA,NA,"uk","bpd","bpd","other","clin","2",1,35,"adult","outpatient","Individual + group","26",26,"BSS","26",26.2,41.5,8,14.3,10,10,"Yes (parasuicidal behavior)",NA,NA,NA,NA,NA,NA,NA,NA,NA,NA,NA,NA,NA,NA,NA,36.2,44.6,13.5,11.4,"0.5","0.5",1,NA,"0","0.5",NA,0,NA,"Koons, Cedar & Robins, Clive & Tweed, J. & Lynch, Thomas & Gonzalez, Alicia & Morse, Jennifer & Bishop, G. & Butterfield, Marian. (2001). Efficacy of dialectical behavior therapy in women veterans with borderline Personality disorder. Behavior Therapy. 32. 371-390. 10.1016/S0005- 7894(01)80009-5.",NA,NA,NA,NA,NA,NA,NA,NA,NA,NA,2001,NA,"A - Western"
"42","LaCroix 2018","LaCroix2018_BSS_4_cbt_cau_NA_NA",-1.01690214814072,0.355153100910733,"cbt","cau","USA","H","LaCroix 2018",0,"yes",NA,NA,NA,NA,"usa","ptsd + suic","ptsd","suic","clin","2",306,31,"adult","inpatient","Individual","0.5",6,"BSS","4",21.8,10,10.11,12.46,18,18,"Yes",NA,NA,NA,NA,NA,NA,NA,NA,NA,NA,NA,NA,NA,NA,NA,24.61,24.72,6.27,8.35,"0.5","1",1,"1","1","1","0.5",0.5,NA,"LaCroix, J. M., Perera, K. U., Neely, L. L., Grammer, G., Weaver, J., & Ghahramanlou-Holloway, M. (2018). Pilot trial of post-admission cognitive therapy: Inpatient program for suicide prevention. Psychological services, 15(3), 279–288. https://doi.org/10.1037/ser0000224 100.Smits, M. L., Feenstra, D. J., Eeren, H. V., Bales, D. L., Laurenssen, E.,",NA,NA,NA,NA,NA,NA,NA,NA,NA,NA,2018,"0.5","A - Western"
"43","Liberman 1981","Liberman1981_Interviews_2_dyn_mixed_NA_NA",-0.358220156109052,0.45654369912101,"dyn","mixed","USA","H","Liberman 1981",0,NA,NA,NA,"insight-oriented","behaviour therapy","usa","bpd","bpd","other","clin","1",0.67,29.67,"adult","inpatient","Individual + family","2",8,"Interviews","2",NA,NA,NA,NA,12,12,"Yes","dichotomised suicidal ideation",7,5,12,12,NA,NA,NA,NA,NA,NA,NA,NA,NA,NA,NA,NA,NA,NA,"0.5","0.5",0.5,"0.5","1","0.5","0",0,NA,"Liberman, R. P., & Eckman, T. (1981). Behavior therapy vs insight-oriented therapy for repeated suicide attempters. Archives of general psychiatry, 38(10), 1126–1130. https://doi.org/10.1001/archpsyc.1981.01780350060007",12,12,7,5,0.336472236621213,0.419750492781696,7,5,12,12,1981,"0","A - Western"
"44","Lin (C-J) 2020","Lin(C-J)2020_BSS_26_cbt_cau_NA_NA",0.409497962298655,0.246801023462512,"cbt","cau","Taiwan","H","Lin (C-J) 2020",0,"no",NA,NA,NA,NA,"eas","bip","bip","other","clin","a life-


time diagnosis of BD type I, based on a clinically diagnosis by a board-


certified psychiatrist, in accordance with the criteria of Diagnostic and





Statistical Manual of Mental Disorders, 4th Edition (DSM-IV) (Edition


and Association, 1994) and clinical notes; symptom severity that did


not interfere with the ability to participate in an estimated 2-hour group


session; age 18 years or older; ability to converse in Mandarin without


an interpreter; current participation in outpatient psychiatric care; and


the provision of written informed consent to participate in the study.",0.63,40.54,"adult","outpatient","group","24 weeks",15,"BSS","26",2.29,4.93,4.89,7.87,38,30,"No",NA,NA,NA,NA,NA,NA,NA,NA,NA,NA,NA,NA,NA,NA,NA,3.42,8.23,5.79,9.31,"High","Low",NA,"High","Low","High","High",NA,"used to be Lin 2019","Lin, C. J., Huang, Y. H., Huang, K. Y., Wu, S. I., Chang, Y. H., Yeh, H. M., ... & Liu, S. I. (2020). A randomized controlled trial of transcultural validation of group-based psychosocial intervention for patients with bipolar disorder. Psychiatry Research, 290, 113139.",NA,NA,NA,NA,NA,NA,NA,NA,NA,NA,2020,"High","B - Non-Western"
"45","Lin (T-J) 2019","Lin(T-J)2019_AdultSuicidalIdeationQuestionnaire_8_dbt_cbt_NA_NA",-0.06747289107201,0.220992789691967,"dbt","cbt","Taiwan","H","Lin (T-J) 2019",0,"yes",NA,NA,NA,NA,"eas","bpd + suic","bpd","suic","com","3",878,20.4,"yadul","outpatient","Group","8",8,"Adult Suicidal Ideation Questionnaire","8",49,48.54,6.5,7.01,42,40,"Yes",NA,NA,NA,NA,NA,NA,NA,NA,NA,NA,NA,NA,NA,NA,NA,65.23,64.47,NA,NA,"1","0.5",0,"0.5","1","0.5","0",NA,NA,"103.Lin, T. J., Ko, H. C., Wu, J. Y., Oei, T. P., Lane, H. Y., & Chen, C. H. (2019). The Effectiveness of Dialectical Behavior Therapy Skills Training Group vs. Cognitive Therapy Group on Reducing Depression and Suicide Attempts for Borderline Personality Disorder in Taiwan. Archives of suicide research : official journal of the International Academy for Suicide Research, 23(1), 82– 99. https://doi.org/10.1080/13811118.2018.1436104",NA,NA,NA,NA,NA,NA,NA,NA,NA,NA,2019,"0","B - Non-Western"
"46","Linehan 2006","Linehan2006_SBQ_52_dbt_ecau_NA_NA",0.117542795002579,0.213822368072422,"dbt","ecau","USA","H","Linehan 2006",0,"yes",NA,NA,NA,NA,"usa","bpd + suic","bpd","suic","clin","1",1,29.3,"adult","outpatient","Individual and group","52",NA,"SBQ","52",29.8,32.8,24.5,26.3,50,39,"Yes",NA,NA,NA,NA,NA,NA,NA,NA,NA,NA,NA,NA,NA,NA,NA,51.7,59.9,20.3,21.6,"1","0",1,NA,"1","0.5",NA,0,NA,"Linehan, M. M., Comtois, K. A., Murray, A. M., Brown, M. Z., Gallop, R. J., Heard, H. L., Korslund, K. E., Tutek, D. A., Reynolds, S. K., & Lindenboim, N. (2006). Two-year randomized controlled trial and follow-up of dialectical behavior therapy vs therapy by experts for suicidal behaviors and borderline personality disorder. Archives of general psychiatry, 63(7), 757–766. https://doi.org/10.1001/archpsyc.63.7.757",NA,NA,NA,NA,NA,NA,NA,NA,NA,NA,2006,NA,"A - Western"
"47","LoParo 2018","LoParo2018_BSS_6_cbt_otherctr_NA_NA",0.181921998108609,0.126250061172535,"cbt","other ctr","USA","H","LoParo 2018",0,"no",NA,NA,NA,NA,"usa","suic","suic","suic","clin","1",0.53,42.4,"adult","mixed","Group","6",6,"BSS","6",18.79,20.08,7.51,6.6,126,126,"No",NA,NA,NA,NA,NA,NA,NA,NA,NA,NA,NA,NA,NA,NA,NA,22.5,24.69,6.15,7.28,"1","0.5",NA,"2","0","0.5","0",NA,NA,"LoParo, D., Mack, S. A., Patterson, B., Negi, L. T., & Kaslow, N. J. (2018). The efficacy of cognitively-based compassion training for African American suicide attempters. Mindfulness, 9(6), 1941–1954. https://doi.org/10.1007/s12671-018-0940-1",NA,NA,NA,NA,NA,NA,NA,NA,NA,NA,2018,"0","A - Western"
"48","Marasinghe 2012 men","Marasinghe2012men_BSS_26_other_wl_NA_NA",0.644227341148846,0.3522063615721,"other","wl","Sri Lanka","LM","Marasinghe 2012 men",0,"no",NA,NA,NA,NA,"oth","suic","suic","suic","clin","1",0,31.25,"adult","mixed","Individual","26",NA,"BSS","26",3.5,6.2,1.8,5.5,17,17,"No",NA,NA,NA,NA,NA,NA,NA,NA,NA,NA,NA,NA,NA,NA,NA,NA,NA,NA,NA,"0.5","0.5",NA,"0","1","0.5","0",NA,NA,"Marasinghe, R. B., Edirippulige, S., Kavanagh, D., Smith, A., & Jiffry, M. T. (2012). Effect of mobile phone-based psychotherapy in suicide prevention: a randomized controlled trial in Sri Lanka. Journal of telemedicine and telecare, 18(3), 151–155. https://doi.org/10.1258/jtt.2012.SFT107",NA,NA,NA,NA,NA,NA,NA,NA,NA,NA,2012,"0","B - Non-Western"
"49","Marasinghe 2012 women","Marasinghe2012women_BSS_26_mixed_wl_NA_NA",1.10793034039947,0.369570970705067,"mixed","wl","Sri Lanka","LM","Marasinghe 2012 women",0,"no",NA,NA,"1 session pst + social skills",NA,"oth","suic","suic","suic","clin","1",1,31.25,"adult","mixed","Individual","26",NA,"BSS","26",3.8,8.9,1.4,6.2,17,17,"No",NA,NA,NA,NA,NA,NA,NA,NA,NA,NA,NA,NA,NA,NA,NA,NA,NA,NA,NA,"0.5","0.5",NA,"0","1","0.5","0",NA,NA,"Marasinghe, R. B., Edirippulige, S., Kavanagh, D., Smith, A., & Jiffry, M. T. (2012). Effect of mobile phone-based psychotherapy in suicide prevention: a randomized controlled trial in Sri Lanka. Journal of telemedicine and telecare, 18(3), 151–155. https://doi.org/10.1258/jtt.2012.SFT107",NA,NA,NA,NA,NA,NA,NA,NA,NA,NA,2012,"0","B - Non-Western"
"50","Monteso-Curto 2015","Monteso-Curto2015_Plutchiksuicideriskscale_8_cbt_medication_cbt_medication",0.152280720485937,0.295326006409088,"cbt","medication","Spain","H","Monteso-Curto 2015a",0,"no","cbt","medication",NA,NA,"eu","none","none","other",NA,"5",969,58.9,"old","outpatient","Individual","8",4,"Plutchik suicide risk scale","8",6.41,6.86,3.06,2.74,23,23,"No",NA,NA,NA,NA,NA,NA,NA,NA,NA,NA,NA,NA,NA,NA,NA,6.86,NA,3.16,NA,"0.5","0.5",NA,"2","0","0.5","0",NA,NA,"Montesó-Curto, P., García-Martínez, M., Gómez-Martínez, C., Ferré-Almo, S., Panisello-Chavarria, M. L., Genís, S. R., Mateu Gil, M. L., Cubí Guillén, M. T., Colás, L. S., Usach, T. S., Herrero, A. S., & Ferré-Grau, C. (2015).",NA,NA,NA,NA,NA,NA,NA,NA,NA,NA,2015,"0","A - Western"
"51","Monteso-Curto 2015","Monteso-Curto2015_Plutchiksuicideriskscale_8_other_medication_mixed_medication",-0.0747096199129324,0.289030026051942,"other","medication","Spain","H","Monteso-Curto 2015b",0,"no","mixed","medication",NA,NA,"eu","none","none","other",NA,"5",969,26.2,"adult","outpatient","Individual",NA,NA,"Plutchik suicide risk scale","8",7.09,6.86,3.27,2.74,25,23,"No",NA,NA,NA,NA,NA,NA,NA,NA,NA,NA,NA,NA,NA,NA,NA,7.77,7.14,3.23,2.8,"0.5","0.5",NA,"2","0","0.5","0",NA,NA,"Montesó-Curto, P., García-Martínez, M., Gómez-Martínez, C., Ferré-Almo, S., Panisello-Chavarria, M. L., Genís, S. R., Mateu Gil, M. L., Cubí Guillén, M. T., Colás, L. S., Usach, T. S., Herrero, A. S., & Ferré-Grau, C. (2015).",NA,NA,NA,NA,NA,NA,NA,NA,NA,NA,2015,"0","A - Western"
"52","Morley 2014","Morley2014_BSS_26_cbt_cau_NA_NA",0.0301331636877657,0.155152220501428,"cbt","cau","Australia","H","Morley 2014",0,"yes",NA,NA,NA,NA,"au","sub + suic","sub","suic","clin","1",0.37,36,"adult","outpatient","Individual and group","26",8,"BSS","26",5.82,6,5.58,6.61,122,63,"Yes",NA,NA,NA,NA,NA,NA,NA,NA,NA,NA,NA,NA,NA,NA,NA,9.63,12.56,9.34,10.02,"0.5","1",1,"0","1","0.5","0",0,NA,"Morley, K. C., Sitharthan, G., Haber, P. S., Tucker, P., & Sitharthan, T. (2014). The efficacy of an opportunistic cognitive behavioral intervention package (OCB) on substance use and comorbid suicide risk: a multisite randomized controlled trial. Journal of consulting and clinical psychology, 82(1), 130–140. https://doi.org/10.1037/a0035310",NA,NA,NA,NA,NA,NA,NA,NA,NA,NA,2014,"0","A - Western"
"53","O'Toole 2019","O'Toole2019_SuicideStatusFormIIâ€“R_4_other_cams_NA_NA",-0.404909037813942,0.178332493377944,"other","cams","Denmark","H","O'Toole 2019",0,"yes",NA,NA,NA,NA,"eu","dep + suic","dep","suic","clin","1",0.57,28.7,"adult",NA,"Individual","4",NA,"Suicide Status FormIIâ€“R","4",14.9,12.6,5.7,5.6,60,69,"No",NA,NA,NA,NA,NA,NA,NA,NA,NA,NA,NA,NA,NA,NA,NA,18.7,18,4.1,5,"1","1",NA,"2","1","0.5","0",NA,NA,"O'Toole, M. S., Arendt, M. B., & Pedersen, C. M. (2019). Testing an App- Assisted Treatment for Suicide Prevention in a Randomized Controlled Trial: Effects on Suicide Risk and Depression. Behavior therapy, 50(2), 421–429. https://doi.org/10.1016/j.beth.2018.07.007",NA,NA,NA,NA,NA,NA,NA,NA,NA,NA,2019,"0","A - Western"
"54","Patsiokas 1985","Patsiokas1985_BSS_3_cbt_otherctr_cbt_otherctr",0.122195527678118,0.731141255534814,"cbt","other ctr","USA","H","Patsiokas 1985a",0,"yes","cbt","other ctr",NA,NA,"usa","suic","suic","suic","clin","1",NA,NA,"adult","inpatient","Individual","3",10,"BSS","3",7.6,8.6,5.8,9.2,5,3,"Yes",NA,NA,NA,NA,NA,NA,NA,NA,NA,NA,NA,NA,NA,NA,NA,21.8,18,5.8,5,"0.5","0.5",NA,"0.5","1","0.5","0",NA,NA,"Patsiokas, A. T., & Clum, G. A. (1985). Effects of psychotherapeutic strategies in the treatment of suicide attempters. Psychotherapy: Theory, Research, Practice, Training, 22(2), 281–290. https://doi.org/10.1037/h0085507",NA,NA,NA,NA,NA,NA,NA,NA,NA,NA,1985,"0","A - Western"
"55","Patsiokas 1985","Patsiokas1985_BSS_3_pst_otherctr_pst_otherctr",0.910741185828872,0.775817323339071,"pst","other ctr","USA","H","Patsiokas 1985b",0,"no","pst","other ctr",NA,NA,"usa","suic","suic","suic","clin","1",NA,NA,"adult","inpatient","Individual",NA,10,"BSS","3",2.2,8.6,3.7,9.2,5,3,"Yes",NA,NA,NA,NA,NA,NA,NA,NA,NA,NA,NA,NA,NA,NA,NA,15.6,18,4.9,5,"0.5","0.5",NA,"0.5","1","0.5","0",NA,NA,"Patsiokas, A. T., & Clum, G. A. (1985). Effects of psychotherapeutic strategies in the treatment of suicide attempters. Psychotherapy: Theory, Research, Practice, Training, 22(2), 281–290. https://doi.org/10.1037/h0085507",NA,NA,NA,NA,NA,NA,NA,NA,NA,NA,1985,"0","A - Western"
"56","Pfeiffer 2019","Pfeiffer2019_BSS_12_other_cau_NA_NA",0.123660444591145,0.239376752146301,"other","cau","USA","H","Pfeiffer 2019",0,"yes",NA,NA,NA,NA,"usa","suic","suic","suic","clin","1",0.53,34,"adult","outpatient","Individual","12",14,"BSS","12",5.2,6.1,7.5,6.9,34,36,"Yes",NA,NA,NA,NA,NA,NA,NA,NA,NA,NA,NA,NA,NA,NA,NA,22.6,23.8,8.2,7,"1","0.5",0,"2","1","0.5","0",0,NA,"Pfeiffer, P. N., King, C., Ilgen, M., Ganoczy, D., Clive, R., Garlick, J., Abraham, K., Kim, H. M., Vega, E., Ahmedani, B., & Valenstein, M. (2019). Development and pilot study of a suicide prevention intervention delivered by peer support specialists. Psychological services, 16(3), 360–371. https://doi.org/10.1037/ser0000257",NA,NA,NA,NA,NA,NA,NA,NA,NA,NA,2019,"0","A - Western"
"57","Pigeon 2019","Pigeon2019_C-SSRS_6_cbt_cau_NA_NA",0.253770386566742,0.273291111857167,"cbt","cau","USA","H","Pigeon 2019",0,"no",NA,NA,NA,NA,"usa","mixed + suic","mixed","suic","clin","2",0.2,54.8,"adult","outpatient","Individual","5",4,"C-SSRS","6",6.14,7.83,6.76,6.36,27,27,"Yes",NA,NA,NA,NA,NA,NA,NA,NA,NA,NA,NA,NA,NA,NA,NA,13.04,12,3.57,2.59,"1","1",1,"1","0","0","0",0,NA,"Pigeon, W. R., Funderburk, J. S., Cross, W., Bishop, T. M., & Crean, H. F. (2019). Brief CBT for insomnia delivered in primary care to patients endorsing suicidal ideation: a proof-of-concept randomized clinical trial. Translational behavioral medicine, 9(6), 1169–1177. https://doi.org/10.1093/tbm/ibz108",NA,NA,NA,NA,NA,NA,NA,NA,NA,NA,2019,"0","A - Western"
"58","Pistorello 2012","Pistorello2012_SBQ_52_dbt_dyn_NA_NA",0.665359805347498,0.259055925870665,"dbt","dyn","USA","H","Pistorello 2012",0,"yes",NA,NA,NA,"psychodynamic-based cau","usa","bpd + suic","bpd","suic","clin","3",0.81,20.86,"yadul","outpatient","Individual and group","40",NA,"SBQ","52",13.64,24.92,12.2,20.19,31,32,"Yes",NA,NA,NA,NA,NA,NA,NA,NA,NA,NA,NA,NA,NA,NA,NA,31.42,32.88,14.64,18.32,"1","0.5",1,NA,"1","0.5","0.5",NA,NA,"Pistorello, J., Fruzzetti, A. E., Maclane, C., Gallop, R., & Iverson, K. M. (2012). Dialectical behavior therapy (DBT) applied to college students: a randomized clinical trial. Journal of consulting and clinical psychology, 80(6), 982–994. https://doi.org/10.1037/a0029096",NA,NA,NA,NA,NA,NA,NA,NA,NA,NA,2012,"0.5","A - Western"
"59","Pistorello 2020","Pistorello2020_BSS_8_cams_cau_NA_NA",0.258940639940934,0.255617588366497,"cams","cau","USA","H","Pistorello 2020",0,"yes",NA,NA,NA,NA,"usa","suic","suic","suic","clin","1)seeking CCC services 2)18-25 years of age 3)new to CCC treatment (or not in the treatment in  months prior) 4) endorsing a two or above on the question of ""I have thoughts of ending my life on CCAPS-34",677,19.97,"yadul","outpatient","individual","8",4,"BSS","8",5.66,7.35,6.44,6.45,33,29,"Yes",NA,NA,NA,NA,NA,NA,NA,NA,NA,NA,NA,NA,NA,NA,NA,13.79,13.72,5.13,7.07,NA,NA,NA,NA,NA,NA,NA,NA,NA,"Pistorello, J., Jobes, D. A., Gallop, R., Compton, S. N., Locey, N. S., Au, J. S., Noose, S. K., Walloch, J. C., Johnson, J., Young, M., Dickens, Y., Chatham, P., & Jeffcoat, T. (2021). A Randomized Controlled Trial of the Collaborative Assessment and Management of Suicidality (CAMS) Versus Treatment as Usual (TAU) for Suicidal College Students. Archives of suicide research : official journal of the International Academy for Suicide Research, 25(4), 765–789. https://doi.org/10.1080/13811118.2020.1749742",NA,NA,NA,NA,NA,NA,NA,NA,NA,NA,2020,NA,"A - Western"
"60","Pratt 2015","Pratt2015_BSS_16_cbt_cau_NA_NA",0.0861787278776324,0.317972856366809,"cbt","cau","United Kingdom","H","Pratt 2015",0,"yes",NA,NA,NA,NA,"uk","suic","suic","suic","oth","10",0,35.25,"adult","outpatient","Individual?","16",20,"BSS","16",5.8,6.7,9.9,10.5,18,22,"Yes (number of episodes of suicidal or self-injurious behaviour)",NA,NA,NA,NA,NA,NA,NA,NA,NA,NA,NA,NA,NA,NA,NA,13.2,14.5,10.8,11.2,"1","1",1,"2","0","0.5","0",0,NA,"Pratt, D., Tarrier, N., Dunn, G., Awenat, Y., Shaw, J., Ulph, F., & Gooding, P. (2015). Cognitive-behavioural suicide prevention for male prisoners: a pilot randomized controlled trial. Psychological medicine, 45(16), 3441–3451. https://doi.org/10.1017/S0033291715001348",NA,NA,NA,NA,NA,NA,NA,NA,NA,NA,2015,"0","A - Western"
"61","Rudd 1996","Rudd1996_M-BSS_4_other_cau_NA_NA",-0.0976578505349768,0.139086689703599,"other","cau","USA","H","Rudd 1996",0,"yes",NA,NA,NA,NA,"usa","mixed + suic","mixed","suic","clin","2",0.1925,22,"yadul","outpatient","Group","2",10,"M-BSS","4",5.6,4.7,9.6,8.6,120,91,"No",NA,NA,NA,NA,NA,NA,NA,NA,NA,NA,NA,NA,NA,NA,NA,23,22.9,9.9,10.5,"0.5","0.5",NA,"0","0","0.5","0",NA,NA,"Rudd, M. D., Rajab, M. H., Orman, D. T., Joiner, T., Stulman, D. A., & Dixon, W. (1996). Effectiveness of an outpatient intervention targeting suicidal young adults: preliminary results. Journal of consulting and clinical psychology, 64(1), 179–190. https://doi.org/10.1037//0022-006x.64.1.179",NA,NA,NA,NA,NA,NA,NA,NA,NA,NA,1996,"0","A - Western"
"62","Rudd 2015","Rudd2015_BSS_26_cbt_cau_NA_NA",0.433328027178965,0.210412674073225,"cbt","cau","USA","H","Rudd 2015",0,"yes",NA,NA,NA,NA,"usa","suic","suic","suic","clin","2",125,27.4,"adult","outpatient","Individual","18",12,"BSS","26",3.47,6.21,5.13,7.5,53,41,"Yes",NA,NA,NA,NA,NA,NA,NA,NA,NA,NA,NA,NA,NA,NA,NA,19.16,19.07,9.3,8.69,"1","0.5",1,"2","1","0","0",0,NA,"Rudd, M. D., Bryan, C. J., Wertenberger, E. G., Peterson, A. L., Young- McCaughan, S., Mintz, J., Williams, S. R., Arne, K. A., Breitbach, J., Delano, K., Wilkinson, E., & Bruce, T. O. (2015). Brief cognitive-behavioral therapy effects on post-treatment suicide attempts in a military sample: results of a randomized clinical trial with 2-year follow-up. The American journal of psychiatry, 172(5), 441–449. https://doi.org/10.1176/appi.ajp.2014.14070843",NA,NA,NA,NA,NA,NA,NA,NA,NA,NA,2015,"0","A - Western"
"63","Ryberg 2019","Ryberg2019_BSS_NA_cams_ecau_NA_NA",0.5146,0.2305,"cams","ecau","Norway","H","Ryberg 2019",1,"yes",NA,NA,NA,NA,"eu","suic","suic","suic","clin","1",0.53,35.9,"adult","mixed","Individual",NA,8,"BSS",NA,NA,NA,NA,NA,37,41,"Yes",NA,NA,NA,NA,NA,NA,NA,NA,NA,NA,NA,-0.5146,0.2305,NA,NA,24.9,23.5,4.2,5.2,"1","1",1,"1","1","1","0",0,NA,"Ryberg, W., Zahl, P. H., Diep, L. M., Landrø, N. I., & Fosse, R. (2019). Managing suicidality within specialized care: A randomized controlled trial. Journal of affective disorders, 249, 112–120. https://doi.org/10.1016/j.jad.2019.02.022",NA,NA,NA,NA,NA,NA,NA,NA,NA,NA,2019,"0","A - Western"
"64","Samaraweera 2007","Samaraweera2007_BSS_8_cbt_cau_NA_NA",2.7714035224435,0.995011374612708,"cbt","cau","Sri Lanka","LM","Samaraweera 2007",0,"yes",NA,NA,NA,NA,"oth","suic","suic","suic","com","1",0.6,36.3,"adult","outpatient","Individual","3",8,"BSS","8",0.2,12.3,0.5,5.9,5,4,"No",NA,NA,NA,NA,NA,NA,NA,NA,NA,NA,NA,NA,NA,NA,NA,11.2,14.5,9.7,9.2,"1","0.5",NA,"2","0.5","0.5","0",NA,NA,"Samaraweera, S., Sivayogan, S., Sumathipala, A., Bhugra, D., & Siribaddana,S. (2007). RCT of Cognitive Behaviour Therapy in active suicidal ideation-as feasibility study in Sri Lanka. The European Journal of Psychiatry, 21(3), 175–178. https://doi.org/10.4321/S0213-61632007000300001",NA,NA,NA,NA,NA,NA,NA,NA,NA,NA,2007,"0","B - Non-Western"
"65","Sanz Cruces 2018","SanzCruces2018_SuicideRiskScale_8_other_wl_NA_NA",0.253480050982861,0.287937191590523,"other","wl","Spain","H","Sanz Cruces 2018",0,"no",NA,NA,NA,NA,"eu","other","other","other","clin","1",549,42.3,"adult","outpatient","Group","8",8,"Suicide Risk Scale","8",4.93,5.75,3.15,3.24,31,20,"No",NA,NA,NA,NA,NA,NA,NA,NA,NA,NA,NA,NA,NA,NA,NA,6.6,6.2,3.2,3.4,"0.5","0.5",NA,"2","0","0.5","0",NA,"#360 on Covidence","Sanz Cruces, J. M., García Cuenca, I. M., Lacomba-Trejo, L., Cuquerella Adell, M. Á., Cano Navarro, I., Ferrandis Cortés, M., Jordá Carreres, E., & Carbajo Álvarez, E. (2018). Group Therapy for Patients with Adjustment Disorder in Primary Care. The Spanish journal of psychology, 21, E50. https://doi.org/10.1017/sjp.2018.51",NA,NA,NA,NA,NA,NA,NA,NA,NA,NA,2018,"0","A - Western"
"66","Sedghy 2022","Sedghy2022_BSS_13_cbt_cau_NA_NA",1.14961120623726,0.258448111999055,"cbt","cau","Iran","LM","Sedghy 2022",0,"yes",NA,NA,NA,NA,"oth","suic","suic","suic","oth","18 years, minimum reading and writing literacy, living in the city and having accessibility for follow-up, no mental retardation, no self-reported of taking psychotropic drugs, psychosis or hospitalization due to psychiatric disorders, stability of the patient's condition, fully consciousness, lack of communication problems, acknowledging a deliberate suicidal attempt by the patients or a family member, and no previous suicide attempt.",0.47,26.69,"adult","outpatient","individual","not reported",3,"BSS","13",8.86,15.85,5.3,6.65,35,35,"Yes",NA,NA,NA,NA,NA,NA,NA,NA,NA,NA,NA,NA,NA,NA,NA,21.93,19.91,6.45,6.8,"some concerns","some concerns",NA,"some concerns","low","some concerns","some concerns",NA,NA,"Sedghy, Z., Yoosefi, N., & Navidian, A. (2020). The effect of motivational interviewing-based training on the rate of using mental health services and intensity of suicidal ideation in individuals with suicide attempt admitted to the emergency department. Journal of education and health promotion, 9.",NA,NA,NA,NA,NA,NA,NA,NA,NA,NA,2022,"some concerns","B - Non-Western"
"67","Shaygan 2022","Shaygan2022_BSS_8_other_cau_NA_NA",1.04868458273932,0.220270201766108,"other","cau","Iran","LM","Shaygan 2022",0,"no",NA,NA,"positive psychology","sertraline (same as arm1)","oth","dep","dep","other",NA,"outpatients aged 18 to 50 years who met the diagnostic criteria for unipolar MDD as defined in the Diagnostic and Statistical Manual of Mental Disorders, Fifth Edition (DSM-V) and confirmed by a psychiatrist using the Structured Clinical Interview for DSM (SCID-5) (American Psychiatric Association, 2015). These diagnostic criteria had to be met at the first and second visits during a 2-week screening period. Patients were required to have a significant suicidal ideation based on screening items of Beck Scale for Suicide Ideation (Miller et al., 1986) and a Beck Hopelessness Scale rating of ≥9, indicating at least moderate severity of hopelessness (Beck & Steer, 1989). Patients had to be free of psychotropic medication for at least 2 weeks prior to participation in the study.",713,36.26,"adult","outpatient","group","2 months",8,"BSS","8",15.68,22.69,7.47,5.62,48,46,"No",NA,NA,NA,NA,NA,NA,NA,NA,NA,NA,NA,NA,NA,NA,NA,21.69,23.02,10.45,44779,"low","some concerns",NA,"low","low","some concerns","some concerns",NA,NA,"Shaygan, M., Sheybani Negad, S., & Motazedian, S. (2022). The effect of combined sertraline and positive psychotherapy on hopelessness and suicidal ideation among patients with major depressive disorder: a randomized controlled trial. The Journal of Positive Psychology, 17(5), 655-664.",NA,NA,NA,NA,NA,NA,NA,NA,NA,NA,2022,"some concerns","B - Non-Western"
"68","Sheaves 2019","Sheaves2019_BSS_4_other_cau_NA_NA",0.0255760548180301,0.408266194127525,"other","cau","United Kingdom","H","Sheaves 2019",0,"no",NA,NA,NA,NA,"uk","schiz","schiz","other","clin","1",0.42,41,"adult","outpatient","Individual","4",NA,"BSS","4",5.7,5.9,7.6,7.5,12,12,"Yes (adverse event)",NA,NA,NA,NA,NA,NA,NA,NA,NA,NA,NA,NA,NA,NA,NA,6.5,10.5,8.4,10.6,"1","1",0.5,"2","1","0.5","0",0,NA,"Sheaves, B., Holmes, E. A., Rek, S., Taylor, K. M., Nickless, A., Waite, F., Germain, A., Espie, C. A., Harrison, P. J., Foster, R., & Freeman, D. (2019). Cognitive Behavioural Therapy for Nightmares for Patients with Persecutory Delusions (Nites): An Assessor-Blind, Pilot Randomized Controlled Trial. Canadian journal of psychiatry. Revue canadienne de psychiatrie, 64(10), 686–696. https://doi.org/10.1177/0706743719847422",NA,NA,NA,NA,NA,NA,NA,NA,NA,NA,2019,"0","A - Western"
"69","Simpson 2011","Simpson2011_BSS_10_cbt_wl_NA_NA",0.486996136864784,0.493815701995579,"cbt","wl","Australia","H","Simpson 2011",0,"no",NA,NA,NA,NA,"au","hopelessness","hopelessness","other","clin","4",NA,41.9,"adult","outpatient","Group","10",NA,"BSS","10",5.14,9.5,8.92,8.11,8,9,"No",NA,NA,NA,NA,NA,NA,NA,NA,NA,NA,NA,NA,NA,NA,NA,7.75,8.67,10.69,7.11,"1","1",NA,"0.5","1","0.5","0",NA,NA,"Simpson, G. K., Tate, R. L., Whiting, D. L., & Cotter, R. E. (2011). Suicide prevention after traumatic brain injury: a randomized controlled trial of a program for the psychological treatment of hopelessness. The Journal of head trauma rehabilitation, 26(4), 290–300. Simon, G. E., Beck, A., Rossom, R., Richards, J., Kirlin, B., King, D., Shulman, L., Ludman, E. J., Penfold, R., Shortreed, S. M., & Whiteside, U. (2016). Population-based outreach versus care as usual to prevent suicide attempt: study protocol for a randomized controlled trial. Trials, 17(1), 452. https://doi.org/10.1186/s13063-016-1566-z159.https://doi.org/10.1097/HTR.0b013e3182225250",NA,NA,NA,NA,NA,NA,NA,NA,NA,NA,2011,"0","A - Western"
"70","Sinniah 2017","Sinniah2017_BSS_8_cbt_cau_NA_NA",0.85868888717778,0.252083365735469,"cbt","cau","Malaysia","UM","Sinniah 2017",0,"no",NA,NA,NA,NA,"oth","dep + suic","dep","suic","clin","1",0.6956,43.13,"adult","outpatient","Individual","8",16,"BSS","8",24.06,28.42,5.01,5.03,33,36,"No",NA,NA,NA,NA,NA,NA,NA,NA,NA,NA,NA,NA,NA,NA,NA,28,28.66,3.91,5.06,"0.5","0.5",NA,"2","0","0.5","0",NA,NA,"Sinniah, A., Oei, T., Maniam, T., & Subramaniam, P. (2017). Positive effects of Individual Cognitive Behavior Therapy for patients with unipolar mood disorders with suicidal ideation in Malaysia: A randomised controlled trial. Psychiatry research, 254, 179–189. https://doi.org/10.1016/j.psychres.2017.04.026",NA,NA,NA,NA,NA,NA,NA,NA,NA,NA,2017,"0","B - Non-Western"
"71","Slee 2008","Slee2008_SuicideCognitionScale_26_cbt_cau_NA_NA",0.644869883763937,0.226701595191428,"cbt","cau","Netherlands","H","Slee 2008",0,"yes",NA,NA,NA,NA,"eu","suic","suic","suic","clin","7",939,24.66,"adult","outpatient","Individual","25",12,"Suicide Cognition Scale","26",42.48,56.26,19.67,22.5,40,42,"Yes",NA,NA,NA,NA,NA,NA,NA,NA,NA,NA,NA,NA,NA,NA,NA,NA,NA,NA,NA,"1","1",0,"0","0","0","0",0,NA,"Slee, N., Garnefski, N., van der Leeden, R., Arensman, E., & Spinhoven, P. (2008). Cognitive-behavioural intervention for self-harm: randomised controlled trial. The British journal of psychiatry : the journal of mental science, 192(3), 202–211. https://doi.org/10.1192/bjp.bp.107.037564",NA,NA,NA,NA,NA,NA,NA,NA,NA,NA,2008,"0","A - Western"
"72","Slesnick 2019","Slesnick2019_BSS-W_26_cbt_cau_NA_NA",0.266489903928002,0.164029909665386,"cbt","cau","USA","H","Slesnick 2019",0,"yes",NA,NA,NA,NA,"usa","suic","suic","suic","clin","home-less youth had to meet the following criteria: (a) be between the ages of 18 to 24 years, (b) not require hospitalization, (c) be able to provide informed consent as determined by Structured Clinical Interview for DSM-5 disorders psychotic screening, and (d) score>16 on the Scale for Suicide Ideation-Worst Point",407,21,"yadul","outpatient","individual","6 months",10,"BSS-W","26",5.25,6.81,5.27,6.33,75,75,"No",NA,NA,NA,NA,NA,NA,NA,NA,NA,NA,NA,NA,NA,NA,NA,23.15,22.68,5.03,4.66,"Some concerns","Low",NA,"High","Some concerns","Some concerns","High",NA,NA,"Slesnick, N., Zhang, J., Feng, X., Wu, Q., Walsh, L., & Granello, D. H. (2020). Cognitive therapy for suicide prevention: A randomized pilot with suicidal youth experiencing homelessness. Cognitive Therapy and Research, 44, 402-411.",NA,NA,NA,NA,NA,NA,NA,NA,NA,NA,2019,"High","A - Western"
"73","Springer 1996","Springer1996_AdultSuicidalIdeationQuestionnaire_1.5_cbt_otherctr_NA_NA",0.5009,0.3653,"cbt","other ctr","USA","H","Springer 1996",0,"yes",NA,NA,NA,NA,"usa","bpd","bpd","other","clin","1",677,31.4,"adult","inpatient","Group","1.5",10,"Adult Suicidal Ideation Questionnaire","1.5",NA,NA,NA,NA,16,15,"Yes (parasuicidal behavior)",NA,NA,NA,NA,NA,NA,NA,NA,NA,NA,NA,-0.5009,0.3653,NA,NA,NA,NA,NA,NA,"1","0.5",0.5,"2","1","0.5","0",0,NA,"Springer, T., Lohr, N. E., Buchtel, H. A., & Silk, K. R. (1996). A preliminary report of short-term cognitive-behavioral group therapy for inpatients with personality disorders. The Journal of psychotherapy practice and research, 5(1), 57–71.",NA,NA,NA,NA,NA,NA,NA,NA,NA,NA,1996,"0","A - Western"
"74","Tarrier 2014","Tarrier2014_BSS_26_cbt_cau_NA_NA",0.175802860675987,0.339991237254478,"cbt","cau","United Kingdom","H","Tarrier 2014",0,"yes",NA,NA,NA,NA,"uk","schiz + suic","schiz","suic","clin","1",367,35,"adult","outpatient","Individual","12",24,"BSS","26",4.2,5.6,6,9,16,19,"No",NA,NA,NA,NA,NA,NA,NA,NA,NA,NA,NA,NA,NA,NA,NA,9.4,10.1999999999999,8.9,10.2,"0.5","1",NA,"2","0","0.5","0",NA,NA,"Tarrier, N., Kelly, J., Maqsood, S., Snelson, N., Maxwell, J., Law, H., Dunn, G., & Gooding, P. (2014). The cognitive behavioural prevention of suicide in psychosis: a clinical trial. Schizophrenia research, 156(2-3), 204–210. https://doi.org/10.1016/j.schres.2014.04.029",NA,NA,NA,NA,NA,NA,NA,NA,NA,NA,2014,"0","A - Western"
"75","Tighe 2017","Tighe2017_DepressiveSymptomInventorySuicidalitySubscale_6_other_wl_NA_NA",0,0.256108176069141,"other","wl","Australia","H","Tighe 2017",0,"yes",NA,NA,NA,NA,"au","mixed + suic","mixed","suic","com","7",0.6402,26.2,"adult",NA,"N.A.","6",NA,"Depressive Symptom Inventory Suicidality Subscale","6",1.9,1.9,2.1,1.7,31,30,"No",NA,NA,NA,NA,NA,NA,NA,NA,NA,NA,NA,NA,NA,NA,NA,2.7,2.29999999999999,2.2,1.9,"1","1",NA,"2","1","1","0",NA,NA,"Tighe, J., Shand, F., Ridani, R., Mackinnon, A., De La Mata, N., & Christensen, H. (2017). Ibobbly mobile health intervention for suicide prevention in Australian Indigenous youth: a pilot randomised controlled trial. BMJ open, 7(1), e013518. https://doi.org/10.1136/bmjopen-2016-013518 174.Turner, R. M. (2000). Naturalistic evaluation of dialectical behavior therapy-oriented treatment for borderline personality disorder. Cognitive and Behavioral Practice, 7(4), 413–419. https://doi.org/10.1016/S1077-7229(00)80052-8",NA,NA,NA,NA,NA,NA,NA,NA,NA,NA,2017,"0","A - Western"
"76","Turner 2000","Turner2000_BSS_52_dbt_otherctr_NA_NA",0.866043203611395,0.428285368583522,"dbt","other ctr","USA","H","Turner 2000",0,"yes",NA,NA,NA,NA,"usa","bpd + suic","bpd","suic","oth","7",792,22,"yadul","outpatient","Individual and group","52",66.5,"BSS","52",3.83,11.58,8.03,9.21,12,12,"Yes (suicide/self harm attempts, parasuicide)",NA,NA,NA,NA,NA,NA,NA,NA,NA,NA,NA,NA,NA,NA,NA,24.08,23.53,3.73,3.34,"0.5","1",0.5,"2","1","0.5","0",0,NA,"Turner, R. M. (2000). Naturalistic evaluation of dialectical behavior therapyoriented treatment for borderline personality disorder. Cognitive and Behavioral Practice, 7(4), 413–419. https://doi.org/10.1016/S1077- 7229(00)80052-8",NA,NA,NA,NA,NA,NA,NA,NA,NA,NA,2000,"0","A - Western"
"77","Van Beek 2013","VanBeek2013_BSS_12_cbt_cau_NA_NA",0.222845887299614,0.163810544225458,"cbt","cau","Netherlands","H","Van Beek 2013",0,"yes",NA,NA,NA,NA,"eu","suic","suic","suic","clin","1",0.59,42,"adult","outpatient","Group","10",10,"BSS","12",8.85,10.6,8.03,7.59,75,75,"Yes",NA,NA,NA,NA,NA,NA,NA,NA,NA,NA,NA,NA,NA,NA,NA,13.91,14.55,8.68,8.56,"1","1",1,"1","1","0","0",0,NA,"Van Beek, W. Future thinking in suicidal patients, Ede: Print Service Ede B.V. , 2013, p226.",NA,NA,NA,NA,NA,NA,NA,NA,NA,NA,2013,"0","A - Western"
"78","Walker 2016","Walker2016_BSS_8_dyn_otherctr_NA_NA",-0.04061079975189,0.188171198290537,"dyn","other ctr","United Kingdom","H","Walker 2016",0,"yes",NA,NA,NA,NA,"uk","suic","suic","suic","oth","10",1,29.9,"adult","outpatient","Individual","6",6,"BSS","8",10.9,10.47,9.63,11.32,56,57,"Yes",NA,NA,NA,NA,NA,NA,NA,NA,NA,NA,NA,NA,NA,NA,NA,18.55,16.5799999999999,9.16,10.7,"1","0.5",0,"2","0","0.5","0",0,NA,"Walker, T., Shaw, J., Turpin, C., Reid, C., & Abel, K. (2017). The WORSHIP II study: a pilot of psychodynamic interpersonal therapy with women offenders who self-harm. The Journal of Forensic Psychiatry & Psychology, 28(2), 158-171.",NA,NA,NA,NA,NA,NA,NA,NA,NA,NA,2016,"0","A - Western"
"79","Ward-Ciesielski 2017","Ward-Ciesielski2017_BSS_1_other_otherctr_NA_NA",-0.0871987568698763,0.237683668065205,"other","other ctr","USA","H","Ward-Ciesielski 2017",0,"yes",NA,NA,NA,"attention control","usa","suic","suic","suic","clin","1",359,40.22,"adult","outpatient","Individual","0.14",1,"BSS","1",12.79,12.08,7.27,8.71,34,37,"Yes",NA,NA,NA,NA,NA,NA,NA,NA,NA,NA,NA,NA,NA,NA,NA,19.8,18.64,5.2,5.41,"1","0.5",1,"2","0","1","0",0,NA,"Ward-Ciesielski, E. F., Tidik, J. A., Edwards, A. J., & Linehan, M. M. (2017).Comparing brief interventions for suicidal individuals not engaged in treatment: A randomized clinical trial. Journal of affective disorders, 222, 153–161. https://doi.org/10.1016/j.jad.2017.07.011",NA,NA,NA,NA,NA,NA,NA,NA,NA,NA,2017,"0","A - Western"
"80","Wei 2013","Wei2013_BSS_14_cbt_cau_cbt_cau",0.0298411885730094,0.177954940958108,"cbt","cau","China","UM","Wei 2013a",0,"yes","cbt","cau",NA,NA,"eas","suic","suic","suic","oth","1",762,32.5,"adult","outpatient","Individual","12",10,"BSS","14",NA,NA,NA,NA,82,77,"Yes","dichotomised suicidal ideation",33,32,82,77,NA,NA,NA,NA,NA,NA,NA,NA,NA,NA,NA,NA,NA,NA,"1","1",0,"2","1","0.5","0",0,NA,"Wei, S., Liu, L., Bi, B., Li, H., Hou, J., Tan, S., Chen, X., Chen, W., Jia, X.,Dong, G., Qin, X., & Liu, Y. (2013). An intervention and follow-up study following a suicide attempt in the emergency departments of four general hospitals in Shenyang, China. Crisis, 34(2), 107–115. https://doi.org/10.1027/0227-5910/a000181",82,77,33,32,-0.0321421667438156,0.190711550160964,33,32,82,77,2013,"0","A - Western"
"81","Wei 2013","Wei2013_BSS_14_mixed_cau_telephone_cau",-0.104598350056696,0.17758873116772,"mixed","cau","China","UM","Wei 2013b",0,"yes","telephone","cau","also includes elements of Mishara's crisis intervention",NA,"eas","suic","suic","suic","oth","1",762,32.5,"adult","outpatient","Individual","12",10,"BSS","14",NA,NA,NA,NA,80,77,"Yes","dichotomised suicidal ideation",37,32,80,77,NA,NA,NA,NA,NA,NA,NA,NA,NA,NA,NA,NA,NA,NA,"1","1",0,"2","1","0.5","0",0,NA,"Wei, S., Liu, L., Bi, B., Li, H., Hou, J., Tan, S., Chen, X., Chen, W., Jia, X.,Dong, G., Qin, X., & Liu, Y. (2013). An intervention and follow-up study following a suicide attempt in the emergency departments of four general hospitals in Shenyang, China. Crisis, 34(2), 107–115. https://doi.org/10.1027/0227-5910/a000181",80,77,37,32,0.1069607970243,0.18108013154406,37,32,80,77,2013,"0","A - Western"
"82","Weinberg 2006","Weinberg2006_SBQ_7_cbt_cau_NA_NA",0.856037516798549,0.382406345535329,"cbt","cau","USA","H","Weinberg 2006",0,"yes",NA,NA,NA,NA,"usa","bpd + suic","bpd","suic","com","1",1,28.2,"adult","outpatient","Individual","7",6,"SBQ","7",27.47,42.69,16.92,17.67,15,15,"No",NA,NA,NA,NA,NA,NA,NA,NA,NA,NA,NA,NA,NA,NA,NA,27.93,36.53,17.83,17.98,"0.5","1",1,NA,"0","0.5",NA,0,NA,"Weinberg, I., Gunderson, J. G., Hennen, J., & Cutter, C. J., Jr (2006). Manual assisted cognitive treatment for deliberate self-harm in borderline personality disorder patients. Journal of personality disorders, 20(5), 482–492. https://doi.org/10.1521/pedi.2006.20.5.482",NA,NA,NA,NA,NA,NA,NA,NA,NA,NA,2006,NA,"A - Western"
"83","Wilks 2018","Wilks2018_BSS_8_other_wl_NA_NA",0.485614382397258,0.289141673016034,"other","wl","USA","H","Wilks 2018",0,"yes",NA,NA,NA,NA,"usa","sub + suic","sub","suic","com","1",695,38,"adult",NA,"Individual","8",8,"BSS","8",8.67,12.48,6.8,8.37,22,28,"No",NA,NA,NA,NA,NA,NA,NA,NA,NA,NA,NA,NA,NA,NA,NA,13.54,14.53,7.52,7.95,"1","0.5",NA,"0.5","0","1","0",NA,NA,"Wilks, C. R., Lungu, A., Ang, S. Y., Matsumiya, B., Yin, Q., & Linehan, M.M. (2018). A randomized controlled trial of an Internet delivered dialectical behavior therapy skills training for suicidal and heavy episodic drinkers. Journal of affective disorders, 232, 219–228. https://doi.org/10.1016/j.jad.2018.02.053",NA,NA,NA,NA,NA,NA,NA,NA,NA,NA,2018,"0","A - Western"
"84","Wu (R) 2021","Wu(R)2021_BSS_4_other_wl_NA_NA",0.451362547972391,0.261551854137057,"other","wl","China","UM","Wu (R) 2021",0,"no",NA,NA,NA,NA,"eas","suic","suic","suic","com","(1) 18–30 years of age; (2) college undergraduate or


graduate student; (3) in good health, with no mental illness according to established


diagnostic criteria (DSM-IV-TR and ICD-10 combined) or no need for suicidal crisis


intervention; (4) willing to attend the BMM program and wait if necessary; and (5) a


score on the Beck Scale for Suicidal ideation (SSI) 6",767,19.75,"yadul","outpatient","individual and group","1 month",4,"BSS","4",6.57,8.63,3,5.62,30,30,"No",NA,NA,NA,NA,NA,NA,NA,NA,NA,NA,NA,NA,NA,NA,NA,9.87,11.2,2.91,4.93,"some concerns","high",NA,"some concerns","some concerns","some concerns","high",NA,NA,"Wu, R., Zhong, S. Y., Wang, G. H., Wu, M. Y., Xu, J. F., Zhu, H., ... & Jiang, C. L. (2023). The effect of brief mindfulness meditation on suicidal ideation, stress and sleep quality. Archives of suicide research, 27(2), 215-230.",NA,NA,NA,NA,NA,NA,NA,NA,NA,NA,2021,"high","A - Western"
