"","study","contr_MA.","psy","ctr","multiple_arms_ig","multiple_arms_cg","descr_ig","descr_cg","comparison","outcome_type","sample","outc_type","outc_measure","sr_clinician","time","time_weeks","post_m_ig","post_sd_ig","post_n_ig","post_m_cg","post_sd_cg","post_n_cg","baseline_m_ig","baseline_sd_ig","baseline_n_ig","baseline_m_cg","baseline_sd_cg","baseline_n_cg","dich","dich_type","improved_n_ig","improved_n_cg","rand_n_ig","rand_n_cg","dropout_n_ig","dropout_n_cg","change_m_ig_new","change_m_cg_new","change_sd_ig","change_sd_cg","change_n_ig","change_n_cg","other_statistic","year","comorbid_mental","format","format_details","n_sessions_ig","country","age_group","mean_age","percent_women","recruitment","diagnosis","target_group","d1","d2","d3","d4","d5","ROB","itt","no.arms","is.multiarm","rob","condition_arm1","condition_arm2","multi_arm1","multi_arm2","mean_arm1","mean_arm2","sd_arm1","sd_arm2","n_arm1","n_arm2","event_arm1","event_arm2","totaln_arm1","totaln_arm2",".id",".g",".g_se",".log_rr",".log_rr_se",".event_arm1",".event_arm2",".totaln_arm1",".totaln_arm2"
"1","Alavi, 2020",1,"cbt","cau","","","Computer-based CBT presented through Microsoft PowerPoint and delivered via email","The control group completed BAIs at the same timepoints; however they did not receive any treatment and were free to quit thestudy at any time to pursue treatment. Any participant who started a new treatment was excluded from the study. Subjects in the control group did not have access or were experiencing a barrier to receiving in-person treatment or were on a wait list. ","PSYvsCTR","msd","co","gen anx","BAI","sr","post",12,25.38,"7.03","36","37.1","6.81","38",37.66,"7.13","40",37,"7.13","40","","",NA,NA,"40","40","4","2",NA,NA,NA,NA,NA,NA,NA,2020,"n","gsh","gsh","12","oth","adul","31.10","58.75","com","gad","adul","some concerns","some concerns","low risk","low risk","some concerns","some concerns",0,2,0,0,"cbt","cau","","",25.38,37.1,7.03,6.81,36,38,NA,NA,40,40,"Alavi_2020_genanx_BAI_post_12_sr_cbt_cau__",1.67646657594636,0.271084899400218,NA,NA,NA,NA,NA,NA
"2","Andersson, 2012",1,"cbt","wl","cbt","wl","iCBT (internet-based)","","PSYvsCTR","msd","co","worry","PSWQ","sr","post",8,60.78,"9.83","23","62.88","9.39","26",67.89,"6.19","27",68.52,"6.24","27","","",NA,NA,"27","27","4","1",NA,NA,NA,NA,NA,NA,NA,2012,"n","gsh","gsh","8","eu","adul","40.13","77.77","com","gad","adul","low risk","high risk","some concerns","low risk","low risk","high risk",0,3,1,0,"cbt","wl","cbt","wl",60.78,62.88,9.83,9.39,23,26,NA,NA,27,27,"Andersson_2012_worry_PSWQ_post_8_sr_cbt_wl_cbt_wl",0.215274979445237,0.287103180731833,NA,NA,NA,NA,NA,NA
"3","Andersson, 2012",1,"dyn","wl","dyn","wl","IPDT (Internet-based psychodynamic treatment)","","PSYvsCTR","msd","co","worry","PSWQ","sr","post",8,61.88,"7.73","26","62.88","9.39","26",69.74,"5.56","27",68.52,"6.24","27","","",NA,NA,"27","27","1","1",NA,NA,NA,NA,NA,NA,NA,2012,"n","gsh","gsh","8","eu","adul","40.13","77.77","com","gad","adul","low risk","high risk","some concerns","low risk","low risk","high risk",0,3,1,0,"dyn","wl","dyn","wl",61.88,62.88,7.73,9.39,26,26,NA,NA,27,27,"Andersson_2012_worry_PSWQ_post_8_sr_dyn_wl_dyn_wl",0.114524183406901,0.277584366334222,NA,NA,NA,NA,NA,NA
"4","Andersson, 2012",1,"cbt","wl","cbt","wl","iCBT (internet-based)","","PSYvsCTR","msd","co","GAD","GAD-Q-IV","sr","post",8,8.53,"2.37","23","8.52","3.7","26",10.44,"1.09","27",10.82,"1.2","27","","",NA,NA,"27","27","4","1",NA,NA,NA,NA,NA,NA,NA,2012,"n","gsh","gsh","8","eu","adul","40.13","77.77","com","gad","adul","low risk","high risk","some concerns","low risk","low risk","high risk",0,3,1,0,"cbt","wl","cbt","wl",8.53,8.52,2.37,3.7,23,26,NA,NA,27,27,"Andersson_2012_GAD_GAD-Q-IV_post_8_sr_cbt_wl_cbt_wl",-0.0031254693247278,0.286251466873408,NA,NA,NA,NA,NA,NA
"5","Andersson, 2012",1,"dyn","wl","dyn","wl","IPDT (Internet-based psychodynamic treatment)","","PSYvsCTR","msd","co","GAD","GAD-Q-IV","sr","post",8,8.34,"3.31","26","8.52","3.7","26",10.95,"1.14","27",10.82,"1.2","27","","",NA,NA,"27","27","1","1",NA,NA,NA,NA,NA,NA,NA,2012,"n","gsh","gsh","8","eu","adul","40.13","77.77","com","gad","adul","low risk","high risk","some concerns","low risk","low risk","high risk",0,3,1,0,"dyn","wl","dyn","wl",8.34,8.52,3.31,3.7,26,26,NA,NA,27,27,"Andersson_2012_GAD_GAD-Q-IV_post_8_sr_dyn_wl_dyn_wl",0.0505029090309542,0.277395670256741,NA,NA,NA,NA,NA,NA
"6","Andersson, 2012",1,"cbt","wl","cbt","wl","iCBT (internet-based)","","PSYvsCTR","msd","co","gen anx","BAI","sr","post",8,15.09,"6.99","23","19.52","10.34","26",24.3,"9.1","27",23.7,"10.61","27","","",NA,NA,"27","27","4","1",NA,NA,NA,NA,NA,NA,NA,2012,"n","gsh","gsh","8","eu","adul","40.13","77.77","com","gad","adul","low risk","high risk","some concerns","low risk","low risk","high risk",0,3,1,0,"cbt","wl","cbt","wl",15.09,19.52,6.99,10.34,23,26,NA,NA,27,27,"Andersson_2012_genanx_BAI_post_8_sr_cbt_wl_cbt_wl",0.488135014653391,0.290604741225905,NA,NA,NA,NA,NA,NA
"7","Andersson, 2012",1,"dyn","wl","dyn","wl","IPDT (Internet-based psychodynamic treatment)","","PSYvsCTR","msd","co","gen anx","BAI","sr","post",8,15.88,"8.87","26","19.52","10.34","26",25.26,"8.59","27",23.7,"10.61","27","","",NA,NA,"27","27","1","1",NA,NA,NA,NA,NA,NA,NA,2012,"n","gsh","gsh","8","eu","adul","40.13","77.77","com","gad","adul","low risk","high risk","some concerns","low risk","low risk","high risk",0,3,1,0,"dyn","wl","dyn","wl",15.88,19.52,8.87,10.34,26,26,NA,NA,27,27,"Andersson_2012_genanx_BAI_post_8_sr_dyn_wl_dyn_wl",0.372168117292633,0.279814183394721,NA,NA,NA,NA,NA,NA
"8","Bakhshani, 2007",1,"cbt","other ctr","","","","TCA + BZP","PSYvsCTR","msd","co","gen anx","HAMA","sr","post",8,11.43,"3.3","7","9.86","5.03","7",20.57,"4.2","7",26.89,"4.06","7","","",NA,NA,"7","7","0","0",NA,NA,NA,NA,NA,NA,NA,2007,"n","ind","ind","8","oth","adul","26.67","30.00","clin","gad","adul","some concerns","high risk","low risk","high risk","some concerns","high risk",0,2,0,0,"cbt","other ctr","","",11.43,9.86,3.3,5.03,7,7,NA,NA,7,7,"Bakhshani_2007_genanx_HAMA_post_8_sr_cbt_otherctr__",-0.345517283936947,0.5390539518031,NA,NA,NA,NA,NA,NA
"9","Bakhshani, 2007",1,"cbt","pl","","","","Placebo","PSYvsCTR","msd","co","gen anx","HAMA","sr","post",8,11.43,"3.3","7","17.92","7.92","6",20.57,"4.2","7",20.5,"3.99","6","","",NA,NA,"7","7","0","1",NA,NA,NA,NA,NA,NA,NA,2007,"n","ind","ind","8","oth","adul","26.67","30.00","clin","gad","adul","some concerns","high risk","low risk","high risk","some concerns","high risk",0,2,0,0,"cbt","pl","","",11.43,17.92,3.3,7.92,7,6,NA,NA,7,7,"Bakhshani_2007_genanx_HAMA_post_8_sr_cbt_pl__",1.02855853726432,0.597114616079292,NA,NA,NA,NA,NA,NA
"10","Bakhshani, 2007",1,"other ctr","pl","","","","","PSYvsCTR","msd","co","gen anx","HAMA","sr","post",8,9.86,"5.03","7","17.92","7.92","6",26.89,"4.06","7",20.5,"3.99","6","","",NA,NA,"7","7","0","1",NA,NA,NA,NA,NA,NA,NA,2007,"n","ind","ind","8","oth","adul","26.67","30.00","clin","gad","adul","some concerns","high risk","low risk","high risk","some concerns","high risk",0,2,0,0,"other ctr","pl","","",9.86,17.92,5.03,7.92,7,6,NA,NA,7,7,"Bakhshani_2007_genanx_HAMA_post_8_sr_otherctr_pl__",1.15263626944413,0.607103722636992,NA,NA,NA,NA,NA,NA
"11","Barlow, 1992",1,"cbt","wl","ct","wl","","","PSYvsCTR","msd","co","gen anx","HAMA","cr","post",15,11.3,"5","13","21.6","5.4","10",18.2,"4.8","13",16.9,"3.8","10","","",NA,NA,"17","20","4","10",NA,NA,NA,NA,NA,NA,NA,1992,"n","ind","ind","15","us","adul","40.00","43.75","clin","gad","adul","some concerns","high risk","high risk","high risk","some concerns","high risk",0,4,1,0,"cbt","wl","ct","wl",11.3,21.6,5,5.4,13,10,NA,NA,17,20,"Barlow_1992_genanx_HAMA_post_15_cr_cbt_wl_ct_wl",1.91831828715114,0.512868687974577,NA,NA,NA,NA,NA,NA
"12","Barlow, 1992",1,"ar","wl","ar","wl","","","PSYvsCTR","msd","co","gen anx","HAMA","cr","post",15,11.6,"6.3","10","21.6","5.4","10",20.2,"3.2","10",16.9,"3.8","10","","",NA,NA,"16","20","6","10",NA,NA,NA,NA,NA,NA,NA,1992,"n","ind","ind","15","us","adul","40.00","43.75","clin","gad","adul","some concerns","high risk","high risk","high risk","some concerns","high risk",0,4,1,0,"ar","wl","ar","wl",11.6,21.6,6.3,5.4,10,10,NA,NA,16,20,"Barlow_1992_genanx_HAMA_post_15_cr_ar_wl_ar_wl",1.63235114997249,0.522131823631822,NA,NA,NA,NA,NA,NA
"13","Barlow, 1992",1,"other psy","wl","other psy","wl","ct+ar (this should be considered cbt as well)","","PSYvsCTR","msd","co","gen anx","HAMA","cr","post",15,13,"6.3","11","21.6","5.4","10",21,"7.9","11",16.9,"3.8","10","","",NA,NA,"12","20","1","10",NA,NA,NA,NA,NA,NA,NA,1992,"n","ind","ind","15","us","adul","40.00","43.75","clin","gad","adul","some concerns","high risk","high risk","high risk","some concerns","high risk",0,4,1,0,"other psy","wl","other psy","wl",13,21.6,6.3,5.4,11,10,NA,NA,12,20,"Barlow_1992_genanx_HAMA_post_15_cr_otherpsy_wl_otherpsy_wl",1.40149571051439,0.491583074801907,NA,NA,NA,NA,NA,NA
"14","Barlow, 1992",1,"ct","wl","ct","wl","","","PSYvsCTR","msd","co","worry","% day worrying","cr","post",15,31.8,"25.8","13","51.3","30.3","10",66.2,"23","13",49.4,"31.2","10","","",NA,NA,"17","20","4","10",NA,NA,NA,NA,NA,NA,NA,1992,"n","ind","ind","15","us","adul","40.00","43.75","clin","gad","adul","some concerns","high risk","high risk","high risk","some concerns","high risk",0,4,1,0,"ct","wl","ct","wl",31.8,51.3,25.8,30.3,13,10,NA,NA,17,20,"Barlow_1992_worry_%dayworrying_post_15_cr_ct_wl_ct_wl",0.675651776442955,0.433134348103106,NA,NA,NA,NA,NA,NA
"15","Barlow, 1992",1,"ar","wl","ar","wl","","","PSYvsCTR","msd","co","worry","% day worrying","cr","post",15,25.6,"23.4","10","51.3","30.3","10",58.3,"20.9","10",49.4,"31.2","10","","",NA,NA,"16","20","6","10",NA,NA,NA,NA,NA,NA,NA,1992,"n","ind","ind","15","us","adul","40.00","43.75","clin","gad","adul","some concerns","high risk","high risk","high risk","some concerns","high risk",0,4,1,0,"ar","wl","ar","wl",25.6,51.3,23.4,30.3,10,10,NA,NA,16,20,"Barlow_1992_worry_%dayworrying_post_15_cr_ar_wl_ar_wl",0.90925050090755,0.471733318245018,NA,NA,NA,NA,NA,NA
"16","Barlow, 1992",1,"other psy","wl","other psy","wl","ct+ar (this should be considered cbt as well)","","PSYvsCTR","msd","co","worry","% day worrying","cr","post",15,44.3,"39.3","11","51.3","30.3","10",60.3,"33.2","11",49.4,"31.2","10","","",NA,NA,"12","20","1","10",NA,NA,NA,NA,NA,NA,NA,1992,"n","ind","ind","15","us","adul","40.00","43.75","clin","gad","adul","some concerns","high risk","high risk","high risk","some concerns","high risk",0,4,1,0,"other psy","wl","other psy","wl",44.3,51.3,39.3,30.3,11,10,NA,NA,12,20,"Barlow_1992_worry_%dayworrying_post_15_cr_otherpsy_wl_otherpsy_wl",0.190239751702804,0.438000101746315,NA,NA,NA,NA,NA,NA
"17","Butler, 1987",1,"cbt","wl","","","Anxiety management training","","PSYvsCTR","msd","co","gen anx","HAMA","cr","post",12,6.6,"NR","22","7.6","NR","19",16,"NR","22",17.4,"NR","23","","",NA,NA,"22","23","0","4",NA,NA,NA,NA,NA,NA,NA,1987,"n","gsh","gsh","12","uk","adul","37.40","64.44","clin","gad","adul","some concerns","high risk","low risk","low risk","some concerns","high risk",0,2,0,0,"cbt","wl","","",6.6,7.6,NA,NA,22,19,NA,NA,22,23,"Butler_1987_genanx_HAMA_post_12_cr_cbt_wl__",NA,NA,NA,NA,NA,NA,NA,NA
"18","Butler, 1987",1,"cbt","wl","","","Anxiety management training","","PSYvsCTR","msd","co","GAD","assessor rating","cr","post",12,2.6,"NR","22","2.7","NR","19",5.5,"NR","22",5.6,"NR","23","","",NA,NA,"22","23","0","4",NA,NA,NA,NA,NA,NA,NA,1987,"n","gsh","gsh","12","uk","adul","37.40","64.44","clin","gad","adul","some concerns","high risk","low risk","low risk","some concerns","high risk",0,2,0,0,"cbt","wl","","",2.6,2.7,NA,NA,22,19,NA,NA,22,23,"Butler_1987_GAD_assessorrating_post_12_cr_cbt_wl__",NA,NA,NA,NA,NA,NA,NA,NA
"19","Butler, 1991",1,"cbt","wl","cbt","wl","","","PSYvsCTR","msd","co","gen anx","HAMA","cr","post",12,7.9,"4.8","19","13.2","6","19",16.4,"4.8","19",15.4,"3.2","19","","",NA,NA,"19","19","0","0",NA,NA,NA,NA,NA,NA,NA,1991,"n","ind","ind","11","uk","adul","35.00","58.96","clin","gad","adul","some concerns","low risk","low risk","low risk","low risk","some concerns",0,3,1,0,"cbt","wl","cbt","wl",7.9,13.2,4.8,6,19,19,NA,NA,19,19,"Butler_1991_genanx_HAMA_post_12_cr_cbt_wl_cbt_wl",0.95501389682443,0.343196243262139,NA,NA,NA,NA,NA,NA
"20","Butler, 1991",1,"bt","wl","bt","wl","bt+progressive muscolar relaxation","","PSYvsCTR","msd","co","gen anx","HAMA","cr","post",12,12.7,"6.5","18","13.2","6","19",15.8,"2.7","19",15.4,"3.2","19","","",NA,NA,"19","19","1","0",NA,NA,NA,NA,NA,NA,NA,1991,"n","ind","ind","11","uk","adul","35.00","58.96","clin","gad","adul","some concerns","low risk","low risk","low risk","low risk","some concerns",0,3,1,0,"bt","wl","bt","wl",12.7,13.2,6.5,6,18,19,NA,NA,19,19,"Butler_1991_genanx_HAMA_post_12_cr_bt_wl_bt_wl",0.0783002316924018,0.329049662414542,NA,NA,NA,NA,NA,NA
"21","Carl, 2020",1,"cbt","wl","","","","","PSYvsCTR","msd","itt","GAD","GAD-7","sr","post",6,9.46,"4.67","128","12.66","4.7","128",15.6,"2.8","128",15.6,"3.1","128","","",NA,NA,"128","128","21","6",NA,NA,NA,NA,NA,NA,NA,2020,"n","ind","ind","4","uk","adul","30.90","68.00","com","gad","adul","low risk","low risk","low risk","low risk","low risk","low risk",1,2,0,1,"cbt","wl","","",9.46,12.66,4.67,4.7,128,128,NA,NA,128,128,"Carl_2020_GAD_GAD-7_post_6_sr_cbt_wl__",0.681008648673204,0.128593096870365,NA,NA,NA,NA,NA,NA
"22","Carl, 2020",1,"cbt","wl","","","","","PSYvsCTR","msd","itt","worry","PSWQ","sr","post",6,62.56,"9.81","128","67.66","7.84","128",70.8,"6.9","128",70.9,"5.9","128","","",NA,NA,"128","128","21","6",NA,NA,NA,NA,NA,NA,NA,2020,"n","ind","ind","4","uk","adul","30.90","68.00","com","gad","adul","low risk","low risk","low risk","low risk","low risk","low risk",1,2,0,1,"cbt","wl","","",62.56,67.66,9.81,7.84,128,128,NA,NA,128,128,"Carl_2020_worry_PSWQ_post_6_sr_cbt_wl__",0.57263970417985,0.127551025940437,NA,NA,NA,NA,NA,NA
"23","Cragan, 1984",1,"cbt","wl","ct","wl","Anxiety management training","","PSYvsCTR","msd","co","gen anx","STAI-T","sr","post",6,32.23,"7.4","19","44.39","10.56","17",46.63,"8.58","19",44.35,"11.23","17","","",NA,NA,"20","21","1","1",NA,NA,NA,NA,NA,NA,NA,1984,"n","grp","grp","6","us","adul","34.47","67.27","com","gad","adul","high risk","some concerns","low risk","low risk","some concerns","high risk",0,3,1,0,"cbt","wl","ct","wl",32.23,44.39,7.4,10.56,19,17,NA,NA,20,21,"Cragan_1984_genanx_STAI-T_post_6_sr_cbt_wl_ct_wl",1.31728983080715,0.36968063773335,NA,NA,NA,NA,NA,NA
"24","Cragan, 1984",1,"ar","wl","ar","wl","Relaxation as Self-Control","","PSYvsCTR","msd","co","gen anx","STAI-T","sr","post",6,37.85,"10.44","19","44.39","10.56","17",45.42,"9.2","19",44.35,"11.23","17","","",NA,NA,"20","21","1","1",NA,NA,NA,NA,NA,NA,NA,1984,"n","grp","grp","6","us","adul","34.47","67.27","com","gad","adul","high risk","some concerns","low risk","low risk","some concerns","high risk",0,3,1,0,"ar","wl","ar","wl",37.85,44.39,10.44,10.56,19,17,NA,NA,20,21,"Cragan_1984_genanx_STAI-T_post_6_sr_ar_wl_ar_wl",0.609210734599801,0.34182856165818,NA,NA,NA,NA,NA,NA
"25","Craske, 2011",1,"cbt","cau","","","Coordinated Anxiety Learning and Management (CALM)","","PSYvsCTR","msd","co","GAD","GADSS","sr","post",26,8.85,"4.55","239","10.46","4.51","243",13.36,"3.75","270",13.72,"3.73","279","","",NA,NA,"270","279","31","36",NA,NA,NA,NA,NA,NA,NA,2011,"n","ind","ind","4","us","adul","NR","NR","clin","gad","adul","low risk","some concerns","low risk","low risk","some concerns","some concerns",0,2,0,0,"cbt","cau","","",8.85,10.46,4.55,4.51,239,243,NA,NA,270,279,"Craske_2011_GAD_GADSS_post_26_sr_cbt_cau__",0.354862371125716,0.0918170252666784,NA,NA,NA,NA,NA,NA
"26","Dahlin, 2016",1,"3rd","wl","","","therapist-guided internet-delivered acceptance-based behaviour therapy","","PSYvsCTR","msd","co","GAD","GAD7","sr","post",9,6.9,"3.52","42","10.72","4.2","43",13.83,"3.66","52",13.51,"4.14","51","","",NA,NA,"52","51","10","8",NA,NA,NA,NA,NA,NA,NA,2016,"n","gsh","gsh","7","eu","adul","39.48","83.50","com","gad","adul","low risk","some concerns","low risk","low risk","low risk","some concerns",0,2,0,0,"3rd","wl","","",6.9,10.72,3.52,4.2,42,43,NA,NA,52,51,"Dahlin_2016_GAD_GAD7_post_9_sr_3rd_wl__",0.975858368745277,0.229717303946848,NA,NA,NA,NA,NA,NA
"27","Dahlin, 2016",1,"3rd","wl","","","therapist-guided internet-delivered acceptance-based behaviour therapy","","PSYvsCTR","msd","co","worry","PSWQ","sr","post",9,55.29,"10.02","42","63.35","8.4","43",66.88,"7.16","52",67.45,"6.77","51","","",NA,NA,"52","51","10","8",NA,NA,NA,NA,NA,NA,NA,2016,"n","gsh","gsh","7","eu","adul","39.48","83.50","com","gad","adul","low risk","some concerns","low risk","low risk","low risk","some concerns",0,2,0,0,"3rd","wl","","",55.29,63.35,10.02,8.4,42,43,NA,NA,52,51,"Dahlin_2016_worry_PSWQ_post_9_sr_3rd_wl__",0.864779248752711,0.227035799038123,NA,NA,NA,NA,NA,NA
"28","Dahlin, 2016",1,"3rd","wl","","","therapist-guided internet-delivered acceptance-based behaviour therapy","","PSYvsCTR","msd","co","gen anx","BAI","sr","post",9,12.67,"8.24","42","17.09","7.78","43",21.12,"8.81","52",22.04,"8.2","51","","",NA,NA,"52","51","10","8",NA,NA,NA,NA,NA,NA,NA,2016,"n","gsh","gsh","7","eu","adul","39.48","83.50","com","gad","adul","low risk","some concerns","low risk","low risk","low risk","some concerns",0,2,0,0,"3rd","wl","","",12.67,17.09,8.24,7.78,42,43,NA,NA,52,51,"Dahlin_2016_genanx_BAI_post_9_sr_3rd_wl__",0.546772687838153,0.221034487445785,NA,NA,NA,NA,NA,NA
"29","Dugas, 2010",1,"cbt","wl","cbt","wl","","","PSYvsCTR","msd","itt","gen anx","ADIS-IV","cr","post",12,1.61,"2.21","23","4.78","2.07","20",5.78,"1.04","23",5.9,"1.25","20","","",NA,NA,"23","20","2","0",NA,NA,NA,NA,NA,NA,NA,2010,"n","ind","ind","12","can","adul","38.50","66.15","clin","gad","adul","low risk","low risk","low risk","low risk","some concerns","some concerns",1,3,1,0,"cbt","wl","cbt","wl",1.61,4.78,2.21,2.07,23,20,NA,NA,23,20,"Dugas_2010_genanx_ADIS-IV_post_12_cr_cbt_wl_cbt_wl",1.44980563003714,0.34473832974086,NA,NA,NA,NA,NA,NA
"30","Dugas, 2010",1,"ar","wl","ar","wl","applied relaxation","","PSYvsCTR","msd","itt","gen anx","ADIS-IV","cr","post",12,2.55,"2.58","22","4.78","2.07","20",5.36,"1.26","22",5.9,"1.25","20","","",NA,NA,"22","20","5","0",NA,NA,NA,NA,NA,NA,NA,2010,"n","ind","ind","12","can","adul","38.50","66.15","clin","gad","adul","low risk","low risk","low risk","low risk","some concerns","some concerns",1,3,1,0,"ar","wl","ar","wl",2.55,4.78,2.58,2.07,22,20,NA,NA,22,20,"Dugas_2010_genanx_ADIS-IV_post_12_cr_ar_wl_ar_wl",0.930405407071042,0.325822230438392,NA,NA,NA,NA,NA,NA
"31","Dugas, 2010",1,"cbt","wl","cbt","wl","","","PSYvsCTR","msd","itt","worry","PSWQ","sr","post",12,51.13,"9.87","23","58.8","9.13","20",61.65,"8.27","23",57.34,"9.78","20","","",NA,NA,"23","20","2","0",NA,NA,NA,NA,NA,NA,NA,2010,"n","ind","ind","12","can","adul","38.50","66.15","clin","gad","adul","low risk","low risk","low risk","low risk","some concerns","some concerns",1,3,1,0,"cbt","wl","cbt","wl",51.13,58.8,9.87,9.13,23,20,NA,NA,23,20,"Dugas_2010_worry_PSWQ_post_12_sr_cbt_wl_cbt_wl",0.789664689110994,0.317810530563718,NA,NA,NA,NA,NA,NA
"32","Dugas, 2010",1,"ar","wl","ar","wl","applied relaxation","","PSYvsCTR","msd","itt","worry","PSWQ","sr","post",12,52.16,"8.04","22","58.8","9.13","20",58.01,"5.51","22",57.34,"9.78","20","","",NA,NA,"22","20","5","0",NA,NA,NA,NA,NA,NA,NA,2010,"n","ind","ind","12","can","adul","38.50","66.15","clin","gad","adul","low risk","low risk","low risk","low risk","some concerns","some concerns",1,3,1,0,"ar","wl","ar","wl",52.16,58.8,8.04,9.13,22,20,NA,NA,22,20,"Dugas_2010_worry_PSWQ_post_12_sr_ar_wl_ar_wl",0.759729922929197,0.320300908186564,NA,NA,NA,NA,NA,NA
"33","Dugas, 2003",1,"cbt","wl","","","","","PSYvsCTR","msd","itt","gen anx","ADIS-IV","cr","post",14,3.4,"1.78","25","5.3","1.14","27",6.36,"1.19","25",5.82,"1.04","27","","",NA,NA,"25","27","2","2",NA,NA,NA,NA,NA,NA,NA,2003,"n","grp","grp","14","can","adul","41.20","71.15","com","gad","adul","some concerns","low risk","low risk","low risk","some concerns","some concerns",1,2,0,0,"cbt","wl","","",3.4,5.3,1.78,1.14,25,27,NA,NA,25,27,"Dugas_2003_genanx_ADIS-IV_post_14_cr_cbt_wl__",1.26263764571576,0.30469535324945,NA,NA,NA,NA,NA,NA
"34","Dugas, 2003",1,"cbt","wl","","","","","PSYvsCTR","msd","itt","worry","PSWQ","sr","post",14,49.08,"12.18","25","60.04","8.75","27",62.56,"9.5","25",62.22,"7","27","","",NA,NA,"25","27","2","2",NA,NA,NA,NA,NA,NA,NA,2003,"n","grp","grp","14","can","adul","41.20","71.15","com","gad","adul","some concerns","low risk","low risk","low risk","some concerns","some concerns",1,2,0,0,"cbt","wl","","",49.08,60.04,12.18,8.75,25,27,NA,NA,25,27,"Dugas_2003_worry_PSWQ_post_14_sr_cbt_wl__",1.02449467738036,0.295703486115981,NA,NA,NA,NA,NA,NA
"35","Dugas, 2022",1,"cbt","wl","","","Behavioral Experiments for Intolerance of Uncertainty","","PSYvsCTR","msd","co","gen anx","ADIS-IV","cr","post",12,2.46,"1.41","23","5.17","0.97","27",5.48,"0.83","30",5.47,"0.91","30","","",NA,NA,"30","30","7","3",NA,NA,NA,NA,NA,NA,NA,2022,"n","ind","ind","12","can","adul","34.60","85.00","com","gad","adul","some concerns","some concerns","some concerns","low risk","low risk","some concerns",0,2,0,0,"cbt","wl","","",2.46,5.17,1.41,0.97,23,27,NA,NA,30,30,"Dugas_2022_genanx_ADIS-IV_post_12_cr_cbt_wl__",2.2377785670025,0.363596982453505,NA,NA,NA,NA,NA,NA
"36","Dugas, 2022",1,"cbt","wl","","","Behavioral Experiments for Intolerance of Uncertainty","","PSYvsCTR","msd","co","worry","PSWQ","sr","post",12,44.13,"8.83","23","60","8.33","27",67.43,"7.51","30",64,"6.48","30","","",NA,NA,"30","30","7","3",NA,NA,NA,NA,NA,NA,NA,2022,"n","ind","ind","12","can","adul","34.60","85.00","com","gad","adul","some concerns","some concerns","some concerns","low risk","low risk","some concerns",0,2,0,0,"cbt","wl","","",44.13,60,8.83,8.33,23,27,NA,NA,30,30,"Dugas_2022_worry_PSWQ_post_12_sr_cbt_wl__",1.82425705452164,0.338917409214821,NA,NA,NA,NA,NA,NA
"37","Erickson, 2007",1,"cbt","wl","","","","","PSYvsCTR","msd","co","gen anx","BAI","sr","post",11,17,"11.6","7","13","6.2","7",23.9,"16.9","7",15.7,"8.7","7","","",NA,NA,"NR","NR","NR","NR",NA,NA,NA,NA,NA,NA,NA,2007,"n","grp","grp","11","can","adul","NR","NR","clin","gad","adul","some concerns","high risk","some concerns","low risk","some concerns","high risk",0,2,0,0,"cbt","wl","","",17,13,11.6,6.2,7,7,NA,NA,NA,NA,"Erickson_2007_genanx_BAI_post_11_sr_cbt_wl__",-0.402630579491076,0.540666622205069,NA,NA,NA,NA,NA,NA
"38","Hoyer, 2009",1,"bt","wl","bt","wl","Worry exposure (WE)","","PSYvsCTR","msd","co","gen anx","HAMA","cr","post",15,12.19,"7.82","29","21.15","7.16","29",21.6,"7.23","29",23.33,"7.02","29","","",NA,NA,"24","31","4","1",NA,NA,NA,NA,NA,NA,NA,2009,"n","ind","ind","15","eu","adul","45.40","71.00","clin","gad","adul","some concerns","high risk","low risk","low risk","some concerns","high risk",0,3,1,0,"bt","wl","bt","wl",12.19,21.15,7.82,7.16,29,29,NA,NA,24,31,"Hoyer_2009_genanx_HAMA_post_15_cr_bt_wl_bt_wl",1.17902468511153,0.285093292265718,NA,NA,NA,NA,NA,NA
"39","Hoyer, 2009",1,"ar","wl","ar","wl","","","PSYvsCTR","msd","co","gen anx","HAMA","cr","post",15,12.21,"8.82","28","21.15","7.16","29",22.71,"7.35","28",23.33,"7.02","29","","",NA,NA,"18","31","2","1",NA,NA,NA,NA,NA,NA,NA,2009,"n","ind","ind","15","eu","adul","45.40","71.00","clin","gad","adul","some concerns","high risk","low risk","low risk","some concerns","high risk",0,3,1,0,"ar","wl","ar","wl",12.21,21.15,8.82,7.16,28,29,NA,NA,18,31,"Hoyer_2009_genanx_HAMA_post_15_cr_ar_wl_ar_wl",1.09972149411052,0.28478489581124,NA,NA,NA,NA,NA,NA
"40","Hoyer, 2009",1,"bt","wl","bt","wl","Worry exposure (WE)","","PSYvsCTR","msd","co","worry","PSWQ","sr","post",15,54.33,"10.13","29","57.03","9.85","29",61.1,"10.4","29",57,"7.78","29","","",NA,NA,"24","31","4","1",NA,NA,NA,NA,NA,NA,NA,2009,"n","ind","ind","15","eu","adul","45.40","71.00","clin","gad","adul","some concerns","high risk","low risk","low risk","some concerns","high risk",0,3,1,0,"bt","wl","bt","wl",54.33,57.03,10.13,9.85,29,29,NA,NA,24,31,"Hoyer_2009_worry_PSWQ_post_15_sr_bt_wl_bt_wl",0.266608168702875,0.263808833544554,NA,NA,NA,NA,NA,NA
"41","Hoyer, 2009",1,"ar","wl","ar","wl","","","PSYvsCTR","msd","co","worry","PSWQ","sr","post",15,43.55,"9.49","28","57.03","9.85","29",56.84,"8.15","28",57,"7.78","29","","",NA,NA,"18","31","2","1",NA,NA,NA,NA,NA,NA,NA,2009,"n","ind","ind","15","eu","adul","45.40","71.00","clin","gad","adul","some concerns","high risk","low risk","low risk","some concerns","high risk",0,3,1,0,"ar","wl","ar","wl",43.55,57.03,9.49,9.85,28,29,NA,NA,18,31,"Hoyer_2009_worry_PSWQ_post_15_sr_ar_wl_ar_wl",1.37420316765219,0.295339801191007,NA,NA,NA,NA,NA,NA
"42","Hui, 2017",1,"cbt","wl","","","","","PSYvsCTR","msd","itt","worry","PSWQ","sr","post",12,49.59,"7.76","32","66.06","7.27","31",67.84,"7.41","32",67.48,"8.26","31","","",NA,NA,"32","31","0","0",NA,NA,NA,NA,NA,NA,NA,2017,"n","grp","grp","12","eas","old","65.74","42.84","com","gad","old","some concerns","some concerns","low risk","low risk","some concerns","some concerns",1,2,0,0,"cbt","wl","","",49.59,66.06,7.76,7.27,32,31,NA,NA,32,31,"Hui_2017_worry_PSWQ_post_12_sr_cbt_wl__",2.16225629501332,0.318665156716943,NA,NA,NA,NA,NA,NA
"43","Hui, 2017",1,"cbt","wl","","","","","PSYvsCTR","msd","itt","GAD","GAD-Q-IV","sr","post",12,5.75,"2.3","32","10.42","2.86","31",10.31,"2.79","32",10.06,"3.27","31","","",NA,NA,"32","31","0","0",NA,NA,NA,NA,NA,NA,NA,2017,"n","grp","grp","12","eas","old","65.74","42.84","com","gad","old","some concerns","some concerns","low risk","low risk","some concerns","some concerns",1,2,0,0,"cbt","wl","","",5.75,10.42,2.3,2.86,32,31,NA,NA,32,31,"Hui_2017_GAD_GAD-Q-IV_post_12_sr_cbt_wl__",1.78042841239448,0.298829527434644,NA,NA,NA,NA,NA,NA
"44","Hui, 2017",1,"cbt","wl","","","","","PSYvsCTR","msd","itt","gen anx","BAI","sr","post",12,12.44,"5.85","32","24.87","12.54","31",23.69,"12.92","32",24.06,"12.88","31","","",NA,NA,"32","31","0","0",NA,NA,NA,NA,NA,NA,NA,2017,"n","grp","grp","12","eas","old","65.74","42.84","com","gad","old","some concerns","some concerns","low risk","low risk","some concerns","some concerns",1,2,0,0,"cbt","wl","","",12.44,24.87,5.85,12.54,32,31,NA,NA,32,31,"Hui_2017_genanx_BAI_post_12_sr_cbt_wl__",1.26134968619762,0.276500851485506,NA,NA,NA,NA,NA,NA
"45","Jones, 2016",1,"cbt","wl","","","","","PSYvsCTR","msd","co","GAD","GAD-7","sr","post",10,6.5,"4.55","22","10.16","4.22","19",11.78,"4.87","24",11.99,"4.82","21","","",NA,NA,"24","22","2","3",NA,NA,NA,NA,NA,NA,NA,2016,"n","gsh","guided self-help","7","can","old","65.10","86.00","com","gad","old","low risk","low risk","low risk","low risk","low risk","low risk",0,2,0,1,"cbt","wl","","",6.5,10.16,4.55,4.22,22,19,NA,NA,24,22,"Jones_2016_GAD_GAD-7_post_10_sr_cbt_wl__",0.815576066304422,0.326375926398454,NA,NA,NA,NA,NA,NA
"46","Jones, 2016",1,"cbt","wl","","","","","PSYvsCTR","msd","co","worry","PSWQ-A","sr","post",10,22.14,"8.08","22","27.89","7.15","19",29.38,"8.67","24",28.67,"6.93","21","","",NA,NA,"24","22","2","3",NA,NA,NA,NA,NA,NA,NA,2016,"n","gsh","guided self-help","7","can","old","65.10","86.00","com","gad","old","low risk","low risk","low risk","low risk","low risk","low risk",0,2,0,1,"cbt","wl","","",22.14,27.89,8.08,7.15,22,19,NA,NA,24,22,"Jones_2016_worry_PSWQ-A_post_10_sr_cbt_wl__",0.735662636136599,0.323958663320834,NA,NA,NA,NA,NA,NA
"47","Ladouceur, 2000",1,"cbt","wl","","","","","PSYvsCTR","msd","itt","gen anx","ADIS-IV","cr","post",16,2.64,"1.55","14","5.67","1.37","12",6.36,"0.74","14",5.92,"0.9","12","","",NA,NA,"14","12","0","0",NA,NA,NA,NA,NA,NA,NA,2000,"n","ind","ind","16","can","adul","39.70","76.92","com","gad","adul","some concerns","low risk","low risk","low risk","some concerns","some concerns",1,2,0,0,"cbt","wl","","",2.64,5.67,1.55,1.37,14,12,NA,NA,14,12,"Ladouceur_2000_genanx_ADIS-IV_post_16_cr_cbt_wl__",1.9958099558532,0.48625115360669,NA,NA,NA,NA,NA,NA
"48","Ladouceur, 2000",1,"cbt","wl","","","","","PSYvsCTR","msd","itt","worry","PSWQ","sr","post",16,45.64,"9.96","14","64.58","8.27","12",65.86,"8.96","14",59.25,"7.44","12","","",NA,NA,"14","12","0","0",NA,NA,NA,NA,NA,NA,NA,2000,"n","ind","ind","16","can","adul","39.70","76.92","com","gad","adul","some concerns","low risk","low risk","low risk","some concerns","some concerns",1,2,0,0,"cbt","wl","","",45.64,64.58,9.96,8.27,14,12,NA,NA,14,12,"Ladouceur_2000_worry_PSWQ_post_16_sr_cbt_wl__",1.98851120306504,0.485637596983044,NA,NA,NA,NA,NA,NA
"49","Levy Berg, 2009",1,"other psy","cau","","","Affect-focused body psychotherapy (ABP)","","PSYvsCTR","msd","itt","gen anx","BAI","sr","post",56,17.7,"12.3","33","18.6","12.2","28",29.5,"13.2","33",25.4,"10.5","28","","",NA,NA,"33","28","2","7",NA,NA,NA,NA,NA,NA,NA,2009,"n","ind","ind","56","eu","adul","37.00","68.85","clin","gad","adul","some concerns","some concerns","high risk","low risk","some concerns","high risk",1,2,0,0,"other psy","cau","","",17.7,18.6,12.3,12.2,33,28,NA,NA,33,28,"LevyBerg_2009_genanx_BAI_post_56_sr_otherpsy_cau__",0.0725058014269431,0.257024373463996,NA,NA,NA,NA,NA,NA
"50","Linden, 2005",1,"cbt","wl","","","","","PSYvsCTR","msd","itt","gen anx","HAMA","cr","post",45,17.3,"10.5","36","22.5","8.8","36",26.8,"8.3","36",24,"8.3","36","","",NA,NA,"36","36","5","4",NA,NA,NA,NA,NA,NA,NA,2005,"n","ind","ind","25","eu","adul","43.30","83.30","com","gad","adul","some concerns","low risk","low risk","low risk","low risk","some concerns",1,2,0,0,"cbt","wl","","",17.3,22.5,10.5,8.8,36,36,NA,NA,36,36,"Linden_2005_genanx_HAMA_post_45_cr_cbt_wl__",0.531009942892464,0.239909338926254,NA,NA,NA,NA,NA,NA
"51","Lindsay, 1987",1,"cbt","wl","cbt","wl","cbt+relaxation","","PSYvsCTR","msd","co","gen anx","Zung","sr","post",4,29.6,"11.44","10","48.7","21.12","10",50,"8.21","10",54.8,"8.16","10","","",NA,NA,"10","10","0","1",NA,NA,NA,NA,NA,NA,NA,1987,"n","ind","ind","8","eu","adul","36.12","60.00","clin","gad","adul","some concerns","high risk","high risk","low risk","some concerns","high risk",0,4,1,0,"cbt","wl","cbt","wl",29.6,48.7,11.44,21.12,10,10,NA,NA,10,10,"Lindsay_1987_genanx_Zung_post_4_sr_cbt_wl_cbt_wl",1.07705559360421,0.481265619872962,NA,NA,NA,NA,NA,NA
"52","Lindsay, 1987",1,"ar","wl","ar","wl","anxiety management trainin","","PSYvsCTR","msd","co","gen anx","Zung","sr","post",4,39.3,"13.4","10","48.7","21.12","10",54.2,"12.05","10",54.8,"8.16","10","","",NA,NA,"10","10","0","1",NA,NA,NA,NA,NA,NA,NA,1987,"n","ind","ind","8","eu","adul","36.12","60.00","clin","gad","adul","some concerns","high risk","high risk","low risk","some concerns","high risk",0,4,1,0,"ar","wl","ar","wl",39.3,48.7,13.4,21.12,10,10,NA,NA,10,10,"Lindsay_1987_genanx_Zung_post_4_sr_ar_wl_ar_wl",0.509026095413014,0.455040501396523,NA,NA,NA,NA,NA,NA
"53","Lorian, 2012",1,"cbt","wl","","","","","PSYvsCTR","msd","co","GAD","GAD-7","sr","post",9,6.79,"4.33","24","12.29","4.26","20",14.33,"4.5","24",13.62,"3.51","20","","",NA,NA,"25","23","4","4",NA,NA,NA,NA,NA,NA,NA,2012,"n","gsh","gSH","6","au","adul","44.17","72.72","com","gad","adul","some concerns","low risk","low risk","low risk","low risk","some concerns",0,2,0,0,"cbt","wl","","",6.79,12.29,4.33,4.26,24,20,NA,NA,25,23,"Lorian_2012_GAD_GAD-7_post_9_sr_cbt_wl__",1.256538234678,0.332070767725132,NA,NA,NA,NA,NA,NA
"54","Lorian, 2012",1,"cbt","wl","","","","","PSYvsCTR","msd","co","worry","PSWQ","sr","post",9,56.75,"10.78","24","66.14","8.7","20",66.13,"8.25","24",66.33,"12.7","20","","",NA,NA,"25","23","4","4",NA,NA,NA,NA,NA,NA,NA,2012,"n","gsh","gSH","6","au","adul","44.17","72.72","com","gad","adul","some concerns","low risk","low risk","low risk","low risk","some concerns",0,2,0,0,"cbt","wl","","",56.75,66.14,10.78,8.7,24,20,NA,NA,25,23,"Lorian_2012_worry_PSWQ_post_9_sr_cbt_wl__",0.932070985730688,0.319223088532498,NA,NA,NA,NA,NA,NA
"55","Mennin, 2018",1,"3rd","wl","","","Emotion regulation therapy","modified attention control condition","PSYvsCTR","msd","itt","GAD","GAD CSR","cr","post",20,3,"1.3","28","5.5","0.9","25",5.6,"0.6","28",5.9,"0.6","25","","",NA,NA,"28","25","3","5",NA,NA,NA,NA,NA,NA,NA,2018,"y","ind","ind","20","us","adul","39.00","75.00","com","gad","adul","some concerns","low risk","low risk","low risk","low risk","some concerns",1,2,0,0,"3rd","wl","","",3,5.5,1.3,0.9,28,25,NA,NA,28,25,"Mennin_2018_GAD_GADCSR_post_20_cr_3rd_wl__",2.18056306247304,0.349180780550953,NA,NA,NA,NA,NA,NA
"56","Mennin, 2018",1,"3rd","wl","","","Emotion regulation therapy","modified attention control condition","PSYvsCTR","msd","itt","worry","PSWQ","sr","post",20,44,"9.9","28","67.2","10.9","25",67.5,"7.3","28",68.1,"11.8","25","","",NA,NA,"28","25","3","5",NA,NA,NA,NA,NA,NA,NA,2018,"y","ind","ind","20","us","adul","39.00","75.00","com","gad","adul","some concerns","low risk","low risk","low risk","low risk","some concerns",1,2,0,0,"3rd","wl","","",44,67.2,9.9,10.9,28,25,NA,NA,28,25,"Mennin_2018_worry_PSWQ_post_20_sr_3rd_wl__",2.201486958103,0.35045450179487,NA,NA,NA,NA,NA,NA
"57","Mohlman, 2003",1,"cbt","wl","","","","","PSYvsCTR","msd","co","gen anx","BAI","sr","post",13,10.25,"7.03","11","11.45","4.87","10",13,"9.23","11",14.09,"7.02","10","","",NA,NA,"11","10","3","3",NA,NA,NA,NA,NA,NA,NA,2003,"n","ind","ind","13","us","old","66.80","65.40","com","gad","old","some concerns","high risk","high risk","low risk","high risk","high risk",0,2,0,0,"cbt","wl","","",10.25,11.45,7.03,4.87,11,10,NA,NA,11,10,"Mohlman_2003_genanx_BAI_post_13_sr_cbt_wl__",0.188762890049524,0.437983593753468,NA,NA,NA,NA,NA,NA
"58","Newman, 2020",1,"cbt","other ctr","","","","no treatment","PSYvsCTR","msd","co","worry","PSWQ","sr","post",12,40.13,"6.83","39","42.42","8.36","43",45.18,"6.23","50",45.72,"5.54","50","","",NA,NA,"50","50","11","7",NA,NA,NA,NA,NA,NA,NA,2020,"n","gsh","gsh","8","us","yadul","21.40","87.00","com","gad","stud","low risk","some concerns","high risk","low risk","some concerns","high risk",0,2,0,0,"cbt","other ctr","","",40.13,42.42,6.83,8.36,39,43,NA,NA,50,50,"Newman_2020_worry_PSWQ_post_12_sr_cbt_otherctr__",0.295704314565536,0.22235149729292,NA,NA,NA,NA,NA,NA
"59","Newman, 2020",1,"cbt","other ctr","","","","no treatment","PSYvsCTR","msd","co","gen anx","STAI-T","sr","post",12,52.36,"10.51","39","55.56","9.67","43",58.5,"9.96","50",59.78,"7.98","50","","",NA,NA,"50","50","11","7",NA,NA,NA,NA,NA,NA,NA,2020,"n","gsh","gsh","8","us","yadul","21.40","87.00","com","gad","stud","low risk","some concerns","high risk","low risk","some concerns","high risk",0,2,0,0,"cbt","other ctr","","",52.36,55.56,10.51,9.67,39,43,NA,NA,50,50,"Newman_2020_genanx_STAI-T_post_12_sr_cbt_otherctr__",0.314545511549958,0.222512099917411,NA,NA,NA,NA,NA,NA
"60","Nordahl, 2018",1,"cbt","wl","cbt","wl","","","PSYvsCTR","msd","itt","worry","PSWQ","sr","post",12,54.67,"12.8","28","63.95","8.49","21",67.6,"6.28","28",67.52,"7.6","21","","",NA,NA,"28","21","2","0",NA,NA,NA,NA,NA,NA,NA,2018,"n","ind","ind","12","eu","adul","37.75","73.00","clin","gad","adul","low risk","low risk","low risk","low risk","low risk","low risk",1,3,1,1,"cbt","wl","cbt","wl",54.67,63.95,12.8,8.49,28,21,NA,NA,28,21,"Nordahl_2018_worry_PSWQ_post_12_sr_cbt_wl_cbt_wl",0.817388781566826,0.30062444130313,NA,NA,NA,NA,NA,NA
"61","Nordahl, 2018",1,"3rd","wl","other psy","wl","metacognitive therapy (MCT)","","PSYvsCTR","msd","itt","worry","PSWQ","sr","post",12,42.93,"14.09","32","63.95","8.49","21",65.1,"8.47","32",67.52,"7.6","21","","",NA,NA,"32","21","2","0",NA,NA,NA,NA,NA,NA,NA,2018,"n","ind","ind","12","eu","adul","37.75","73.00","clin","gad","adul","low risk","low risk","low risk","low risk","low risk","low risk",1,3,1,1,"3rd","wl","other psy","wl",42.93,63.95,14.09,8.49,32,21,NA,NA,32,21,"Nordahl_2018_worry_PSWQ_post_12_sr_3rd_wl_otherpsy_wl",1.696914842894,0.326887444179163,NA,NA,NA,NA,NA,NA
"62","Nordahl, 2018",1,"cbt","wl","","","","","PSYvsCTR","msd","itt","gen anx","BAI","sr","post",12,10.42,"12.8","28","22.52","13.84","21",21.46,"10.05","29",28.85,"12.85","21","","",NA,NA,"28","21","2","0",NA,NA,NA,NA,NA,NA,NA,2018,"n","ind","ind","12","eu","adul","37.75","73.00","clin","gad","adul","low risk","low risk","low risk","low risk","low risk","low risk",1,2,0,1,"cbt","wl","","",10.42,22.52,12.8,13.84,28,21,NA,NA,28,21,"Nordahl_2018_genanx_BAI_post_12_sr_cbt_wl__",0.898385450079912,0.303050746691087,NA,NA,NA,NA,NA,NA
"63","Nordahl, 2018",1,"3rd","wl","","","metacognitive therapy (MCT)","","PSYvsCTR","msd","itt","gen anx","BAI","sr","post",12,5.06,"5.57","32","22.52","13.84","21",24.47,"13.82","32",28.85,"12.85","21","","",NA,NA,"32","21","2","0",NA,NA,NA,NA,NA,NA,NA,2018,"n","ind","ind","12","eu","adul","37.75","73.00","clin","gad","adul","low risk","low risk","low risk","low risk","low risk","low risk",1,2,0,1,"3rd","wl","","",5.06,22.52,5.57,13.84,32,21,NA,NA,32,21,"Nordahl_2018_genanx_BAI_post_12_sr_3rd_wl__",1.77449137214498,0.330866668562338,NA,NA,NA,NA,NA,NA
"64","Orvati Aziz, 2020",1,"other psy","cau","other psy","other ctr","integration of cognitive-behavioral therapy and short-term psychodynamic psychotherapy","""control group"" probably means no treatment","PSYvsCTR","msd","NR","gen anx","HAMA (?)","cr","post",15,7,"3.44","12","29.75","9.26","12",36.67,"8.92","12",31,"9.81","12","","",NA,NA,"12","12","0","0",NA,NA,NA,NA,NA,NA,NA,2020,"n","ind","ind","15","oth","adul","24.72","83.33","oth","gad","adul","some concerns","high risk","some concerns","some concerns","some concerns","high risk",2,3,1,0,"other psy","cau","other psy","other ctr",7,29.75,3.44,9.26,12,12,NA,NA,12,12,"OrvatiAziz_2020_genanx_HAMA(?)_post_15_cr_otherpsy_cau_otherpsy_otherctr",3.14465752738138,0.622626028848366,NA,NA,NA,NA,NA,NA
"65","Orvati Aziz, 2020",1,"cbt","cau","cbt","other ctr","cbt","""control group"" probably means no treatment","PSYvsCTR","msd","NR","gen anx","HAMA (?)","cr","post",15,10.67,"4.87","12","29.75","9.26","12",30.67,"8.46","12",31,"9.81","12","","",NA,NA,"12","12","0","0",NA,NA,NA,NA,NA,NA,NA,2020,"n","ind","ind","15","oth","adul","24.72","83.33","oth","gad","adul","some concerns","high risk","some concerns","some concerns","some concerns","high risk",2,3,1,0,"cbt","cau","cbt","other ctr",10.67,29.75,4.87,9.26,12,12,NA,NA,12,12,"OrvatiAziz_2020_genanx_HAMA(?)_post_15_cr_cbt_cau_cbt_otherctr",2.49009979652561,0.552483139012574,NA,NA,NA,NA,NA,NA
"66","Pallavicini, 2009",1,"bt","wl","","","Virtual Reality + Mobile Phone without Biofeedback Condition (VRM) + Virtual Reality + Mobile Phone with Biofeedback Condition (VRMB)","","PSYvsCTR","msd","co","gen anx","HAMA","cr","post",8,16.87,"7.38","8","16.25","6.7","4",22.25,"6.83","8",25,"7.43","4","","",NA,NA,"8","4","1","0",NA,NA,NA,NA,NA,NA,NA,2009,"n","ind","ind","8","eu","adul","47.00","75.00","com","gad","adul","some concerns","high risk","some concerns","high risk","some concerns","high risk",0,2,0,0,"bt","wl","","",16.87,16.25,7.38,6.7,8,4,NA,NA,8,4,"Pallavicini_2009_genanx_HAMA_post_8_cr_bt_wl__",-0.0796779339978355,0.61262586312282,NA,NA,NA,NA,NA,NA
"67","Pallavicini, 2009",1,"bt","wl","","","Virtual Reality + Mobile Phone without Biofeedback Condition (VRM) + Virtual Reality + Mobile Phone with Biofeedback Condition (VRMB)","","PSYvsCTR","msd","co","worry","PSWQ","sr","post",8,47.85,"9.94","8","50","5.29","4",44.87,"12.6","8",51.25,"9.84","4","","",NA,NA,"8","4","1","0",NA,NA,NA,NA,NA,NA,NA,2009,"n","ind","ind","8","eu","adul","47.00","75.00","com","gad","adul","some concerns","high risk","some concerns","high risk","some concerns","high risk",0,2,0,0,"bt","wl","","",47.85,50,9.94,5.29,8,4,NA,NA,8,4,"Pallavicini_2009_worry_PSWQ_post_8_sr_bt_wl__",0.225353212214552,0.614396748483123,NA,NA,NA,NA,NA,NA
"68","Pallavicini, 2009",1,"bt","wl","","","Virtual Reality + Mobile Phone without Biofeedback Condition (VRM) + Virtual Reality + Mobile Phone with Biofeedback Condition (VRMB)","","PSYvsCTR","msd","co","GAD","GAD7","sr","post",8,7.35,"4.02","8","8.75","6.18","4",13.12,"7.25","8",14.25,"4.57","4","","",NA,NA,"8","4","1","0",NA,NA,NA,NA,NA,NA,NA,2009,"n","ind","ind","8","eu","adul","47.00","75.00","com","gad","adul","some concerns","high risk","some concerns","high risk","some concerns","high risk",0,2,0,0,"bt","wl","","",7.35,8.75,4.02,6.18,8,4,NA,NA,8,4,"Pallavicini_2009_GAD_GAD7_post_8_sr_bt_wl__",0.270822295029755,0.615293905823154,NA,NA,NA,NA,NA,NA
"118","Paxling, 2011",1,"cbt","wl","","","guided SH CBT","","PSYvsCTR","msd","itt","worry","PSWQ","sr","post",8,57.82,"13.01","NR","69.39","7.06","NR",68.74,"5.94","NR",69.32,"6.55","NR","","",NA,NA,"44","45","6","1",NA,NA,NA,NA,NA,NA,NA,2011,"n","gsh","internet guided self-help","8","eu","adul","39.30","79.80","com","gad","adul","low risk","some concerns","low risk","low risk","some concerns","some concerns",2,2,0,0,"cbt","wl","","",57.82,69.39,13.01,7.06,NA,NA,NA,NA,44,45,"Paxling_2011_worry_PSWQ_post_8_sr_cbt_wl__",NA,NA,NA,NA,NA,NA,NA,NA
"119","Paxling, 2011",1,"cbt","wl","","","guided SH CBT","","PSYvsCTR","msd","itt","GAD","GAD-Q-IV","sr","post",8,6.45,"3.59","NR","9.89","2.77","NR",10.08,"2.42","NR",13.34,"2.13","NR","","",NA,NA,"44","45","6","1",NA,NA,NA,NA,NA,NA,NA,2011,"n","gsh","internet guided self-help","8","eu","adul","39.30","79.80","com","gad","adul","low risk","some concerns","low risk","low risk","some concerns","some concerns",2,2,0,0,"cbt","wl","","",6.45,9.89,3.59,2.77,NA,NA,NA,NA,44,45,"Paxling_2011_GAD_GAD-Q-IV_post_8_sr_cbt_wl__",NA,NA,NA,NA,NA,NA,NA,NA
"71","Power, 1989",1,"cbt","pl","cbt","pl","","","PSYvsCTR","msd","co","gen anx","HAMA","cr","post",6,4.4,"4.6","10","12.6","6.4","11",18.1,"2.5","10",16.7,"1.1","11","","",NA,NA,"11","11","0","0",NA,NA,NA,NA,NA,NA,NA,1989,"n","ind","ind","4","eu","adul","34.00","87.00","clin","gad","adul","some concerns","high risk","low risk","high risk","some concerns","high risk",0,3,1,0,"cbt","pl","cbt","pl",4.4,12.6,4.6,6.4,10,11,NA,NA,11,11,"Power_1989_genanx_HAMA_post_6_cr_cbt_pl_cbt_pl",1.40078597457888,0.491530809556085,NA,NA,NA,NA,NA,NA
"72","Power, 1989",1,"cbt","pl","cbt","pl","","","PSYvsCTR","dich","co","GAD","""a 7-point rating scale of symptom change""","cr","post",6,NA,"","","","","",NA,"","",NA,"","","response","Psychologist assessor stating ""very much"" or ""much"" improved at a 7-point rating scale of symptom change in comparison to the patients condition at admission to the study.",9,6,"11","11","0","0",NA,NA,NA,NA,NA,NA,NA,1989,"n","ind","ind","4","eu","adul","34.00","87.00","clin","gad","adul","some concerns","high risk","low risk","high risk","some concerns","high risk",0,3,1,0,"cbt","pl","cbt","pl",NA,NA,NA,NA,NA,NA,9,6,11,11,"Power_1989_GAD_""a7-pointratingscaleofsymptomchange""_post_6_cr_cbt_pl_cbt_pl",0.701049192821283,0.545168602682562,0.405465108108165,0.309773459094862,9,6,11,11
"73","Power, 1990",1,"cbt","pl","cbt","pl","","","PSYvsCTR","msd","co","GAD","""severity of illness (0-7 scale)","cr","post",10,2.62,"1.36","21","4.21","1.39","19",5.19,"0.74","21",5.21,"0.42","19","","",NA,NA,"21","19","0","0",NA,NA,NA,NA,NA,NA,NA,1990,"n","ind","ind","7","eu","adul","40.52","71.30","clin","gad","adul","some concerns","high risk","low risk","high risk","some concerns","high risk",0,5,1,0,"cbt","pl","cbt","pl",2.62,4.21,1.36,1.39,21,19,NA,NA,21,19,"Power_1990_GAD_""severityofillness(0-7scale)_post_10_cr_cbt_pl_cbt_pl",1.13397328368267,0.342027133097787,NA,NA,NA,NA,NA,NA
"74","Power, 1990",1,"other psy","pl","other psy","pl","diazepam + CBT","","PSYvsCTR","msd","co","GAD","""severity of illness (0-7 scale)","cr","post",10,2.09,"1.04","21","4.21","1.39","19",5.38,"0.86","21",5.21,"0.42","19","","",NA,NA,"21","19","0","0",NA,NA,NA,NA,NA,NA,NA,1990,"n","ind","ind","7","eu","adul","40.52","71.30","clin","gad","adul","some concerns","high risk","low risk","high risk","some concerns","high risk",0,5,1,0,"other psy","pl","other psy","pl",2.09,4.21,1.04,1.39,21,19,NA,NA,21,19,"Power_1990_GAD_""severityofillness(0-7scale)_post_10_cr_otherpsy_pl_otherpsy_pl",1.70543490483532,0.371612464373245,NA,NA,NA,NA,NA,NA
"75","Power, 1990",1,"other psy","pl","other psy","pl","pl + CBT","","PSYvsCTR","msd","co","GAD","""severity of illness (0-7 scale)","cr","post",10,3.22,"1.59","18","4.21","1.39","19",5.22,"0.54","18",5.21,"0.42","19","","",NA,NA,"18","19","0","0",NA,NA,NA,NA,NA,NA,NA,1990,"n","ind","ind","7","eu","adul","40.52","71.30","clin","gad","adul","some concerns","high risk","low risk","high risk","some concerns","high risk",0,5,1,0,"other psy","pl","other psy","pl",3.22,4.21,1.59,1.39,18,19,NA,NA,18,19,"Power_1990_GAD_""severityofillness(0-7scale)_post_10_cr_otherpsy_pl_otherpsy_pl",0.649871910320405,0.337859304582902,NA,NA,NA,NA,NA,NA
"76","Richards, 2016",1,"cbt","wl","","","","","PSYvsCTR","msd","itt","GAD","GAD-7","sr","post",7,7.73,"4.44","70","9.13","4.13","67",12.84,"2.39","70",13.19,"2.78","67","","",NA,NA,"70","67","11","14",NA,NA,NA,NA,NA,NA,NA,2016,"n","gsh","internet guided self-help","7","eu","yadul","23.82","77.40","com","gad","stud","low risk","low risk","low risk","low risk","low risk","low risk",1,2,0,1,"cbt","wl","","",7.73,9.13,4.44,4.13,70,67,NA,NA,70,67,"Richards_2016_GAD_GAD-7_post_7_sr_cbt_wl__",0.324429938211212,0.172045171673771,NA,NA,NA,NA,NA,NA
"77","Richards, 2016",1,"cbt","wl","","","","","PSYvsCTR","msd","itt","worry","PSWQ","sr","post",7,58.53,"10.97","70","60.33","8.79","67",63.04,"8.11","70",63.48,"6.95","67","","",NA,NA,"70","67","11","14",NA,NA,NA,NA,NA,NA,NA,2016,"n","gsh","internet guided self-help","7","eu","yadul","23.82","77.40","com","gad","stud","low risk","low risk","low risk","low risk","low risk","low risk",1,2,0,1,"cbt","wl","","",58.53,60.33,10.97,8.79,70,67,NA,NA,70,67,"Richards_2016_worry_PSWQ_post_7_sr_cbt_wl__",0.179645015410417,0.171260596167229,NA,NA,NA,NA,NA,NA
"78","Robinson, 2010",1,"cbt","wl","","","gSH clinician+technician assisted (merged arms)","","PSYvsCTR","msd","itt","GAD","GAD-7","sr","post",10,5.79,"4.09","97","11.25","4.7","48",12.16,"3.75","97",12.94,"4.07","48","","",NA,NA,"101","49","5","2",NA,NA,NA,NA,NA,NA,NA,2010,"n","gsh","gSH & ugSH","6","au","adul","46.96","68.30","com","gad","adul","low risk","low risk","low risk","low risk","low risk","low risk",1,2,0,1,"cbt","wl","","",5.79,11.25,4.09,4.7,97,48,NA,NA,101,49,"Robinson_2010_GAD_GAD-7_post_10_sr_cbt_wl__",1.26308240153303,0.191578125073893,NA,NA,NA,NA,NA,NA
"79","Robinson, 2010",1,"cbt","wl","","","gSH clinician+technician assisted (merged arms)","","PSYvsCTR","msd","itt","worry","PSWQ","sr","post",10,51.87,"11.45","97","64.22","11.81","48",63.55,"9.33","97",65.81,"10.24","48","","",NA,NA,"101","49","5","2",NA,NA,NA,NA,NA,NA,NA,2010,"n","gsh","gSH & ugSH","6","au","adul","46.96","68.30","com","gad","adul","low risk","low risk","low risk","low risk","low risk","low risk",1,2,0,1,"cbt","wl","","",51.87,64.22,11.45,11.81,97,48,NA,NA,101,49,"Robinson_2010_worry_PSWQ_post_10_sr_cbt_wl__",1.06184819660657,0.187274654230152,NA,NA,NA,NA,NA,NA
"80","Roemer, 2008",1,"3rd","wl","","","acceptance-based behavioral therapy","","PSYvsCTR","msd","itt","GAD","GAD CSR","cr","post",16,3.18,"0.3","15","5.32","0.34","16",5.73,"0.18","15",5.69,"0.12","16","","",NA,NA,"15","16","2","4",NA,NA,NA,NA,NA,NA,NA,2008,"n","ind","ind","16","us","adul","33.59","70.96","clin","gad","adul","low risk","low risk","low risk","low risk","some concerns","some concerns",1,2,0,0,"3rd","wl","","",3.18,5.32,0.3,0.34,15,16,NA,NA,15,16,"Roemer_2008_GAD_GADCSR_post_16_cr_3rd_wl__",6.48644972937349,0.919032769660981,NA,NA,NA,NA,NA,NA
"81","Roemer, 2008",1,"3rd","wl","","","acceptance-based behavioral therapy","","PSYvsCTR","msd","itt","worry","PSWQ","sr","post",16,54.18,"2.35","15","68.93","1.47","16",65.72,"2.11","15",72.03,"0.94","16","","",NA,NA,"15","16","2","4",NA,NA,NA,NA,NA,NA,NA,2008,"n","ind","ind","16","us","adul","33.59","70.96","clin","gad","adul","low risk","low risk","low risk","low risk","some concerns","some concerns",1,2,0,0,"3rd","wl","","",54.18,68.93,2.35,1.47,15,16,NA,NA,15,16,"Roemer_2008_worry_PSWQ_post_16_sr_3rd_wl__",7.3850166770582,1.02789825055306,NA,NA,NA,NA,NA,NA
"82","Rogiers, 2021",1,"cbt","wl","","","‘Drop it’ for Repetitive negative thinking (RNT)","","PSYvsCTR","msd","itt","worry","PSWQ","sr","post",12,55.3,"8.65","45","63.1","8.73","35",64.2,"8.47","45",65.3,"8.53","35","","",NA,NA,"45","35","3","5",NA,NA,NA,NA,NA,NA,NA,2021,"y","grp","grp","8","eu","adul","42.60","66.25","com","gad","adul","some concerns","low risk","low risk","low risk","low risk","some concerns",1,2,0,0,"cbt","wl","","",55.3,63.1,8.65,8.73,45,35,NA,NA,45,35,"Rogiers_2021_worry_PSWQ_post_12_sr_cbt_wl__",0.889440678210055,0.236293977813629,NA,NA,NA,NA,NA,NA
"83","Rogiers, 2021",1,"cbt","wl","","","‘Drop it’ for Repetitive negative thinking (RNT)","","PSYvsCTR","msd","itt","gen anx","STAI-S","sr","post",12,42.8,"10.98","45","49.1","11.06","35",51.2,"14","45",53.6,"13.1","35","","",NA,NA,"45","35","3","5",NA,NA,NA,NA,NA,NA,NA,2021,"y","grp","grp","8","eu","adul","42.60","66.25","com","gad","adul","some concerns","low risk","low risk","low risk","low risk","some concerns",1,2,0,0,"cbt","wl","","",42.8,49.1,10.98,11.06,45,35,NA,NA,45,35,"Rogiers_2021_genanx_STAI-S_post_12_sr_cbt_wl__",0.566433086904749,0.229865602905295,NA,NA,NA,NA,NA,NA
"84","Roy-Byrne, 2010",1,"cbt","cau","","","Coordinated Anxiety Learning andManagement(CALM)","","PSYvsCTR","msd","itt","gen anx","BSI-12 (subscale for anxiety and somatization)","sr","post",26,9.16,"7.43","390","11.68","7.58","366",16.21,"6.12","390",16.27,"7.88","366","","",NA,NA,"390","366","NR","NR",NA,NA,NA,NA,NA,NA,NA,2010,"n","ind","ind","8","us","adul","NR","NR","clin","gad","adul","low risk","low risk","some concerns","low risk","some concerns","some concerns",1,2,0,0,"cbt","cau","","",9.16,11.68,7.43,7.58,390,366,NA,NA,390,366,"Roy-Byrne_2010_genanx_BSI-12(subscaleforanxietyandsomatization)_post_26_sr_cbt_cau__",0.335532030918051,0.073286767050586,NA,NA,NA,NA,NA,NA
"85","Stanley, 2003",1,"cbt","wl","","","","MCC (Minimal contact control)","PSYvsCTR","msd","co","gen anx","HAMA","cr","post",15,13.5,"5.2","29","19.7","6.93","35",20.8,"7.28","29",19.3,"6.7","35","","",NA,NA,"39","41","10","4",NA,NA,NA,NA,NA,NA,NA,2003,"n","grp","group","15","us","old","66.20","75.00","com","gad","old","high risk","high risk","high risk","low risk","some concerns","high risk",0,2,0,0,"cbt","wl","","",13.5,19.7,5.2,6.93,29,35,NA,NA,39,41,"Stanley_2003_genanx_HAMA_post_15_cr_cbt_wl__",0.98647138381789,0.266166920443419,NA,NA,NA,NA,NA,NA
"86","Stanley, 2003",1,"cbt","wl","","","","MCC (Minimal contact control)","PSYvsCTR","msd","co","worry","PSWQ","sr","post",15,51.6,"10.19","29","61.8","8.61","35",60.1,"9.47","29",63.3,"9.34","35","","",NA,NA,"39","41","10","4",NA,NA,NA,NA,NA,NA,NA,2003,"n","grp","group","15","us","old","66.20","75.00","com","gad","old","high risk","high risk","high risk","low risk","some concerns","high risk",0,2,0,0,"cbt","wl","","",51.6,61.8,10.19,8.61,29,35,NA,NA,39,41,"Stanley_2003_worry_PSWQ_post_15_sr_cbt_wl__",1.07689381492027,0.268958186518434,NA,NA,NA,NA,NA,NA
"87","Stanley, 2016",1,"cbt","wl","","","""Calmer life""","Enhanced Community Care","PSYvsCTR","msd","co","GAD","GAD-7","sr","post",12,7.5,"5.04","19","10.71","5.54","17",11.5,"5.1","20",12.3,"5.36","20","","",NA,NA,"20","20","4","3",NA,NA,NA,NA,NA,NA,NA,2016,"n","ind","ind / telephone","12","us","old","62.93","95.00","com","gad","old","some concerns","some concerns","low risk","low risk","some concerns","some concerns",0,2,0,0,"cbt","wl","","",7.5,10.71,5.04,5.54,19,17,NA,NA,20,20,"Stanley_2016_GAD_GAD-7_post_12_sr_cbt_wl__",0.594310031228871,0.341447275119461,NA,NA,NA,NA,NA,NA
"88","Stanley, 2016",1,"cbt","wl","","","""Calmer life""","Enhanced Community Care","PSYvsCTR","msd","co","worry","PSWQ-A","sr","post",12,24.44,"5.45","19","27.76","7.85","17",27.15,"7.46","20",30.8,"4.56","20","","",NA,NA,"20","20","4","3",NA,NA,NA,NA,NA,NA,NA,2016,"n","ind","ind / telephone","12","us","old","62.93","95.00","com","gad","old","some concerns","some concerns","low risk","low risk","some concerns","some concerns",0,2,0,0,"cbt","wl","","",24.44,27.76,5.45,7.85,19,17,NA,NA,20,20,"Stanley_2016_worry_PSWQ-A_post_12_sr_cbt_wl__",0.485410870456545,0.338936723655723,NA,NA,NA,NA,NA,NA
"89","Stanley, 2009",1,"cbt","cau","","","","Enhanced usual care","PSYvsCTR","msd","itt","GAD","GADSS","cr","post",12,8.6,"3.6","65","9.9","4.5","50",11.4,"3.6","70",11.3,"3.4","64","","",NA,NA,"70","64","5","14",NA,NA,NA,NA,NA,NA,NA,2009,"n","ind","ind","10","us","old","66.90","78.40","com","gad","old","low risk","low risk","low risk","low risk","low risk","low risk",1,2,0,1,"cbt","cau","","",8.6,9.9,3.6,4.5,65,50,NA,NA,70,64,"Stanley_2009_GAD_GADSS_post_12_cr_cbt_cau__",0.321622785553361,0.189315618302012,NA,NA,NA,NA,NA,NA
"90","Stanley, 2009",1,"cbt","cau","","","","Enhanced usual care","PSYvsCTR","msd","itt","worry","PSWQ","sr","post",12,45.6,"8.9","65","54.4","10.6","50",53.3,"10.6","70",57.6,"10.9","64","","",NA,NA,"70","64","5","14",NA,NA,NA,NA,NA,NA,NA,2009,"n","ind","ind","10","us","old","66.90","78.40","com","gad","old","low risk","low risk","low risk","low risk","low risk","low risk",1,2,0,1,"cbt","cau","","",45.6,54.4,8.9,10.6,65,50,NA,NA,70,64,"Stanley_2009_worry_PSWQ_post_12_sr_cbt_cau__",0.903611054431785,0.197439550809453,NA,NA,NA,NA,NA,NA
"91","Titov, 2009",1,"cbt","wl","","","""worry programme""","","PSYvsCTR","msd","co","GAD","GAD-7","sr","post",9,6.92,"4.4","24","12.29","4.26","21",14.33,"4.5","24",13.62,"3.51","21","","",NA,NA,"25","23","5","4",NA,NA,NA,NA,NA,NA,NA,2009,"n","gsh","internet guided self-help","6","au","adul","44.00","76.00","com","gad","adul","low risk","low risk","low risk","low risk","low risk","low risk",0,2,0,1,"cbt","wl","","",6.92,12.29,4.4,4.26,24,21,NA,NA,25,23,"Titov_2009_GAD_GAD-7_post_9_sr_cbt_wl__",1.21689656213742,0.326086402639962,NA,NA,NA,NA,NA,NA
"92","Titov, 2009",1,"cbt","wl","","","""worry programme""","","PSYvsCTR","msd","co","worry","PSWQ","sr","post",9,56.75,"10.78","24","66.14","8.7","21",66.13,"8.25","24",66.33,"12.7","21","","",NA,NA,"25","23","5","4",NA,NA,NA,NA,NA,NA,NA,2009,"n","gsh","internet guided self-help","6","au","adul","44.00","76.00","com","gad","adul","low risk","low risk","low risk","low risk","low risk","low risk",0,2,0,1,"cbt","wl","","",56.75,66.14,10.78,8.7,24,21,NA,NA,25,23,"Titov_2009_worry_PSWQ_post_9_sr_cbt_wl__",0.934937564604466,0.315195167417412,NA,NA,NA,NA,NA,NA
"93","Titov 2010",1,"cbt","wl","","","","","PSYvsCTR","msd","itt","worry","PSWQ","sr","post",8,60.94,"9.4","18","61.94","11.16","16",66.17,"8.77","18",65.19,"9.78","16","","",NA,NA,"18","16","NR","NR",NA,NA,NA,NA,NA,NA,NA,2010,"n","gsh","internet guided self-help","6","au","adul","NR","NR","com","gad","adul","low risk","low risk","low risk","low risk","low risk","low risk",1,2,0,1,"cbt","wl","","",60.94,61.94,9.4,11.16,18,16,NA,NA,18,16,"Titov2010_worry_PSWQ_post_8_sr_cbt_wl__",0.0951389634579891,0.343795263763117,NA,NA,NA,NA,NA,NA
"94","Van der Heiden, 2012",1,"3rd","wl","3rd","wl","metacognitive therapy","","PSYvsCTR","msd","itt","worry","PSWQ","sr","post",14,48.7,"16.1","54","65.05","11.7","20",68.66,"6.72","54",65.45,"11.35","20","","",NA,NA,"54","20","16","1",NA,NA,NA,NA,NA,NA,NA,2012,"n","ind","ind","14","eu","adul","35.00","73.00","clin","gad","adul","some concerns","low risk","low risk","low risk","low risk","some concerns",1,3,1,0,"3rd","wl","3rd","wl",48.7,65.05,16.1,11.7,54,20,NA,NA,54,20,"VanderHeiden_2012_worry_PSWQ_post_14_sr_3rd_wl_3rd_wl",1.07400716960455,0.276546394011969,NA,NA,NA,NA,NA,NA
"95","Van der Heiden, 2012",1,"cbt","wl","cbt","wl","Intolerance-of-uncertainty therapy","","PSYvsCTR","msd","itt","worry","PSWQ","sr","post",14,56.26,"11.3","52","65.05","11.7","20",66.98,"8.34","52",65.45,"11.35","20","","",NA,NA,"52","20","15","1",NA,NA,NA,NA,NA,NA,NA,2012,"n","ind","ind","14","eu","adul","35.00","73.00","clin","gad","adul","some concerns","low risk","low risk","low risk","low risk","some concerns",1,3,1,0,"cbt","wl","cbt","wl",56.26,65.05,11.3,11.7,52,20,NA,NA,52,20,"VanderHeiden_2012_worry_PSWQ_post_14_sr_cbt_wl_cbt_wl",0.762096041695083,0.270836097968643,NA,NA,NA,NA,NA,NA
"96","Van der Heiden, 2012",1,"3rd","wl","3rd","wl","metacognitive therapy","","PSYvsCTR","msd","itt","gen anx","STAI-T","sr","post",14,44.82,"14.05","54","51.6","12.35","20",61.1,"8.01","54",54.26,"11.85","20","","",NA,NA,"54","20","16","1",NA,NA,NA,NA,NA,NA,NA,2012,"n","ind","ind","14","eu","adul","35.00","73.00","clin","gad","adul","some concerns","low risk","low risk","low risk","low risk","some concerns",1,3,1,0,"3rd","wl","3rd","wl",44.82,51.6,14.05,12.35,54,20,NA,NA,54,20,"VanderHeiden_2012_genanx_STAI-T_post_14_sr_3rd_wl_3rd_wl",0.492521201715703,0.264938414718958,NA,NA,NA,NA,NA,NA
"97","Van der Heiden, 2012",1,"cbt","wl","cbt","wl","Intolerance-of-uncertainty therapy","","PSYvsCTR","msd","itt","gen anx","STAI-T","sr","post",14,48.48,"12.63","52","51.6","12.35","20",59.2,"8.76","52",54.26,"11.85","20","","",NA,NA,"52","20","15","1",NA,NA,NA,NA,NA,NA,NA,2012,"n","ind","ind","14","eu","adul","35.00","73.00","clin","gad","adul","some concerns","low risk","low risk","low risk","low risk","some concerns",1,3,1,0,"cbt","wl","cbt","wl",48.48,51.6,12.63,12.35,52,20,NA,NA,52,20,"VanderHeiden_2012_genanx_STAI-T_post_14_sr_cbt_wl_cbt_wl",0.245841947673582,0.263931152222994,NA,NA,NA,NA,NA,NA
"98","Vera, 2021",1,"3rd","cau","3rd","cau","Acceptance-based behavior therapy","","PSYvsCTR","msd","co","worry","PSWQ","sr","post",28,45.95,"17","21","59.93","15.43","29",66.73,"6.66","30",66.67,"5.91","30","","",NA,NA,"30","30","8","3",NA,NA,NA,NA,NA,NA,NA,2021,"n","ind","ind","9","oth","adul","41.00","87.00","clin","gad","adul","low risk","high risk","high risk","low risk","some concerns","high risk",0,3,1,0,"3rd","cau","3rd","cau",45.95,59.93,17,15.43,21,29,NA,NA,30,30,"Vera_2021_worry_PSWQ_post_28_sr_3rd_cau_3rd_cau",0.854536844844624,0.299397814042509,NA,NA,NA,NA,NA,NA
"99","Vera, 2021",1,"cbt","cau","cbt","cau","","","PSYvsCTR","msd","co","worry","PSWQ","sr","post",28,48.27,"16.34","26","59.93","15.43","29",67.76,"7.22","29",66.67,"5.91","30","","",NA,NA,"30","30","8","3",NA,NA,NA,NA,NA,NA,NA,2021,"n","ind","ind","9","oth","adul","41.00","87.00","clin","gad","adul","low risk","high risk","high risk","low risk","some concerns","high risk",0,3,1,0,"cbt","cau","cbt","cau",48.27,59.93,16.34,15.43,26,29,NA,NA,30,30,"Vera_2021_worry_PSWQ_post_28_sr_cbt_cau_cbt_cau",0.724467360136796,0.279023863539158,NA,NA,NA,NA,NA,NA
"100","Vera, 2021",1,"3rd","cau","3rd","cau","Acceptance-based behavior therapy","","PSYvsCTR","msd","co","gen anx","DASANX","sr","post",28,11.81,"10.61","21","13.59","10.09","29",22.6,"9.5","30",18.33,"10.23","30","","",NA,NA,"30","30","8","3",NA,NA,NA,NA,NA,NA,NA,2021,"n","ind","ind","9","oth","adul","41.00","87.00","clin","gad","adul","low risk","high risk","high risk","low risk","some concerns","high risk",0,3,1,0,"3rd","cau","3rd","cau",11.81,13.59,10.61,10.09,21,29,NA,NA,30,30,"Vera_2021_genanx_DASANX_post_28_sr_3rd_cau_3rd_cau",0.169938565404633,0.287053806239911,NA,NA,NA,NA,NA,NA
"101","Vera, 2021",1,"cbt","cau","cbt","cau","","","PSYvsCTR","msd","co","gen anx","DASANX","sr","post",28,14.15,"12.35","26","13.59","10.09","29",26.67,"11.91","30",18.33,"10.23","30","","",NA,NA,"30","30","8","3",NA,NA,NA,NA,NA,NA,NA,2021,"n","ind","ind","9","oth","adul","41.00","87.00","clin","gad","adul","low risk","high risk","high risk","low risk","some concerns","high risk",0,3,1,0,"cbt","cau","cbt","cau",14.15,13.59,12.35,10.09,26,29,NA,NA,30,30,"Vera_2021_genanx_DASANX_post_28_sr_cbt_cau_cbt_cau",-0.0492322259062604,0.270123993632931,NA,NA,NA,NA,NA,NA
"102","Wetherell, 2003",1,"cbt","wl","cbt","wl","","","PSYvsCTR","msd","co","gen anx","HAMA","cr","post",12,11.2,"4.7","18","16","7.2","21",14.2,"4.9","18",16.1,"8.3","21","","",NA,NA,"26","23","8","2",NA,NA,NA,NA,NA,NA,NA,2003,"n","grp","grp","12","us","old","67.10","80.00","clin","gad","old","some concerns","high risk","high risk","low risk","some concerns","high risk",0,3,1,0,"cbt","wl","cbt","wl",11.2,16,4.7,7.2,18,21,NA,NA,26,23,"Wetherell_2003_genanx_HAMA_post_12_cr_cbt_wl_cbt_wl",0.761060469374215,0.333036098697795,NA,NA,NA,NA,NA,NA
"103","Wetherell, 2003",1,"sup ","wl","other psy","wl","discussion group","","PSYvsCTR","msd","co","gen anx","HAMA","cr","post",12,13,"8","18","16","7.2","21",16.6,"6.8","18",16.1,"8.3","21","","",NA,NA,"26","23","8","2",NA,NA,NA,NA,NA,NA,NA,2003,"n","grp","grp","12","us","old","67.10","80.00","clin","gad","old","some concerns","high risk","high risk","low risk","some concerns","high risk",0,3,1,0,"sup ","wl","other psy","wl",13,16,8,7.2,18,21,NA,NA,26,23,"Wetherell_2003_genanx_HAMA_post_12_cr_sup_wl_otherpsy_wl",0.387800393353501,0.324320585305951,NA,NA,NA,NA,NA,NA
"104","Wetherell, 2003",1,"cbt","wl","cbt","wl","","","PSYvsCTR","msd","co","worry","PSWQ","sr","post",12,58.1,"14","18","65.7","9.7","21",63.6,"10.3","18",63.9,"11.3","21","","",NA,NA,"26","23","8","2",NA,NA,NA,NA,NA,NA,NA,2003,"n","grp","grp","12","us","old","67.10","80.00","clin","gad","old","some concerns","high risk","high risk","low risk","some concerns","high risk",0,3,1,0,"cbt","wl","cbt","wl",58.1,65.7,14,9.7,18,21,NA,NA,26,23,"Wetherell_2003_worry_PSWQ_post_12_sr_cbt_wl_cbt_wl",0.627165886649084,0.329286638829845,NA,NA,NA,NA,NA,NA
"105","Wetherell, 2003",1,"sup ","wl","other psy","wl","discussion group","","PSYvsCTR","msd","co","worry","PSWQ","sr","post",12,60.1,"8.8","18","65.7","9.7","21",65.6,"7.7","18",63.9,"11.3","21","","",NA,NA,"26","23","8","2",NA,NA,NA,NA,NA,NA,NA,2003,"n","grp","grp","12","us","old","67.10","80.00","clin","gad","old","some concerns","high risk","high risk","low risk","some concerns","high risk",0,3,1,0,"sup ","wl","other psy","wl",60.1,65.7,8.8,9.7,18,21,NA,NA,26,23,"Wetherell_2003_worry_PSWQ_post_12_sr_sup_wl_otherpsy_wl",0.590032325098311,0.328368422892617,NA,NA,NA,NA,NA,NA
"106","Wong, 2016",1,"3rd","cau","3rd","cau","mindfulness-based cognitive therapy (MBCT)","","PSYvsCTR","msd","itt","gen anx","BAI","sr","post",8,26.31,"11.86","61","32.75","12.13","56",31.58,"10.22","61",33.14,"10.08","56","","",NA,NA,"61","60","6","12",NA,NA,NA,NA,NA,NA,NA,2016,"n","grp","grp","8","eas","adul","50.00","79.00","clin","gad","adul","low risk","some concerns","some concerns","low risk","low risk","some concerns",1,3,1,0,"3rd","cau","3rd","cau",26.31,32.75,11.86,12.13,61,56,NA,NA,61,60,"Wong_2016_genanx_BAI_post_8_sr_3rd_cau_3rd_cau",0.533608649483477,0.188370589376982,NA,NA,NA,NA,NA,NA
"107","Wong, 2016",1,"pe","cau","pe","cau","psychoeducation","","PSYvsCTR","msd","itt","gen anx","BAI","sr","post",8,25.02,"12.02","61","32.75","12.13","56",30.45,"4.81","61",33.14,"10.08","56","","",NA,NA,"61","60","7","12",NA,NA,NA,NA,NA,NA,NA,2016,"n","grp","grp","8","eas","adul","50.00","79.00","clin","gad","adul","low risk","some concerns","some concerns","low risk","low risk","some concerns",1,3,1,0,"pe","cau","pe","cau",25.02,32.75,12.02,12.13,61,56,NA,NA,61,60,"Wong_2016_genanx_BAI_post_8_sr_pe_cau_pe_cau",0.63610092696772,0.189743449262825,NA,NA,NA,NA,NA,NA
"108","Wong, 2016",1,"3rd","cau","3rd","cau","mindfulness-based cognitive therapy (MBCT)","","PSYvsCTR","msd","itt","worry","PSWQ","sr","post",8,58.36,"10.77","61","61.63","11.05","56",61.18,"9.6","61",62.67,"9.67","56","","",NA,NA,"61","60","6","12",NA,NA,NA,NA,NA,NA,NA,2016,"n","grp","grp","8","eas","adul","50.00","79.00","clin","gad","adul","low risk","some concerns","some concerns","low risk","low risk","some concerns",1,3,1,0,"3rd","cau","3rd","cau",58.36,61.63,10.77,11.05,61,56,NA,NA,61,60,"Wong_2016_worry_PSWQ_post_8_sr_3rd_cau_3rd_cau",0.297907751796274,0.186104437440292,NA,NA,NA,NA,NA,NA
"109","Wong, 2016",1,"pe","cau","pe","cau","psychoeducation","","PSYvsCTR","msd","itt","worry","PSWQ","sr","post",8,54.95,"10.69","61","61.63","11.05","56",59.66,"10.11","61",62.67,"9.67","56","","",NA,NA,"61","60","7","12",NA,NA,NA,NA,NA,NA,NA,2016,"n","grp","grp","8","eas","adul","50.00","79.00","clin","gad","adul","low risk","some concerns","some concerns","low risk","low risk","some concerns",1,3,1,0,"pe","cau","pe","cau",54.95,61.63,10.69,11.05,61,56,NA,NA,61,60,"Wong_2016_worry_PSWQ_post_8_sr_pe_cau_pe_cau",0.610875008935408,0.189384197071073,NA,NA,NA,NA,NA,NA
"110","Woodward, 1980",1,"cr","cau","ct","other ctr","","no treatment","PSYvsCTR","msd","co","gen anx","Zung","sr","post",8,42.1,"11.2","7","43.3","4.4","7",47.4,"13.6","7",45.6,"11.2","7","","",NA,NA,"7","7","0","0",NA,NA,NA,NA,NA,NA,NA,1980,"n","grp","grp","8","uk","adul","40.30","59.25","clin","gad","adul","some concerns","some concerns","low risk","low risk","some concerns","some concerns",0,4,1,0,"cr","cau","ct","other ctr",42.1,43.3,11.2,4.4,7,7,NA,NA,7,7,"Woodward_1980_genanx_Zung_post_8_sr_cr_cau_ct_otherctr",0.132028224049658,0.535186532994486,NA,NA,NA,NA,NA,NA
"111","Woodward, 1980",1,"ar","cau","ar","other ctr","modified systematic desensitization","no treatment","PSYvsCTR","msd","co","gen anx","Zung","sr","post",8,38.7,"6.7","7","43.3","4.4","7",46.3,"8.73","7",45.6,"11.2","7","","",NA,NA,"7","7","0","0",NA,NA,NA,NA,NA,NA,NA,1980,"n","grp","grp","8","uk","adul","40.30","59.25","clin","gad","adul","some concerns","some concerns","low risk","low risk","some concerns","some concerns",0,4,1,0,"ar","cau","ar","other ctr",38.7,43.3,6.7,4.4,7,7,NA,NA,7,7,"Woodward_1980_genanx_Zung_post_8_sr_ar_cau_ar_otherctr",0.759785641681575,0.556092137882151,NA,NA,NA,NA,NA,NA
"112","Woodward, 1980",1,"cbt","cau","cbt","other ctr","ct+ar","no treatment","PSYvsCTR","msd","co","gen anx","Zung","sr","post",8,37.3,"7.5","6","43.3","4.4","7",46.2,"5.3","6",45.6,"11.2","7","","",NA,NA,"6","7","0","0",NA,NA,NA,NA,NA,NA,NA,1980,"n","grp","grp","8","uk","adul","40.30","59.25","clin","gad","adul","some concerns","some concerns","low risk","low risk","some concerns","some concerns",0,4,1,0,"cbt","cau","cbt","other ctr",37.3,43.3,7.5,4.4,6,7,NA,NA,6,7,"Woodward_1980_genanx_Zung_post_8_sr_cbt_cau_cbt_otherctr",0.928580871744413,0.589787154387498,NA,NA,NA,NA,NA,NA
"113","Zargar, 2012",1,"3rd","cau","","","","no treatment","PSYvsCTR","msd","co","GAD","GAD-7","sr","post",12,4.66,"2.73","9","8.88","6.99","9",11.22,"3.93","9",10.66,"5.7","9","","",NA,NA,"12","12","3","3",NA,NA,NA,NA,NA,NA,NA,2012,"n","ind","ind","12","oth","adul","33","100","clin","gad","adul","some concerns","high risk","high risk","low risk","some concerns","high risk",0,2,0,0,"3rd","cau","","",4.66,8.88,2.73,6.99,9,9,NA,NA,12,12,"Zargar_2012_GAD_GAD-7_post_12_sr_3rd_cau__",0.757414853135824,0.489684682527532,NA,NA,NA,NA,NA,NA
"114","Zargar, 2012",1,"3rd","cau","","","","no treatment","PSYvsCTR","msd","co","worry","PSWQ","sr","post",12,45.22,"10.75","9","47.85","12.35","9",39.14,"3.45","9",40.31,"3.08","9","","",NA,NA,"12","12","3","3",NA,NA,NA,NA,NA,NA,NA,2012,"n","ind","ind","12","oth","adul","33","100","clin","gad","adul","some concerns","high risk","high risk","low risk","some concerns","high risk",0,2,0,0,"3rd","cau","","",45.22,47.85,10.75,12.35,9,9,NA,NA,12,12,"Zargar_2012_worry_PSWQ_post_12_sr_3rd_cau__",0.216344166722173,0.472922424056536,NA,NA,NA,NA,NA,NA
"115","Zinbarg, 2007",1,"cbt","wl","","","","","PSYvsCTR","msd","co","GAD","CSR GAD (SCID)","cr","post",16,2.38,"1.77","8","5.1","1.05","10",5.25,"0.89","8",5,"1.05","10","","",NA,NA,"9","10","1","0",NA,NA,NA,NA,NA,NA,NA,2007,"n","ind","ind","12","us","adul","41.94","63.15","com","gad","adul","some concerns","some concerns","low risk","low risk","some concerns","some concerns",0,2,0,0,"cbt","wl","","",2.38,5.1,1.77,1.05,8,10,NA,NA,9,10,"Zinbarg_2007_GAD_CSRGAD(SCID)_post_16_cr_cbt_wl__",1.835970881159,0.572913968643375,NA,NA,NA,NA,NA,NA
"116","Zinbarg, 2007",1,"cbt","wl","","","","","PSYvsCTR","msd","co","worry","PSWQ","sr","post",16,52.6,"9.71","8","68.7","6.82","10",69.83,"10.55","8",71,"5.58","10","","",NA,NA,"9","10","1","0",NA,NA,NA,NA,NA,NA,NA,2007,"n","ind","ind","12","us","adul","41.94","63.15","com","gad","adul","some concerns","some concerns","low risk","low risk","some concerns","some concerns",0,2,0,0,"cbt","wl","","",52.6,68.7,9.71,6.82,8,10,NA,NA,9,10,"Zinbarg_2007_worry_PSWQ_post_16_sr_cbt_wl__",1.86752446514854,0.576028826193017,NA,NA,NA,NA,NA,NA
"117","Zinbarg, 2007",1,"cbt","wl","","","","","PSYvsCTR","msd","co","gen anx","BAI","sr","post",16,12.92,"8.06","8","15.6","5.76","10",25.33,"14.81","8",17.4,"7.32","10","","",NA,NA,"9","10","1","0",NA,NA,NA,NA,NA,NA,NA,2007,"n","ind","ind","12","us","adul","41.94","63.15","com","gad","adul","some concerns","some concerns","low risk","low risk","some concerns","some concerns",0,2,0,0,"cbt","wl","","",12.92,15.6,8.06,5.76,8,10,NA,NA,9,10,"Zinbarg_2007_genanx_BAI_post_16_sr_cbt_wl__",0.371970873640839,0.478787370741843,NA,NA,NA,NA,NA,NA
