study,condition_arm1,condition_arm2,multi_arm1,multi_arm2,outcome_type,instrument,rating,mean_arm1,sd_arm1,n_arm1,mean_arm2,sd_arm2,n_arm2,mean_change_arm1,mean_change_arm2,sd_change_arm1,sd_change_arm2,n_change_arm1,n_change_arm2,dich_paper,event_arm1,event_arm2,totaln_arm1,totaln_arm2,precalc_g,precalc_g_se,precalc_log_rr,precalc_log_rr_se,other_stat,bl_mean_arm1,bl_sd_arm1,bl_n_arm1,bl_mean_arm2,bl_sd_arm2,bl_n_arm2,rand_arm1,rand_arm2,attr_arm1,attr_arm2,ROB_mod_arm_1,ROB_mod_arm_2,year,time_weeks,time_weeks_needs_cleaning,time,comorbid_mental,format,format_details,n_sessions_arm1,country,age_group,mean_age,percent_women,recruitment,diagnosis,target_group,rob,.id,.g,.g_se,notes
"Abramowitz, 2009",cbt,wlc,,,msd,BSPS,cr,21.72,7.32,11,28.6,3.56,10,,,,,,,,,,,,,,,,,33.18,9.11,11,32.2,8.8,10,11,10,0,0,1,1,2009,,8,post,n,gsh,gsh,8,us,adul,43.4,0.76,com,sad,adul,,Abramowitz_2009_msd_BSPS_post_NA_cr_cbt_wlc_NA_NA,1.129321893,0.4731365603,
"Abramowitz, 2009",cbt,wlc,,,msd,SIAS,self-report,40.81,16.34,11,52.2,12.74,10,,,,,,,,,,,,,,,,,58.81,12.44,11,52.6,10.29,10,11,10,0,0,1,1,2009,,8,post,n,gsh,gsh,8,us,adul,43.4,0.76,com,sad,adul,,Abramowitz_2009_msd_SIAS_post_NA_self-report_cbt_wlc_NA_NA,0.7415810911,0.4528982761,
"Abramowitz, 2009",cbt,wlc,,,msd,STAI-trait,self-report,49.63,13.72,11,50,5.89,10,,,,,,,,,,,,,,,,,56.9,8.64,11,53,5.05,10,11,10,0,0,1,1,2009,,8,post,n,gsh,gsh,8,us,adul,43.4,0.76,com,sad,adul,,Abramowitz_2009_msd_STAI-trait_post_NA_self-report_cbt_wlc_NA_NA,0.03304994901,0.4369637404,
"Anderson, 2013",cbt,wlc,cbt (group),wlc,msd,PRCS,self-report,14.79,8.53,39,23.57,4.28,28,,,,,,,,,,,,,,,,,25.59,2.59,39,24.53,2.73,28,39,28,5,3,0.8717948718,0.8928571429,2013,,8,post,n,grp,grp,8,us,adul,39.03,0.619,com,sad,adul,,Anderson_2013_msd_PRCS_post_NA_self-report_cbt_wlc_cbt(group)_wlc,1.225505233,0.2698656515,
"Anderson, 2013",cbt,wlc,cbt (VRET),wlc,msd,PRCS,self-report,16.23,7.61,30,23.57,4.28,28,,,,,,,,,,,,,,,,,24.37,2.54,30,24.53,2.73,28,30,28,14,3,0.5333333333,0.8928571429,2013,,8,post,n,grp,grp,8,us,adul,39.03,0.619,com,sad,adul,,Anderson_2013_msd_PRCS_post_NA_self-report_cbt_wlc_cbt(VRET)_wlc,1.162179892,0.284624273,
"Anderson, 2013",cbt,wlc,cbt (group),wlc,msd,FNE-B,self-report,38.68,9.31,39,42.45,10.07,28,,,,,,,,,,,,,,,,,44.67,8.35,39,42.64,9.74,28,39,28,5,3,0.8717948718,0.8928571429,2013,,8,post,n,grp,grp,8,us,adul,39.03,0.619,com,sad,adul,,Anderson_2013_msd_FNE-B_post_NA_self-report_cbt_wlc_cbt(group)_wlc,0.3868308445,0.2499966793,
"Anderson, 2013",cbt,wlc,cbt (VRET),wlc,msd,FNE-B,self-report,39.47,10.7,30,42.45,10.07,28,,,,,,,,,,,,,,,,,41.73,10.22,30,42.64,9.74,28,30,28,14,3,0.5333333333,0.8928571429,2013,,8,post,n,grp,grp,8,us,adul,39.03,0.619,com,sad,adul,,Anderson_2013_msd_FNE-B_post_NA_self-report_cbt_wlc_cbt(VRET)_wlc,0.2826560986,0.2641122423,
"Andersson, 2006",cbt,wlc,,,msd,BAI,self-report,8.7,5.8,32,13.6,10.3,32,,,,,,,,,,,,,,,,,13.6,7.3,32,13.2,6.6,32,32,32,2,0,0.9375,1,2006,,9,post,n,oth,gsh/grp,11,eu,adul,37.3,0.516,com,sad,adul,,Andersson_2006_msd_BAI_post_NA_self-report_cbt_wlc_NA_NA,0.5791074092,0.2553132692,
"Andersson, 2006",cbt,wlc,,,msd,SPSQ,self-report,20,8.5,32,28.9,7.9,32,,,,,,,,,,,,,,,,,30.4,8.7,32,30.2,7.6,32,32,32,2,0,0.9375,1,2006,,9,post,n,oth,gsh/grp,11,eu,adul,37.3,0.516,com,sad,adul,,Andersson_2006_msd_SPSQ_post_NA_self-report_cbt_wlc_NA_NA,1.071466439,0.2677516979,
"Andersson, 2006",cbt,wlc,,,msd,SPS,self-report,20.7,14.8,32,31,15.9,32,,,,,,,,,,,,,,,,,35.8,16.7,32,32.5,13.1,32,32,32,2,0,0.9375,1,2006,,9,post,n,oth,gsh/grp,11,eu,adul,37.3,0.516,com,sad,adul,,Andersson_2006_msd_SPS_post_NA_self-report_cbt_wlc_NA_NA,0.6624347642,0.2569301462,
"Andersson, 2006",cbt,wlc,,,msd,PRCS,self-report,22.7,5.4,32,25.5,4.8,32,,,,,,,,,,,,,,,,,25.5,4.2,32,25.9,3.5,32,32,32,2,0,0.9375,1,2006,,9,post,n,oth,gsh/grp,11,eu,adul,37.3,0.516,com,sad,adul,,Andersson_2006_msd_PRCS_post_NA_self-report_cbt_wlc_NA_NA,0.5414154575,0.2546502372,
"Andersson, 2006",cbt,wlc,,,msd,SIAS,self-report,27.3,13.4,32,33.9,12.6,32,,,,,,,,,,,,,,,,,44.4,16.1,32,44.8,12.8,32,32,32,2,0,0.9375,1,2006,,9,post,n,oth,gsh/grp,11,eu,adul,37.3,0.516,com,sad,adul,,Andersson_2006_msd_SIAS_post_NA_self-report_cbt_wlc_NA_NA,0.501288764,0.2539916904,
"Andersson, 2006",cbt,wlc,,,msd,LSAS-SR,self-report,45.6,25.1,32,62.8,21.7,32,,,,,,,,,,,,,,,,,68.5,22.5,32,66.7,20.9,32,32,32,2,0,0.9375,1,2006,,9,post,n,oth,gsh/grp,11,eu,adul,37.3,0.516,com,sad,adul,,Andersson_2006_msd_LSAS-SR_post_NA_self-report_cbt_wlc_NA_NA,0.7242064392,0.2582611804,
"Andersson, 2012",cbt,wlc,,,msd,BAI,self-report,9.46,6.42,102,14,8.35,102,,,,,,,,,,,,,,,,,15.73,7.98,102,16.47,9.14,102,102,102,8,2,0.9215686275,0.9803921569,2012,,9,post,n,gsh,gsh,9,eu,adul,38.25,0.603,com,sad,adul,,Andersson_2012_msd_BAI_post_NA_self-report_cbt_wlc_NA_NA,0.607311405,0.143243115,
"Andersson, 2012",cbt,wlc,,,msd,SPSQ,self-report,18.93,10.42,102,26.76,9.65,102,,,,,,,,,,,,,,,,,30.77,8.94,102,30.54,9.07,102,102,102,8,2,0.9215686275,0.9803921569,2012,,9,post,n,gsh,gsh,9,eu,adul,38.25,0.603,com,sad,adul,,Andersson_2012_msd_SPSQ_post_NA_self-report_cbt_wlc_NA_NA,0.7767969453,0.1452510081,
"Andersson, 2012",cbt,wlc,,,msd,SPS,self-report,23.31,14.33,102,32.9,14.76,102,,,,,,,,,,,,,,,,,38.81,15.59,102,37.25,14.98,102,102,102,8,2,0.9215686275,0.9803921569,2012,,9,post,n,gsh,gsh,9,eu,adul,38.25,0.603,com,sad,adul,,Andersson_2012_msd_SPS_post_NA_self-report_cbt_wlc_NA_NA,0.6568102994,0.1437814346,
"Andersson, 2012",cbt,wlc,,,msd,SIAS,self-report,33.77,15.33,102,46.02,14.67,102,,,,,,,,,,,,,,,,,49.96,15.88,102,48.88,15.28,102,102,102,8,2,0.9215686275,0.9803921569,2012,,9,post,n,gsh,gsh,9,eu,adul,38.25,0.603,com,sad,adul,,Andersson_2012_msd_SIAS_post_NA_self-report_cbt_wlc_NA_NA,0.8134339039,0.1457453948,
"Andersson, 2012",cbt,wlc,,,msd,LSAS-SR,self-report,43.74,24.33,102,63.85,23.69,102,,,,,,,,,,,,,,,,,68.23,23.33,102,66.65,21.72,102,102,102,8,2,0.9215686275,0.9803921569,2012,,9,post,n,gsh,gsh,9,eu,adul,38.25,0.603,com,sad,adul,,Andersson_2012_msd_LSAS-SR_post_NA_self-report_cbt_wlc_NA_NA,0.8343799436,0.1460374904,
"Beidel, 2014",Exposure,wlc,Exposure + SST,wlc,msd,HAMA,cr,5.06,4.07,46,12.92,6.49,19,,,,,,,,,,,,,,,,,15.53,7.121,46,18.42,5.492,19,46,19,16,3,0.652173913,0.8421052632,2014,,12,post,n,oth,ind and grp,24,us,adul,36.414,0.5189,oth,sad,adul,,Beidel_2014_msd_HAMA_post_NA_cr_Exposure_wlc_Exposure+SST_wlc,1.58967073,0.3070549114,
"Beidel, 2014",Exposure,wlc,Exposure,wlc,msd,HAMA,cr,6.89,4.74,41,12.92,6.49,19,,,,,,,,,,,,,,,,,16.27,7.684,41,18.42,5.492,19,41,19,16,3,0.6097560976,0.8421052632,2014,,12,post,n,ind,ind,24,us,adul,36.414,0.5189,oth,sad,adul,,Beidel_2014_msd_HAMA_post_NA_cr_Exposure_wlc_Exposure_wlc,1.113552018,0.29602172,
"Beidel, 2014",Exposure,wlc,Exposure + SST,wlc,msd,BSPS,cr,17.07,8.82,46,37.52,14.21,19,,,,,,,,,,,,,,,,,42.79,10.377,46,45.26,11.159,19,46,19,16,3,0.652173913,0.8421052632,2014,,12,post,n,oth,ind and grp,24,us,adul,36.414,0.5189,oth,sad,adul,,Beidel_2014_msd_BSPS_post_NA_cr_Exposure_wlc_Exposure+SST_wlc,1.898609621,0.3205841918,
"Beidel, 2014",Exposure,wlc,Exposure,wlc,msd,BSPS,cr,22.44,10.31,41,37.52,14.21,19,,,,,,,,,,,,,,,,,43.46,11.40,41,45.26,11.159,19,41,19,16,3,0.6097560976,0.8421052632,2014,,12,post,n,ind,ind,24,us,adul,36.414,0.5189,oth,sad,adul,,Beidel_2014_msd_BSPS_post_NA_cr_Exposure_wlc_Exposure_wlc,1.276429001,0.3015936472,
"Beidel, 2014",Exposure,wlc,Exposure + SST,wlc,msd,SPAI,self-report,67.6,18.18,46,93.65,25.8,19,,,,,,,,,,,,,,,,,107.85,21.229,46,104.67,25.369,19,46,19,16,3,0.652173913,0.8421052632,2014,,12,post,n,oth,ind and grp,24,us,adul,36.414,0.5189,oth,sad,adul,,Beidel_2014_msd_SPAI_post_NA_self-report_Exposure_wlc_Exposure+SST_wlc,1.246656471,0.2943071715,
"Beidel, 2014",Exposure,wlc,Exposure,wlc,msd,SPAI,self-report,70.77,21.64,41,93.65,25.8,19,,,,,,,,,,,,,,,,,104.46,28.174,41,104.67,25.369,19,41,19,16,3,0.6097560976,0.8421052632,2014,,12,post,n,ind,ind,24,us,adul,36.414,0.5189,oth,sad,adul,,Beidel_2014_msd_SPAI_post_NA_self-report_Exposure_wlc_Exposure_wlc,0.9813660482,0.2919932789,
"Berger, 2009",cbt,wlc,,,msd,SPS,self-report,23.5,13.2,31,30.3,10.8,21,,,,,,,,,,,,,,,,,35.6,14.2,31,35.1,10.8,21,31,21,3,2,0.9032258065,0.9047619048,2009,,10,post,n,gsh,gsh,5,eu,adul,28.9,0.558,com,sad,adul,,Berger_2009_msd_SPS_post_NA_self-report_cbt_wlc_NA_NA,0.5446732065,0.2877806284,
"Berger, 2009",cbt,wlc,,,msd,SIAS,self-report,34.1,12.9,31,44,10.1,21,,,,,,,,,,,,,,,,,43.2,10.9,31,47.4,11.3,21,31,21,3,2,0.9032258065,0.9047619048,2009,,10,post,n,gsh,gsh,5,eu,adul,28.9,0.558,com,sad,adul,,Berger_2009_msd_SIAS_post_NA_self-report_cbt_wlc_NA_NA,0.8221826754,0.2942404789,
"Berger, 2009",cbt,wlc,,,msd,LSAS-SR,self-report,52.7,21.9,31,70.7,17.2,21,,,,,,,,,,,,,,,,,68.7,16.9,31,75,17.4,21,31,21,3,2,0.9032258065,0.9047619048,2009,,10,post,n,gsh,gsh,5,eu,adul,28.9,0.558,com,sad,adul,,Berger_2009_msd_LSAS-SR_post_NA_self-report_cbt_wlc_NA_NA,0.8797472863,0.2958860354,
"Blanco, 2010",cbt,other ctr,,,msd,ADIS,cr,4.7,1.16,34,4.7,1.31,27,,,,,,,,,,,,,,,,,6.03,0.95,34,5.96,0.85,27,40,39,18,17,0.55,0.5641025641,2010,,12,post,n,grp,grp,12,us,adul,31.85,0.459,com,sad,adul,,Blanco_2010_msd_ADIS_post_NA_cr_cbt_otherctr_NA_NA,0,0.2577766509,
"Blanco, 2010",cbt,other ctr,,,msd,FQ,self-report,15.39,8.64,34,19.24,9.57,27,,,,,,,,,,,,,,,,,6.75,4.52,34,6.07,4.6,27,40,39,18,17,0.55,0.5641025641,2010,,12,post,n,grp,grp,12,us,adul,31.85,0.459,com,sad,adul,,Blanco_2010_msd_FQ_post_NA_self-report_cbt_otherctr_NA_NA,0.4194458621,0.2606308252,
"Blanco, 2010",cbt,other ctr,,,msd,SPS,self-report,21.22,13,34,28.95,14.66,27,,,,,,,,,,,,,,,,,35.38,17.84,34,35.96,11.11,27,40,39,18,17,0.55,0.5641025641,2010,,12,post,n,grp,grp,12,us,adul,31.85,0.459,com,sad,adul,,Blanco_2010_msd_SPS_post_NA_self-report_cbt_otherctr_NA_NA,0.5547534855,0.2627489575,
"Blanco, 2010",cbt,other ctr,,,msd,SIAS,self-report,29.94,15.43,34,34.52,14.72,27,,,,,,,,,,,,,,,,,42.87,13.09,34,41.42,12.46,27,40,39,18,17,0.55,0.5641025641,2010,,12,post,n,grp,grp,12,us,adul,31.85,0.459,com,sad,adul,,Blanco_2010_msd_SIAS_post_NA_self-report_cbt_otherctr_NA_NA,0.2990188366,0.2592311048,
"Blanco, 2010",cbt,other ctr,,,msd,LSAS,cr,62.71,24.78,34,63.29,27.51,27,,,,,,,,,,,,,,,,,77.12,27.34,34,75.96,24.8,27,40,39,18,17,0.55,0.5641025641,2010,,12,post,n,grp,grp,12,us,adul,31.85,0.459,com,sad,adul,,Blanco_2010_msd_LSAS_post_NA_cr_cbt_otherctr_NA_NA,0.0220073585,0.2577845514,
"Botella, 2010",cbt,wlc,cbt (ush),wlc,msd,Avoidance (TB),self-report,2.97,2.22,30,7.48,2.02,25,,,,,,,,,,,,,,,,,8.57,2.03,30,8.08,1.93,25,62,29,32,4,0.4838709677,0.8620689655,2018,,8.6667,post,n,ush,ush,NR,eu,yadul,24.4,0.792,com,sad,adul,,Botella_2010_msd_Avoidance(TB)_post_NA_self-report_cbt_wlc_cbt(ush)_wlc,2.085542987,0.3376728792,
"Botella, 2010",cbt,wlc,cbt (ind),wlc,msd,Avoidance (TB),self-report,3.36,2.4,22,7.48,2.02,25,,,,,,,,,,,,,,,,,7.95,2.66,22,8.08,1.93,25,36,29,14,4,0.6111111111,0.8620689655,2012,,8.6667,post,n,ind,ind,NR,eu,yadul,24.4,0.792,com,sad,adul,,Botella_2010_msd_Avoidance(TB)_post_NA_self-report_cbt_wlc_cbt(ind)_wlc,1.836752104,0.3501120922,
"Botella, 2010",cbt,wlc,cbt (ind),wlc,msd,Anxiety P,self-report,3.5,1.95,22,5.85,1.84,25,,,,,,,,,,,,,,,,,5.64,1.94,22,5.95,2.44,25,36,29,14,4,0.6111111111,0.8620689655,2010,,8.6667,post,n,ind,ind,NR,eu,yadul,24.4,0.792,com,sad,adul,,Botella_2010_msd_AnxietyP_post_NA_self-report_cbt_wlc_cbt(ind)_wlc,1.221171571,0.3191621173,
"Botella, 2010",cbt,wlc,cbt (ush),wlc,msd,Anxiety P,self-report,4.17,2.33,30,5.85,1.84,25,,,,,,,,,,,,,,,,,6.83,2.25,30,5.95,2.44,25,62,29,32,4,0.4838709677,0.8620689655,2016,,8.6667,post,n,ush,ush,NR,eu,yadul,24.4,0.792,com,sad,adul,,Botella_2010_msd_AnxietyP_post_NA_self-report_cbt_wlc_cbt(ush)_wlc,0.7803846343,0.2811237328,
"Botella, 2010",cbt,wlc,cbt (ind),wlc,msd,Anxiety T,cr,4.73,1.28,22,6.37,1.3,25,,,,,,,,,,,,,,,,,7.23,1.38,22,7.16,1.98,25,36,29,14,4,0.6111111111,0.8620689655,2011,,8.6667,post,n,ind,ind,NR,eu,yadul,24.4,0.792,com,sad,adul,,Botella_2010_msd_AnxietyT_post_NA_cr_cbt_wlc_cbt(ind)_wlc,1.249327828,0.3203590167,
"Botella, 2010",cbt,wlc,cbt (ind),wlc,msd,Fear (TB),self-report,4.82,2.04,22,8.04,1.21,25,,,,,,,,,,,,,,,,,8.95,1.21,22,8.24,1.69,25,36,29,14,4,0.6111111111,0.8620689655,2014,,8.6667,post,n,ind,ind,NR,eu,yadul,24.4,0.792,com,sad,adul,,Botella_2010_msd_Fear(TB)_post_NA_self-report_cbt_wlc_cbt(ind)_wlc,1.918655506,0.3549128239,
"Botella, 2010",cbt,wlc,cbt (ush),wlc,msd,Fear (TB),self-report,5,1.84,30,8.04,1.21,25,,,,,,,,,,,,,,,,,8.6,1.43,30,8.24,1.69,25,62,29,32,4,0.4838709677,0.8620689655,2020,,8.6667,post,n,ush,ush,NR,eu,yadul,24.4,0.792,com,sad,adul,,Botella_2010_msd_Fear(TB)_post_NA_self-report_cbt_wlc_cbt(ush)_wlc,1.889484974,0.3266990276,
"Botella, 2010",cbt,wlc,cbt (ush),wlc,msd,Anxiety T,cr,5.04,1.6,30,6.37,1.3,25,,,,,,,,,,,,,,,,,7.88,1.19,30,7.16,1.98,25,62,29,32,4,0.4838709677,0.8620689655,2017,,8.6667,post,n,ush,ush,NR,eu,yadul,24.4,0.792,com,sad,adul,,Botella_2010_msd_AnxietyT_post_NA_cr_cbt_wlc_cbt(ush)_wlc,0.8908395942,0.2841785467,
"Botella, 2010",cbt,wlc,cbt (ush),wlc,msd,SADS,self-report,7.67,5.81,30,11.28,7.45,25,,,,,,,,,,,,,,,,,12.17,6.86,30,12.71,7.5,25,62,29,32,4,0.4838709677,0.8620689655,2022,,8.6667,post,n,ush,ush,NR,eu,yadul,24.4,0.792,com,sad,adul,,Botella_2010_msd_SADS_post_NA_self-report_cbt_wlc_cbt(ush)_wlc,0.5389236898,0.2757723677,
"Botella, 2010",cbt,wlc,cbt (ind),wlc,msd,SADS,self-report,8.29,5.14,22,11.28,7.45,25,,,,,,,,,,,,,,,,,11.66,6.35,22,12.71,7.5,25,36,29,14,4,0.6111111111,0.8620689655,2016,,8.6667,post,n,ind,ind,NR,eu,yadul,24.4,0.792,com,sad,adul,,Botella_2010_msd_SADS_post_NA_self-report_cbt_wlc_cbt(ind)_wlc,0.4540105117,0.2961802879,
"Botella, 2010",cbt,wlc,cbt (ind),wlc,msd,FPSQ,self-report,39.32,12.97,22,56.8,13.72,25,,,,,,,,,,,,,,,,,50.45,11.86,22,56.64,14.48,25,36,29,14,4,0.6111111111,0.8620689655,2015,,8.6667,post,n,ind,ind,NR,eu,yadul,24.4,0.792,com,sad,adul,,Botella_2010_msd_FPSQ_post_NA_self-report_cbt_wlc_cbt(ind)_wlc,1.284989733,0.321907488,
"Botella, 2010",cbt,wlc,cbt (ush),wlc,msd,FPSQ,self-report,39.7,15.45,30,56.8,13.72,25,,,,,,,,,,,,,,,,,53.27,14.34,30,56.64,14.48,25,62,29,32,4,0.4838709677,0.8620689655,2021,,8.6667,post,n,ush,ush,NR,eu,yadul,24.4,0.792,com,sad,adul,,Botella_2010_msd_FPSQ_post_NA_self-report_cbt_wlc_cbt(ush)_wlc,1.147361113,0.292657917,
"Botella, 2010",cbt,wlc,cbt (ush),wlc,msd,FNE-B,self-report,39.88,10.8,30,45.33,8.63,25,,,,,,,,,,,,,,,,,42.8,9.32,30,44.42,9.99,25,62,29,32,4,0.4838709677,0.8620689655,2019,,8.6667,post,n,ush,ush,NR,eu,yadul,24.4,0.792,com,sad,adul,,Botella_2010_msd_FNE-B_post_NA_self-report_cbt_wlc_cbt(ush)_wlc,0.5439635633,0.2758649217,
"Botella, 2010",cbt,wlc,cbt (ind),wlc,msd,FNE-B,self-report,40.18,11.24,22,45.33,8.63,25,,,,,,,,,,,,,,,,,44.14,8.97,22,44.42,9.99,25,36,29,14,4,0.6111111111,0.8620689655,2013,,8.6667,post,n,ind,ind,NR,eu,yadul,24.4,0.792,com,sad,adul,,Botella_2010_msd_FNE-B_post_NA_self-report_cbt_wlc_cbt(ind)_wlc,0.5097479222,0.2971765002,
"Bouchard, 2017",cbt,wlc,cbt (VR),wlc,msd,FNE,self-report,18.1,8.5,17,25.2,4.5,20,,,,,,,,,,,,,,,,,25.6,5.5,17,24.5,4.8,20,17,20,2,4,0.8823529412,0.8,2017,,14,post,n,ind,ind,14,can,adul,34.5,0.729,com,sad,adul,,Bouchard_2017_msd_FNE_post_NA_self-report_cbt_wlc_cbt(VR)_wlc,1.047008942,0.3525594699,
"Bouchard, 2017",cbt,wlc,cbt (in vivo),wlc,msd,FNE,self-report,18.9,7.2,22,25.2,4.5,20,,,,,,,,,,,,,,,,,23.6,6,22,24.5,4.8,20,22,20,4,4,0.8181818182,0.8,2017,,14,post,n,ind,ind,14,can,adul,34.5,0.729,com,sad,adul,,Bouchard_2017_msd_FNE_post_NA_self-report_cbt_wlc_cbt(invivo)_wlc,1.018448705,0.3290624658,
"Bouchard, 2017",cbt,wlc,cbt (VR),wlc,msd,SPS,self-report,19.2,12.5,17,38.9,14.6,20,,,,,,,,,,,,,,,,,39,16.1,17,33.4,13.9,20,17,20,2,4,0.8823529412,0.8,2017,,14,post,n,ind,ind,14,can,adul,34.5,0.729,com,sad,adul,,Bouchard_2017_msd_SPS_post_NA_self-report_cbt_wlc_cbt(VR)_wlc,1.408972058,0.3699286248,
"Bouchard, 2017",cbt,wlc,cbt (in vivo),wlc,msd,SPS,self-report,22.4,15.7,22,38.9,14.6,20,,,,,,,,,,,,,,,,,30.9,17.5,22,33.4,13.9,20,22,20,4,4,0.8181818182,0.8,2017,,14,post,n,ind,ind,14,can,adul,34.5,0.729,com,sad,adul,,Bouchard_2017_msd_SPS_post_NA_self-report_cbt_wlc_cbt(invivo)_wlc,1.065925672,0.3309168262,
"Bouchard, 2017",cbt,wlc,cbt (VR),wlc,msd,SIAS,self-report,29.8,13.9,17,49.6,10.2,20,,,,,,,,,,,,,,,,,49.2,17.6,17,48.6,13.4,20,17,20,2,4,0.8823529412,0.8,2017,,14,post,n,ind,ind,14,can,adul,34.5,0.729,com,sad,adul,,Bouchard_2017_msd_SIAS_post_NA_self-report_cbt_wlc_cbt(VR)_wlc,1.609903616,0.3813265543,
"Bouchard, 2017",cbt,wlc,cbt (in vivo),wlc,msd,SIAS,self-report,35.4,17.4,22,49.6,10.2,20,,,,,,,,,,,,,,,,,45.8,16.9,22,48.6,13.4,20,22,20,4,4,0.8181818182,0.8,2017,,14,post,n,ind,ind,14,can,adul,34.5,0.729,com,sad,adul,,Bouchard_2017_msd_SIAS_post_NA_self-report_cbt_wlc_cbt(invivo)_wlc,0.9651622047,0.3270701976,
"Bouchard, 2017",cbt,wlc,cbt (VR),wlc,msd,LSAS-SR,self-report,51.8,23.3,17,79.3,22,20,,,,,,,,,,,,,,,,,85.1,29.5,17,79.6,24.9,20,17,20,2,4,0.8823529412,0.8,2017,,14,post,n,ind,ind,14,can,adul,34.5,0.729,com,sad,adul,,Bouchard_2017_msd_LSAS-SR_post_NA_self-report_cbt_wlc_cbt(VR)_wlc,1.19036422,0.3589231433,
"Bouchard, 2017",cbt,wlc,cbt (in vivo),wlc,msd,LSAS-SR,self-report,56,26.9,22,79.3,22,20,,,,,,,,,,,,,,,,,74.9,24.5,22,79.6,24.9,20,22,20,4,4,0.8181818182,0.8,2017,,14,post,n,ind,ind,14,can,adul,34.5,0.729,com,sad,adul,,Bouchard_2017_msd_LSAS-SR_post_NA_self-report_cbt_wlc_cbt(invivo)_wlc,0.925745003,0.3256580198,
"Carlbring, 2007",cbt,wlc,,,msd,BAI,self-report,8.2,7.9,29,14.5,9,28,,,,,,,,,,,,,,,,,14.5,8.1,29,15.1,8.8,28,30,30,2,2,0.9333333333,0.9333333333,2007,,9,post,n,gsh,gsh,9,eu,adul,32.64,0.649,com,sad,adul,,Carlbring_2007_msd_BAI_post_NA_self-report_cbt_wlc_NA_NA,0.7346624783,0.2739779828,
"Carlbring, 2007",cbt,wlc,,,msd,SPS,self-report,20,15,29,37.7,16.4,28,,,,,,,,,,,,,,,,,36.2,15.2,29,37.8,16.5,28,30,30,2,2,0.9333333333,0.9333333333,2007,,9,post,n,gsh,gsh,9,eu,adul,32.64,0.649,com,sad,adul,,Carlbring_2007_msd_SPS_post_NA_self-report_cbt_wlc_NA_NA,1.111741092,0.2852054074,
"Carlbring, 2007",cbt,wlc,,,msd,SPSQ,self-report,20.3,9.1,29,32.3,8.9,28,,,,,,,,,,,,,,,,,29.7,7.8,29,31.4,9.4,28,30,30,2,2,0.9333333333,0.9333333333,2007,,9,post,n,gsh,gsh,9,eu,adul,32.64,0.649,com,sad,adul,,Carlbring_2007_msd_SPSQ_post_NA_self-report_cbt_wlc_NA_NA,1.314721783,0.2928879726,
"Carlbring, 2007",cbt,wlc,,,msd,LSAS-SR-av,self-report,21.6,12.8,29,33.3,11.9,28,,,,,,,,,,,,,,,,,35.2,12.9,29,33.8,11,28,30,30,2,2,0.9333333333,0.9333333333,2007,,9,post,n,gsh,gsh,9,eu,adul,32.64,0.649,com,sad,adul,,Carlbring_2007_msd_LSAS-SR-av_post_NA_self-report_cbt_wlc_NA_NA,0.9331539193,0.2793726602,
"Carlbring, 2007",cbt,wlc,,,msd,LSAS-SR-f/a,self-report,24.2,12,29,36.1,12.3,28,,,,,,,,,,,,,,,,,36,11.7,29,34.2,10.6,28,30,30,2,2,0.9333333333,0.9333333333,2007,,9,post,n,gsh,gsh,9,eu,adul,32.64,0.649,com,sad,adul,,Carlbring_2007_msd_LSAS-SR-f/a_post_NA_self-report_cbt_wlc_NA_NA,0.9661503541,0.2803822374,
"Carlbring, 2007",cbt,wlc,,,msd,SIAS,self-report,27.1,11.1,29,43.6,14,28,,,,,,,,,,,,,,,,,41.3,13.2,29,42.9,12.1,28,30,30,2,2,0.9333333333,0.9333333333,2007,,9,post,n,gsh,gsh,9,eu,adul,32.64,0.649,com,sad,adul,,Carlbring_2007_msd_SIAS_post_NA_self-report_cbt_wlc_NA_NA,1.290840268,0.2919285288,
"Clark, 2006",cbt,wlc,cbt,wlc,msd,ADIS fa,cr,1.27,0.98,21,3.68,0.85,20,,,,,,,,,,,,,,,,,3.59,1.53,21,4.09,1.24,20,21,20,0,0,1,1,2006,,14,post,n,ind,ind,14,uk,adul,31.95,0.44,com,sad,adul,,Clark_2006_msd_ADISfa_post_NA_cr_cbt_wlc_cbt_wlc,2.571752113,0.4260184725,
"Clark, 2006",cbt,wlc,cbt,wlc,msd,SPWSS,self-report,1.8,1.41,21,4.45,0.94,20,,,,,,,,,,,,,,,,,5.1,0.94,21,4.58,1.16,20,21,20,0,0,1,1,2006,,14,post,n,ind,ind,14,uk,adul,31.95,0.44,com,sad,adul,,Clark_2006_msd_SPWSS_post_NA_self-report_cbt_wlc_cbt_wlc,2.158103289,0.3958293408,
"Clark, 2006",Exposure + Applied relaxation,wlc,Exposure + Applied relaxation,wlc,msd,ADIS fa,cr,2.15,1.4,21,3.68,0.85,20,,,,,,,,,,,,,,,,,3.91,1.19,21,4.09,1.24,20,21,20,2,0,0.9047619048,1,2006,,14,post,n,ind,ind,14,uk,adul,31.95,0.44,com,sad,adul,,Clark_2006_msd_ADISfa_post_NA_cr_Exposure+Appliedrelaxation_wlc_Exposure+Appliedrelaxation_wlc,1.287937931,0.3444626516,
"Clark, 2006",Exposure + Applied relaxation,wlc,Exposure + Applied relaxation,wlc,msd,SPWSS,self-report,3.08,1.16,21,4.45,0.94,20,,,,,,,,,,,,,,,,,4.69,1.15,21,4.58,1.16,20,21,20,2,0,0.9047619048,1,2006,,14,post,n,ind,ind,14,uk,adul,31.95,0.44,com,sad,adul,,Clark_2006_msd_SPWSS_post_NA_self-report_Exposure+Appliedrelaxation_wlc_Exposure+Appliedrelaxation_wlc,1.269176594,0.3435784283,
"Clark, 2006",cbt,wlc,cbt,wlc,msd,BAI,self-report,3.19,3.93,21,13.5,7.05,20,,,,,,,,,,,,,,,,,19,8.6,21,16.8,8.69,20,21,20,0,0,1,1,2006,,14,post,n,ind,ind,14,uk,adul,31.95,0.44,com,sad,adul,,Clark_2006_msd_BAI_post_NA_self-report_cbt_wlc_cbt_wlc,1.783547917,0.3714278928,
"Clark, 2006",Exposure + Applied relaxation,wlc,Exposure + Applied relaxation,wlc,msd,BAI,self-report,7.48,5.5,21,13.5,7.05,20,,,,,,,,,,,,,,,,,17.95,8.56,21,16.8,8.69,20,21,20,2,0,0.9047619048,1,2006,,14,post,n,ind,ind,14,uk,adul,31.95,0.44,com,sad,adul,,Clark_2006_msd_BAI_post_NA_self-report_Exposure+Appliedrelaxation_wlc_Exposure+Appliedrelaxation_wlc,0.9366261238,0.3297634251,
"Clark, 2006",cbt,wlc,cbt,wlc,msd,SPS,self-report,8.95,6.03,21,32.4,15.12,20,,,,,,,,,,,,,,,,,29.33,13.49,21,32.3,12.55,20,21,20,0,0,1,1,2006,,14,post,n,ind,ind,14,uk,adul,31.95,0.44,com,sad,adul,,Clark_2006_msd_SPS_post_NA_self-report_cbt_wlc_cbt_wlc,2.016716618,0.386258434,
"Clark, 2006",cbt,wlc,cbt,wlc,msd,FNE,self-report,12.9,8.88,21,24.4,5.12,20,,,,,,,,,,,,,,,,,23.14,7.02,21,24.4,5.57,20,21,20,0,0,1,1,2006,,14,post,n,ind,ind,14,uk,adul,31.95,0.44,com,sad,adul,,Clark_2006_msd_FNE_post_NA_self-report_cbt_wlc_cbt_wlc,1.546023434,0.3576725405,
"Clark, 2006",cbt,wlc,cbt,wlc,msd,SIAS,self-report,18.19,10.01,21,46.25,13.23,20,,,,,,,,,,,,,,,,,43.57,17.8,21,47.65,11.03,20,21,20,0,0,1,1,2006,,14,post,n,ind,ind,14,uk,adul,31.95,0.44,com,sad,adul,,Clark_2006_msd_SIAS_post_NA_self-report_cbt_wlc_cbt_wlc,2.353875281,0.4097346267,
"Clark, 2006",Exposure + Applied relaxation,wlc,Exposure + Applied relaxation,wlc,msd,FNE,self-report,18.95,8.91,21,24.4,5.12,20,,,,,,,,,,,,,,,,,25.14,6.1,21,24.4,5.57,20,21,20,2,0,0.9047619048,1,2006,,14,post,n,ind,ind,14,uk,adul,31.95,0.44,com,sad,adul,,Clark_2006_msd_FNE_post_NA_self-report_Exposure+Appliedrelaxation_wlc_Exposure+Appliedrelaxation_wlc,0.7308035659,0.3230971625,
"Clark, 2006",Exposure + Applied relaxation,wlc,Exposure + Applied relaxation,wlc,msd,SPS,self-report,20.24,16.1,21,32.4,15.12,20,,,,,,,,,,,,,,,,,34.26,15.89,21,32.3,12.55,20,21,20,2,0,0.9047619048,1,2006,,14,post,n,ind,ind,14,uk,adul,31.95,0.44,com,sad,adul,,Clark_2006_msd_SPS_post_NA_self-report_Exposure+Appliedrelaxation_wlc_Exposure+Appliedrelaxation_wlc,0.7629213608,0.3240372844,
"Clark, 2006",cbt,wlc,cbt,wlc,msd,LSAS,cr,28,17.71,21,77.21,21.36,20,,,,,,,,,,,,,,,,,74.83,24.1,21,77.19,22.48,20,21,20,0,0,1,1,2006,,14,post,n,ind,ind,14,uk,adul,31.95,0.44,com,sad,adul,,Clark_2006_msd_LSAS_post_NA_cr_cbt_wlc_cbt_wlc,2.465463917,0.4179739656,
"Clark, 2006",Exposure + Applied relaxation,wlc,Exposure + Applied relaxation,wlc,msd,SIAS,self-report,32.57,16.08,21,46.25,13.23,20,,,,,,,,,,,,,,,,,50.61,17.18,21,47.65,11.03,20,21,20,2,0,0.9047619048,1,2006,,14,post,n,ind,ind,14,uk,adul,31.95,0.44,com,sad,adul,,Clark_2006_msd_SIAS_post_NA_self-report_Exposure+Appliedrelaxation_wlc_Exposure+Appliedrelaxation_wlc,0.9088635369,0.3287768012,
"Clark, 2006",Exposure + Applied relaxation,wlc,Exposure + Applied relaxation,wlc,msd,LSAS,cr,52.32,33.89,21,77.21,21.36,20,,,,,,,,,,,,,,,,,78.7,23.7,21,77.19,22.48,20,21,20,2,0,0.9047619048,1,2006,,14,post,n,ind,ind,14,uk,adul,31.95,0.44,com,sad,adul,,Clark_2006_msd_LSAS_post_NA_cr_Exposure+Appliedrelaxation_wlc_Exposure+Appliedrelaxation_wlc,0.8569491995,0.3270040999,
"Clark, 2006",cbt,wlc,cbt,wlc,msd,SPAI sps,self-report,56.53,34.92,21,122.81,27.26,20,,,,,,,,,,,,,,,,,118.98,33.76,21,127.8,22.33,20,21,20,0,0,1,1,2006,,14,post,n,ind,ind,14,uk,adul,31.95,0.44,com,sad,adul,,Clark_2006_msd_SPAIsps_post_NA_self-report_cbt_wlc_cbt_wlc,2.068501682,0.3897157168,
"Clark, 2006",Exposure + Applied relaxation,wlc,Exposure + Applied relaxation,wlc,msd,SPAI sps,self-report,96.11,45.14,21,122.81,27.26,20,,,,,,,,,,,,,,,,,131,32.05,21,127.8,22.33,20,21,20,2,0,0.9047619048,1,2006,,14,post,n,ind,ind,14,uk,adul,31.95,0.44,com,sad,adul,,Clark_2006_msd_SPAIsps_post_NA_self-report_Exposure+Appliedrelaxation_wlc_Exposure+Appliedrelaxation_wlc,0.6980431829,0.3221772372,
"Clark, 2022",cbt,wlc,cbt(ind),wlc,msd,Social anxiety composite),mixed,-1.71,1.01,34,0.64,0.92,34,,,,,,,,,,,,,,,,,0.71,0.89,34,0.69,0.67,34,34,34,0,0,1,1,2022,,14,post,n,ind,ind,14,uk,adul,32.2,0.52,clin,sad,adul,3,Clark_2022_msd_Socialanxietycomposite)_post_NA_mixed_cbt_wlc_cbt(ind)_wlc,2.404841525,0.3198976472,
"Clark, 2022",cbt,wlc,cbt(gsh),wlc,msd,Social anxiety composite),mixed,-1.24,0.84,34,0.64,0.92,34,,,,,,,,,,,,,,,,,0.82,0.58,34,0.69,0.67,34,34,34,0,0,1,1,2022,,14,post,n,gsh,gsh,8,uk,adul,32.2,0.52,clin,sad,adul,3,Clark_2022_msd_Socialanxietycomposite)_post_NA_mixed_cbt_wlc_cbt(gsh)_wlc,2.109816032,0.3038314061,
"Craske, 2014",cbt,wlc,cbt,wlc,msd,composite,mixed,-1.1,0.8792697928,33,-0.3,1.020408163,25,,,,,,,,,,,,,,,,,-0.1,0.8792697928,33,-0.1,1.020408163,25,33,25,12,2,0.6363636364,0.92,2014,,12,post,n,ind,ind,12,us,adul,28.37,0.4598,com,sad,adul,,Craske_2014_msd_composite_post_NA_mixed_cbt_wlc_cbt_wlc,0.837521057,0.2766152203,
"Craske, 2014",3rd,wlc,3rd,wlc,msd,composite,mixed,-1,1.099013226,29,-0.3,1.020408163,25,,,,,,,,,,,,,,,,,0.1,1.099013226,29,-0.1,1.020408163,25,29,25,6,2,0.7931034483,0.92,2014,,12,post,n,ind,ind,12,us,adul,28.37,0.4598,com,sad,adul,,Craske_2014_msd_composite_post_NA_mixed_3rd_wlc_3rd_wlc,0.6486915869,0.2801687025,
"Craske, 2014",cbt,wlc,cbt,wlc,msd,fear and avoidence,cr,64.5,36.64,33,99.5,34.18,25,,,,,,,,,,,,,,,,,97.1,27.25736,33,103.3,27.55102,25,33,25,12,2,0.6363636364,0.92,2014,,12,post,n,ind,ind,12,us,adul,28.37,0.4598,com,sad,adul,,Craske_2014_msd_fearandavoidence_post_NA_cr_cbt_wlc_cbt_wlc,0.9697419694,0.2804149193,
"Craske, 2014",3rd,wlc,3rd,wlc,msd,fear and avoidence,cr,77.4,34.61892,29,99.5,34.18,25,,,,,,,,,,,,,,,,,99.2,27.47533,29,103.3,27.55102,25,29,25,6,2,0.7931034483,0.92,2014,,12,post,n,ind,ind,12,us,adul,28.37,0.4598,com,sad,adul,,Craske_2014_msd_fearandavoidence_post_NA_cr_3rd_wlc_3rd_wlc,0.6328176967,0.2798223801,
"Davidson, 2004",cbt,other ctr,cbt,other ctr,msd,BSPS,cr,20.6,9.9,48,26.7,13.5,36,,,,,,,,,,,,,,,,,39.2,10.4,60,37.3,8.5,60,60,60,12,24,0.8,0.6,2004,,14,post,n,grp,grp,14,us,adul,36.8,0.5,com,sad,adul,,Davidson_2004_msd_BSPS_post_NA_cr_cbt_otherctr_cbt_otherctr,0.5221913088,0.2241972918,
"Davidson, 2004",cbt,other ctr,cbt,other ctr,msd,SPAI,self-report,77.1,28.7,48,94.8,28,36,,,,,,,,,,,,,,,,,106.1,21.3,60,112,21,60,60,60,12,24,0.8,0.6,2004,,14,post,n,grp,grp,14,us,adul,36.8,0.5,com,sad,adul,,Davidson_2004_msd_SPAI_post_NA_self-report_cbt_otherctr_cbt_otherctr,0.6174492489,0.2256604459,
"Furmark, 2009",cbt,wlc,cbt (biblio),wlc,msd,SPSQ,self-report,21.93,11.32,40,29.73,11.83,40,,,,,,,,,,,,,,,,,30.63,7.99,40,30.28,10.33,40,40,40,1,1,0.975,0.975,2009,,9,post,n,ush,ush,9,eu,adul,36.133,0.675,com,sad,adul,,Furmark_2009_msd_SPSQ_post_NA_self-report_cbt_wlc_cbt(biblio)_wlc,0.6672038869,0.229862394,
"Furmark, 2009",cbt,wlc,cbt (internet),wlc,msd,SPSQ,self-report,22.1,8.47,40,29.73,11.83,40,,,,,,,,,,,,,,,,,32.18,7.16,40,30.28,10.33,40,40,40,1,1,0.975,0.975,2009,,9,post,n,gsh,gsh,9,eu,adul,36.133,0.675,com,sad,adul,,Furmark_2009_msd_SPSQ_post_NA_self-report_cbt_wlc_cbt(internet)_wlc,0.7344798691,0.2311658067,
"Furmark, 2009",cbt,wlc,cbt (internet),wlc,msd,SPS,self-report,25.6,12.22,40,35.6,16.16,40,,,,,,,,,,,,,,,,,39.15,15.35,40,36.35,17.1,40,40,40,1,1,0.975,0.975,2009,,9,post,n,gsh,gsh,9,eu,adul,36.133,0.675,com,sad,adul,,Furmark_2009_msd_SPS_post_NA_self-report_cbt_wlc_cbt(internet)_wlc,0.6912935401,0.2303155658,
"Furmark, 2009",cbt,wlc,cbt (biblio),wlc,msd,SPS,self-report,25.9,16.32,40,35.6,16.16,40,,,,,,,,,,,,,,,,,36.58,15.43,40,36.35,17.1,40,40,40,1,1,0.975,0.975,2009,,9,post,n,ush,ush,9,eu,adul,36.133,0.675,com,sad,adul,,Furmark_2009_msd_SPS_post_NA_self-report_cbt_wlc_cbt(biblio)_wlc,0.5915218173,0.2285381184,
"Furmark, 2009",cbt,wlc,cbt (biblio),wlc,msd,SIAS,self-report,38.25,15.84,40,46.58,18.45,40,,,,,,,,,,,,,,,,,48.15,14.61,40,46.45,17.9,40,40,40,1,1,0.975,0.975,2009,,9,post,n,ush,ush,9,eu,adul,36.133,0.675,com,sad,adul,,Furmark_2009_msd_SIAS_post_NA_self-report_cbt_wlc_cbt(biblio)_wlc,0.4797814058,0.226863068,
"Furmark, 2009",cbt,wlc,cbt (internet),wlc,msd,SIAS,self-report,39.03,14.03,40,46.58,18.45,40,,,,,,,,,,,,,,,,,50.98,14.21,40,46.45,17.9,40,40,40,1,1,0.975,0.975,2009,,9,post,n,gsh,gsh,9,eu,adul,36.133,0.675,com,sad,adul,,Furmark_2009_msd_SIAS_post_NA_self-report_cbt_wlc_cbt(internet)_wlc,0.4562120293,0.226553024,
"Furmark, 2009",cbt,wlc,cbt (biblio),wlc,msd,LSAS-SR,self-report,48.5,27.46,40,70.25,27.25,40,,,,,,,,,,,,,,,,,68.68,23.87,40,71.28,24.93,40,40,40,1,1,0.975,0.975,2009,,9,post,n,ush,ush,9,eu,adul,36.133,0.675,com,sad,adul,,Furmark_2009_msd_LSAS-SR_post_NA_self-report_cbt_wlc_cbt(biblio)_wlc,0.7874258544,0.2322737742,
"Furmark, 2009",cbt,wlc,cbt (internet),wlc,msd,LSAS-SR,self-report,50.98,21.12,40,70.25,27.25,40,,,,,,,,,,,,,,,,,71.3,22.49,40,71.28,24.93,40,40,40,1,1,0.975,0.975,2009,,9,post,n,gsh,gsh,9,eu,adul,36.133,0.675,com,sad,adul,,Furmark_2009_msd_LSAS-SR_post_NA_self-report_cbt_wlc_cbt(internet)_wlc,0.7828275287,0.2321747067,
"Gallego, 2011",cbt,wlc,,,msd,SAD,self-report,12.3,2.26,10,11.4,3.2,10,,,,,,,,,,,,,,,,,9.8,5.14,10,8.2,5.94,10,24,17,11,6,0.5416666667,0.6470588235,2011,,6,post,n,ush,ush,NR,eu,adul,39.29,0.683,com,sad,adul,,Gallego_2011_msd_SAD_post_NA_self-report_cbt_wlc_NA_NA,-0.3111629179,0.4501542503,
"Gallego, 2011",cbt,wlc,,,msd,FNE-B,self-report,34.75,7.44,12,38.09,9.32,11,,,,,,,,,,,,,,,,,39.41,9.69,12,41,9.72,11,24,17,11,6,0.5416666667,0.6470588235,2011,,6,post,n,ush,ush,NR,eu,adul,39.29,0.683,com,sad,adul,,Gallego_2011_msd_FNE-B_post_NA_self-report_cbt_wlc_NA_NA,0.3837976094,0.421532061,
"Gallego, 2011",cbt,wlc,,,msd,PSSEQ,self-report,43,8.94,12,37.5,9.18,8,,,,,,,,,,,,,,,,,33.67,8.13,12,31.75,8.78,8,24,17,11,6,0.5416666667,0.6470588235,2011,,6,post,n,ush,ush,NR,eu,adul,39.29,0.683,com,sad,adul,,Gallego_2011_msd_PSSEQ_post_NA_self-report_cbt_wlc_NA_NA,0.58308087,0.4664755324,
"Gallego, 2011",cbt,wlc,,,msd,PRCS,self-report,106.38,20.99,13,127.36,18.81,11,,,,,,,,,,,,,,,,,133.92,20.37,13,132.09,23.57,11,24,17,11,6,0.5416666667,0.6470588235,2011,,6,post,n,ush,ush,NR,eu,adul,39.29,0.683,com,sad,adul,,Gallego_2011_msd_PRCS_post_NA_self-report_cbt_wlc_NA_NA,1.011384966,0.4366828697,
"Goldin, 2012",cbt,wlc,,,msd,LSAS-SR,self-report,58.7,26.7,38,69.4,19.2,37,,,,,,,,,,,,,,,,,88.3,18.7,38,77.6,17,37,38,37,6,5,0.8421052632,0.8648648649,2012,,16,post,n,ind,ind,16,us,adul,33.499,0.461,com,sad,adul,,Goldin_2012_msd_LSAS-SR_post_NA_self-report_cbt_wlc_NA_NA,0.4543957163,0.2339832176,
"Goldin, 2016",cbt,wlc,cbt,wlc,msd,LSAS-SR,self-report,49,16.3,36,76.2,22.8,36,,,,,,,,,,,,,,,,,91.8,17.9,36,88.3,16.1,36,36,36,3,2,0.9166666667,0.9444444444,2016,,12,post,n,grp,grp,12,us,adul,32.7,0.556,com,sad,adul,,Goldin_2016_msd_LSAS-SR_post_NA_self-report_cbt_wlc_cbt_wlc,1.357711176,0.2619858841,
"Goldin, 2016",3rd,wlc,3rd,wlc,msd,LSAS-SR,self-report,54.8,18.6,36,76.2,22.8,36,,,,,,,,,,,,,,,,,91.9,19.9,36,88.3,16.1,36,36,36,3,2,0.9166666667,0.9444444444,2016,,12,post,n,grp,grp,12,us,adul,32.7,0.556,com,sad,adul,,Goldin_2016_msd_LSAS-SR_post_NA_self-report_3rd_wlc_3rd_wlc,1.017477605,0.2508027204,
"Gruber, 2001",cbt,wlc,cbt (CBGT),wlc,msd,SPS,self-report,17.7,11.8,14,31.5,12.7,17,,,,,,,,,,,,,,,,,29,13.6,18,32.9,13.5,18,18,18,4,1,0.7777777778,0.9444444444,2001,,12,post,n,grp,grp,8,us,adul,41.7,0.5185,com,sad,adul,,Gruber_2001_msd_SPS_post_NA_self-report_cbt_wlc_cbt(CBGT)_wlc,1.092266007,0.3879941051,
"Gruber, 2001",cbt,wlc,cbt (CaCBGT),wlc,msd,SPS,self-report,22.1,14.7,15,31.5,12.7,17,,,,,,,,,,,,,,,,,28,15.8,18,32.9,13.5,18,18,18,3,1,0.8333333333,0.9444444444,2001,,12,post,n,grp,grp,12,us,adul,41.7,0.5185,com,sad,adul,,Gruber_2001_msd_SPS_post_NA_self-report_cbt_wlc_cbt(CaCBGT)_wlc,0.6703117551,0.3645251942,
"Gruber, 2001",cbt,wlc,cbt (CBGT),wlc,msd,FNE,self-report,40.7,11.8,14,51.8,8,17,,,,,,,,,,,,,,,,,52.7,8,18,53.8,4.6,18,18,18,4,1,0.7777777778,0.9444444444,2001,,12,post,n,grp,grp,8,us,adul,41.7,0.5185,com,sad,adul,,Gruber_2001_msd_FNE_post_NA_self-report_cbt_wlc_cbt(CBGT)_wlc,1.093535894,0.3880549263,
"Gruber, 2001",cbt,wlc,cbt (CaCBGT),wlc,msd,FNE,self-report,45.4,8.4,15,51.8,8,17,,,,,,,,,,,,,,,,,48.8,9,18,53.8,4.6,18,18,18,3,1,0.8333333333,0.9444444444,2001,,12,post,n,grp,grp,12,us,adul,41.7,0.5185,com,sad,adul,,Gruber_2001_msd_FNE_post_NA_self-report_cbt_wlc_cbt(CaCBGT)_wlc,0.7618244553,0.3674693165,
"Gruber, 2001",cbt,wlc,cbt (CBGT),wlc,msd,SPAI,self-report,75.6,29.9,14,111.3,25.8,17,,,,,,,,,,,,,,,,,96.9,25.7,18,109.1,27,18,18,18,4,1,0.7777777778,0.9444444444,2001,,12,post,n,grp,grp,8,us,adul,41.7,0.5185,com,sad,adul,,Gruber_2001_msd_SPAI_post_NA_self-report_cbt_wlc_cbt(CBGT)_wlc,1.254596816,0.3962545384,
"Gruber, 2001",cbt,wlc,cbt (CaCBGT),wlc,msd,SPAI,self-report,96.2,18.8,15,111.3,25.8,17,,,,,,,,,,,,,,,,,102.8,19.6,18,109.1,27,18,18,18,3,1,0.8333333333,0.9444444444,2001,,12,post,n,grp,grp,12,us,adul,41.7,0.5185,com,sad,adul,,Gruber_2001_msd_SPAI_post_NA_self-report_cbt_wlc_cbt(CaCBGT)_wlc,0.6455183256,0.3637886211,
"He, 2021",3rd,wlc,,,msd,LSAS-SR,self-report,54.62790698,15,43,81,14,42,,,,,,,,,,,,,,,,,82,13.01434595,43,78.92857143,14.54747125,42,45,45,2,3,0.9555555556,0.9333333333,2021,,12,post,n,grp,grp,12,eas,adul,26.57,0.553,com,sad,adul,,He_2021_msd_LSAS-SR_post_NA_self-report_3rd_wlc_NA_NA,1.81247723,0.2583493844,
"Heimberg, 1998",cbt,other ctr,,,msd,SCL90phob,self-report,0.59,0.46,28,0.59,0.63,27,,,,,,,,,,,,,,,,,1.82,2.32,28,2.58,4.43,27,36,33,8,6,0.7777777778,0.8181818182,1998,,12,post,n,grp,grp,12,us,adul,34.9,0.496,oth,sad,adul,,Heimberg_1998_msd_SCL90phob_post_NA_self-report_cbt_otherctr_NA_NA,0,0.2697245312,
"Heimberg, 1998",cbt,other ctr,,,msd,SCL90anx,self-report,1.1,0.44,28,1.04,0.7,27,,,,,,,,,,,,,,,,,5.19,6.24,28,5.8,7.07,27,36,33,8,6,0.7777777778,0.8181818182,1998,,12,post,n,grp,grp,12,us,adul,34.9,0.496,oth,sad,adul,,Heimberg_1998_msd_SCL90anx_post_NA_self-report_cbt_otherctr_NA_NA,-0.1015850652,0.2699034314,
"Heimberg, 1998",cbt,other ctr,,,msd,FQ sr,self-report,3.37,0.35,28,4.42,0.42,27,,,,,,,,,,,,,,,,,4.76,1.86,28,5.07,1.94,27,36,33,8,6,0.7777777778,0.8181818182,1998,,12,post,n,grp,grp,12,us,adul,34.9,0.496,oth,sad,adul,,Heimberg_1998_msd_FQsr_post_NA_self-report_cbt_otherctr_NA_NA,2.682021798,0.3742250191,
"Heimberg, 1998",cbt,other ctr,,,msd,ADIS-R,cr,3.4,0.88,28,4.32,0.94,27,,,,,,,,,,,,,,,,,5.56,1.05,28,5.45,1.23,27,36,33,8,6,0.7777777778,0.8181818182,1998,,12,post,n,grp,grp,12,us,adul,34.9,0.496,oth,sad,adul,,Heimberg_1998_msd_ADIS-R_post_NA_cr_cbt_otherctr_NA_NA,0.9966931096,0.2864342697,
"Heimberg, 1998",cbt,other ctr,,,msd,Severity,cr,3.78,0.66,28,4.05,0.76,27,,,,,,,,,,,,,,,,,4.75,0.91,28,4.97,0.92,27,36,33,8,6,0.7777777778,0.8181818182,1998,,12,post,n,grp,grp,12,us,adul,34.9,0.496,oth,sad,adul,,Heimberg_1998_msd_Severity_post_NA_cr_cbt_otherctr_NA_NA,0.3744441266,0.2721451409,
"Heimberg, 1998",cbt,other ctr,,,msd,LSAS-sa,cr,9.93,4.83,28,11.72,5.11,27,,,,,,,,,,,,,,,,,13.14,7.68,28,15.12,8.2,27,36,33,8,6,0.7777777778,0.8181818182,1998,,12,post,n,grp,grp,12,us,adul,34.9,0.496,oth,sad,adul,,Heimberg_1998_msd_LSAS-sa_post_NA_cr_cbt_otherctr_NA_NA,0.355088043,0.2719023286,
"Heimberg, 1998",cbt,other ctr,,,msd,LSAS-pa,cr,10.92,4.33,28,11.3,4.34,27,,,,,,,,,,,,,,,,,13.75,5.96,28,15.3,7.61,27,36,33,8,6,0.7777777778,0.8181818182,1998,,12,post,n,grp,grp,12,us,adul,34.9,0.496,oth,sad,adul,,Heimberg_1998_msd_LSAS-pa_post_NA_cr_cbt_otherctr_NA_NA,0.08641408525,0.2698539985,
"Heimberg, 1998",cbt,other ctr,,,msd,LSAS-sf,cr,11.98,4.85,28,13.27,5.5,27,,,,,,,,,,,,,,,,,15.08,7.01,28,16.52,7.55,27,36,33,8,6,0.7777777778,0.8181818182,1998,,12,post,n,grp,grp,12,us,adul,34.9,0.496,oth,sad,adul,,Heimberg_1998_msd_LSAS-sf_post_NA_cr_cbt_otherctr_NA_NA,0.2455379761,0.270768033,
"Heimberg, 1998",cbt,other ctr,,,msd,LSAS-pf,cr,13.41,3.78,28,14.53,4.21,27,,,,,,,,,,,,,,,,,17.03,5.55,28,18.15,7.06,27,36,33,8,6,0.7777777778,0.8181818182,1998,,12,post,n,grp,grp,12,us,adul,34.9,0.496,oth,sad,adul,,Heimberg_1998_msd_LSAS-pf_post_NA_cr_cbt_otherctr_NA_NA,0.2762448995,0.2710446778,
"Heimberg, 1998",cbt,other ctr,,,msd,FQ sp,self-report,14.65,3.99,28,16.32,4.07,27,,,,,,,,,,,,,,,,,19,7.2,28,21.37,7.61,27,36,33,8,6,0.7777777778,0.8181818182,1998,,12,post,n,grp,grp,12,us,adul,34.9,0.496,oth,sad,adul,,Heimberg_1998_msd_FQsp_post_NA_self-report_cbt_otherctr_NA_NA,0.4085566207,0.2726038367,
"Heimberg, 1998",cbt,other ctr,,,msd,SADS,self-report,15.28,5.24,28,17.31,4.65,27,,,,,,,,,,,,,,,,,16.79,8.81,28,17.77,8.02,27,36,33,8,6,0.7777777778,0.8181818182,1998,,12,post,n,grp,grp,12,us,adul,34.9,0.496,oth,sad,adul,,Heimberg_1998_msd_SADS_post_NA_self-report_cbt_otherctr_NA_NA,0.4035084538,0.2725334867,
"Heimberg, 1998",cbt,other ctr,,,msd,FNE,self-report,21.41,4.32,28,23.91,4.75,27,,,,,,,,,,,,,,,,,22.3,7.63,28,23,7.19,27,36,33,8,6,0.7777777778,0.8181818182,1998,,12,post,n,grp,grp,12,us,adul,34.9,0.496,oth,sad,adul,,Heimberg_1998_msd_FNE_post_NA_self-report_cbt_otherctr_NA_NA,0.543305419,0.2747958336,
"Heimberg, 1998",cbt,other ctr,,,msd,SPS,self-report,25.84,10,28,24.33,7.55,27,,,,,,,,,,,,,,,,,27.29,17.01,28,30.23,18.02,27,36,33,8,6,0.7777777778,0.8181818182,1998,,12,post,n,grp,grp,12,us,adul,34.9,0.496,oth,sad,adul,,Heimberg_1998_msd_SPS_post_NA_self-report_cbt_otherctr_NA_NA,-0.1675715831,0.2702110553,
"Heimberg, 1998",cbt,other ctr,,,msd,SIAS,self-report,39.35,13.18,28,40.49,13.39,27,,,,,,,,,,,,,,,,,41.76,18.4,28,45.87,17.8,27,36,33,8,6,0.7777777778,0.8181818182,1998,,12,post,n,grp,grp,12,us,adul,34.9,0.496,oth,sad,adul,,Heimberg_1998_msd_SIAS_post_NA_self-report_cbt_otherctr_NA_NA,0.08460097691,0.2698486239,
"Himle, 2014",cbt,cau,,,msd,SCID spss,cr,1.31,0.81,29,2.17,0.66,29,,,,,,,,,,,,,,,,,2.07,0.65,29,2.1,0.62,29,29,29,4,4,0.8620689655,0.8620689655,2014,,4,post,n,grp,grp,12,us,adul,43.59,0.328,oth,sad,other,,Himle_2014_msd_SCIDspss_post_NA_cr_cbt_cau_NA_NA,1.148364112,0.2839826214,unemployed homeless
"Himle, 2014",cbt,cau,,,msd,Mini SPIN,cr,7.79,2.81,29,9.66,2.58,29,,,,,,,,,,,,,,,,,6.72,2.2,29,7.52,2.87,29,29,29,4,4,0.8620689655,0.8620689655,2014,,4,post,n,grp,grp,12,us,adul,43.59,0.328,oth,sad,other,,Himle_2014_msd_MiniSPIN_post_NA_cr_cbt_cau_NA_NA,0.6839204946,0.2703859146,unemployed homeless
"Himle, 2014",cbt,cau,,,msd,BAI,self-report,11.34,9.54,29,24.72,17.1,29,,,,,,,,,,,,,,,,,17.69,12.83,29,22.9,14.73,29,29,29,4,4,0.8620689655,0.8620689655,2014,,4,post,n,grp,grp,12,us,adul,43.59,0.328,oth,sad,other,,Himle_2014_msd_BAI_post_NA_self-report_cbt_cau_NA_NA,0.9533462036,0.2775170906,unemployed homeless
"Himle, 2014",cbt,cau,,,msd,WRSA,cr,13.21,7.1,29,19.76,7.83,29,,,,,,,,,,,,,,,,,18.72,7.42,29,19.72,6.53,29,29,29,4,4,0.8620689655,0.8620689655,2014,,4,post,n,grp,grp,12,us,adul,43.59,0.328,oth,sad,other,,Himle_2014_msd_WRSA_post_NA_cr_cbt_cau_NA_NA,0.8645911587,0.2749301435,unemployed homeless
"Himle, 2014",cbt,cau,,,msd,FNE-B,self-report,39.01,13.57,29,43.07,14.48,29,,,,,,,,,,,,,,,,,46.59,12.83,29,45,13.19,29,29,29,4,4,0.8620689655,0.8620689655,2014,,4,post,n,grp,grp,12,us,adul,43.59,0.328,oth,sad,other,,Himle_2014_msd_FNE-B_post_NA_self-report_cbt_cau_NA_NA,0.2854385042,0.2639832861,unemployed homeless
"Himle, 2014",cbt,cau,,,msd,LSAS,cr,66.72,29.02,29,90.62,36.67,29,,,,,,,,,,,,,,,,,84.31,31.51,29,87.59,26.33,29,29,29,4,4,0.8620689655,0.8620689655,2014,,4,post,n,grp,grp,12,us,adul,43.59,0.328,oth,sad,other,,Himle_2014_msd_LSAS_post_NA_cr_cbt_cau_NA_NA,0.7130521415,0.2710516642,unemployed homeless
"Hope, 1995",cbt,wlc,cbt,wlc,msd,FQ-sp,self-report,13.5,6.3,13,22.9,7.1,10,,,,,,,,,,,,,,,,,18.8,6.2,13,21.5,6.3,10,18,11,5,1,0.7222222222,0.9090909091,1995,,12,post,n,grp,grp,12,us,adul,34.3,0.5,clin,sad,adul,,Hope_1995_msd_FQ-sp_post_NA_self-report_cbt_wlc_cbt_wlc,1.361491474,0.4693601498,
"Hope, 1995",Exposure,wlc,Exposure,wlc,msd,FQ-sp,self-report,15.6,6.4,10,22.9,7.1,10,,,,,,,,,,,,,,,,,22.6,4.4,10,21.5,6.3,10,11,11,1,1,0.9090909091,0.9090909091,1995,,12,post,n,grp,grp,12,us,adul,34.3,0.5,clin,sad,adul,,Hope_1995_msd_FQ-sp_post_NA_self-report_Exposure_wlc_Exposure_wlc,1.034395469,0.4787083146,
"Hope, 1995",Exposure,wlc,Exposure,wlc,msd,SADS,self-report,15.7,8.2,10,23.8,3.1,10,,,,,,,,,,,,,,,,,21.7,5.6,10,23.1,4.7,10,11,11,1,1,0.9090909091,0.9090909091,1995,,12,post,n,grp,grp,12,us,adul,34.3,0.5,clin,sad,adul,,Hope_1995_msd_SADS_post_NA_self-report_Exposure_wlc_Exposure_wlc,1.251493634,0.4926327767,
"Hope, 1995",Exposure,wlc,Exposure,wlc,msd,FNE,self-report,17.8,6.1,10,27.3,2.9,10,,,,,,,,,,,,,,,,,24.6,6.8,10,26.3,2.6,10,11,11,1,1,0.9090909091,0.9090909091,1995,,12,post,n,grp,grp,12,us,adul,34.3,0.5,clin,sad,adul,,Hope_1995_msd_FNE_post_NA_self-report_Exposure_wlc_Exposure_wlc,1.905072582,0.5467311493,
"Hope, 1995",cbt,wlc,cbt,wlc,msd,SADS,self-report,18.5,12,13,23.8,3.1,10,,,,,,,,,,,,,,,,,19.4,7.4,13,23.1,4.7,10,18,11,5,1,0.7222222222,0.9090909091,1995,,12,post,n,grp,grp,12,us,adul,34.3,0.5,clin,sad,adul,,Hope_1995_msd_SADS_post_NA_self-report_cbt_wlc_cbt_wlc,0.5495663362,0.4289410914,
"Hope, 1995",cbt,wlc,cbt,wlc,msd,FNE,self-report,18.7,7.4,13,27.3,2.9,10,,,,,,,,,,,,,,,,,21.5,6.2,13,26.3,2.6,10,18,11,5,1,0.7222222222,0.9090909091,1995,,12,post,n,grp,grp,12,us,adul,34.3,0.5,clin,sad,adul,,Hope_1995_msd_FNE_post_NA_self-report_cbt_wlc_cbt_wlc,1.403215262,0.4722269056,
"Hope, 1995",Exposure,wlc,Exposure,wlc,msd,FAH-avoid,cr,33.1,14.1,10,51.2,18.1,10,,,,,,,,,,,,,,,,,58.6,11.7,10,55,19.9,10,11,11,1,1,0.9090909091,0.9090909091,1995,,12,post,n,grp,grp,12,us,adul,34.3,0.5,clin,sad,adul,,Hope_1995_msd_FAH-avoid_post_NA_cr_Exposure_wlc_Exposure_wlc,1.068508414,0.4807460753,
"Hope, 1995",Exposure,wlc,Exposure,wlc,msd,FAH-fear,cr,33.4,13.4,10,60.9,13.2,10,,,,,,,,,,,,,,,,,60.5,13.3,10,63.7,12.1,10,11,11,1,1,0.9090909091,0.9090909091,1995,,12,post,n,grp,grp,12,us,adul,34.3,0.5,clin,sad,adul,,Hope_1995_msd_FAH-fear_post_NA_cr_Exposure_wlc_Exposure_wlc,1.980246897,0.553963314,
"Hope, 1995",cbt,wlc,cbt,wlc,msd,FAH-avoid,cr,35.5,12.7,13,51.2,18.1,10,,,,,,,,,,,,,,,,,58.6,13,13,55,19.9,10,18,11,5,1,0.7222222222,0.9090909091,1995,,12,post,n,grp,grp,12,us,adul,34.3,0.5,clin,sad,adul,,Hope_1995_msd_FAH-avoid_post_NA_cr_cbt_wlc_cbt_wlc,0.992281057,0.4471726271,
"Hope, 1995",cbt,wlc,cbt,wlc,msd,FAH-fear,cr,44.9,12.4,13,60.9,13.2,10,,,,,,,,,,,,,,,,,63.8,8.3,13,63.7,12.1,10,18,11,5,1,0.7222222222,0.9090909091,1995,,12,post,n,grp,grp,12,us,adul,34.3,0.5,clin,sad,adul,,Hope_1995_msd_FAH-fear_post_NA_cr_cbt_wlc_cbt_wlc,1.209638404,0.4595244742,
"Iavaonia, 2016",3rd,wlc,3rd (gsh),wlc,msd,LSAS-SR,self-report,51.04,22.45,37,68.98,22.73,39,,,,,,,,,,,,,,,,,68.27,21.9,37,69.62,21.92,39,37,39,4,2,0.8918918919,0.9487179487,2016,,10,post,n,gsh,gsh,8,eu,adul,35.29,0.645,com,sad,adul,,Iavaonia_2016_msd_LSAS-SR_post_NA_self-report_3rd_wlc_3rd(gsh)_wlc,0.7859338147,0.2383605389,
"Iavaonia, 2016",3rd,wlc,3rd (ush),wlc,msd,LSAS-SR,self-report,54.87,23.24,37,68.98,22.73,39,,,,,,,,,,,,,,,,,70.19,21.9,37,69.62,21.92,39,37,39,4,2,0.8918918919,0.9487179487,2016,,10,post,n,ush,ush,8,eu,adul,35.29,0.645,com,sad,adul,,Iavaonia_2016_msd_LSAS-SR_post_NA_self-report_3rd_wlc_3rd(ush)_wlc,0.607780636,0.2348371588,
"Johansson, 2017",dyn,wlc,,,msd,LSAS-SR,self-report,43.29,23.69,36,55.2,24,36,,,,,,,,,,,,,,,,,69.5,21,36,63.25,16.88,36,36,36,1,1,0.9722222222,0.9722222222,2017,,10,post,n,gsh,gsh,9,eu,adul,42.9,0.611,com,sad,adul,3,Johansson_2017_msd_LSAS-SR_post_NA_self-report_dyn_wlc_NA_NA,0.4940946351,0.2393490233,
"Kählke, 2019",cbt,wlc,,,msd,SPS,self-report,21.03,11.54,100,30.63,13.72,100,,,,,,,,,,,,,,,,,34.36,11.79,100,35.71,13.54,100,100,100,9,6,0.91,0.94,2018,,10,post,n,ush,ush,9,eu,adul,26.7,0.62,com,sad,stud,,Kählke_2019_msd_SPS_post_NA_self-report_cbt_wlc_NA_NA,0.7544079779,0.1464024687,
"Kählke, 2019",cbt,wlc,,,msd,SIAS,self-report,36.72,13.86,100,44.36,14.05,100,,,,,,,,,,,,,,,,,51.47,11.23,100,48.71,12.92,100,100,100,9,6,0.91,0.94,2018,,10,post,n,ush,ush,9,eu,adul,26.7,0.62,com,sad,stud,,Kählke_2019_msd_SIAS_post_NA_self-report_cbt_wlc_NA_NA,0.5453849994,0.1440461204,
"Kählke, 2019",cbt,wlc,,,msd,LSAS-SR,self-report,58.82,20.45,100,72.51,22.17,100,,,,,,,,,,,,,,,,,77.61,16.87,100,76.96,19.57,100,100,100,9,6,0.91,0.94,2018,,10,post,n,ush,ush,9,eu,adul,26.7,0.62,com,sad,stud,,Kählke_2019_msd_LSAS-SR_post_NA_self-report_cbt_wlc_NA_NA,0.639464385,0.1450175351,
"Kampmann, 2016",Exposure,wlc,Exposure (in vivo),wlc,msd,DASS anxiety,self-report,3.61,3.47,18,5.33,4.09,18,,,,,,,,,,,,,,,,,7,5.24,20,6.3,5.09,20,20,20,2,2,0.9,0.9,2016,,5,post,n,ind,ind,10,eu,adul,36.9,0.633,com,sad,adul,,Kampmann_2016_msd_DASSanxiety_post_NA_self-report_Exposure_wlc_Exposure(invivo)_wlc,0.4434260717,0.3375908483,
"Kampmann, 2016",Exposure,wlc,Exposure (VR),wlc,msd,DASS anxiety,self-report,7.21,4.26,19,5.33,4.09,18,,,,,,,,,,,,,,,,,9.7,4.32,20,6.3,5.09,20,20,20,1,2,0.95,0.9,2016,,5,post,n,ind,ind,10,eu,adul,36.9,0.633,com,sad,adul,,Kampmann_2016_msd_DASSanxiety_post_NA_self-report_Exposure_wlc_Exposure(VR)_wlc,-0.4402335264,0.3330509672,
"Kampmann, 2016",Exposure,wlc,Exposure (in vivo),wlc,msd,FNE-B,self-report,24.72,12.1,18,36.44,8.77,18,,,,,,,,,,,,,,,,,38.5,6.24,20,37.4,9.42,20,20,20,2,2,0.9,0.9,2016,,5,post,n,ind,ind,10,eu,adul,36.9,0.633,com,sad,adul,,Kampmann_2016_msd_FNE-B_post_NA_self-report_Exposure_wlc_Exposure(invivo)_wlc,1.084466505,0.3580450913,
"Kampmann, 2016",Exposure,wlc,Exposure (VR),wlc,msd,FNE-B,self-report,36.05,8.37,19,36.44,8.77,18,,,,,,,,,,,,,,,,,41.05,7.48,20,37.4,9.42,20,20,20,1,2,0.95,0.9,2016,,5,post,n,ind,ind,10,eu,adul,36.9,0.633,com,sad,adul,,Kampmann_2016_msd_FNE-B_post_NA_self-report_Exposure_wlc_Exposure(VR)_wlc,0.04454298062,0.3289607002,
"Kampmann, 2016",Exposure,wlc,Exposure (in vivo),wlc,msd,LSAS-SR,self-report,39.22,25.01,18,58,16.01,18,,,,,,,,,,,,,,,,,69.15,19.44,20,64.35,21.87,20,20,20,2,2,0.9,0.9,2016,,5,post,n,ind,ind,10,eu,adul,36.9,0.633,com,sad,adul,,Kampmann_2016_msd_LSAS-SR_post_NA_self-report_Exposure_wlc_Exposure(invivo)_wlc,0.8745018387,0.3496011617,
"Kampmann, 2016",Exposure,wlc,Exposure (VR),wlc,msd,LSAS-SR,self-report,55.74,18.65,19,58,16.01,18,,,,,,,,,,,,,,,,,73,17.25,20,64.35,21.87,20,20,20,1,2,0.95,0.9,2016,,5,post,n,ind,ind,10,eu,adul,36.9,0.633,com,sad,adul,,Kampmann_2016_msd_LSAS-SR_post_NA_self-report_Exposure_wlc_Exposure(VR)_wlc,0.1269521803,0.3292637916,
"Khoramnia, 2020",3rd,wlc,,,msd,SPIN,self-report,46.6,59.45,11,61.45,10.89,11,,,,,,,,,,,,,,,,,63.27,9.28,12,59.95,15.62,12,12,12,1,1,0.9166666667,0.9166666667,2020,,12,post,n,ind,ind,12,oth,yadul,22.12,0.7083,com,sad,stud,,Khoramnia_2020_msd_SPIN_post_NA_self-report_3rd_wlc_NA_NA,0.3342792213,0.4296070746,
"Kim, 2022",Exposure,wlc,,,msd,HADS-A,self-report,8.29,3.95,28,8.25,3.01,24,,,,,,,,,,,,,,,,,10.21,4.22,28,8.82,2.89,24,28,24,3,8,0.8928571429,0.6666666667,2022,,2,post,n,ind,ind,8,eas,yadul,23.44,0.385,com,sad,adul,,Kim_2022_msd_HADS-A_post_NA_self-report_Exposure_wlc_NA_NA,-0.0111019292,0.278176516,
"Kim, 2022",Exposure,wlc,,,msd,SIAS,self-report,35.48,15.46,28,40.75,13.21,24,,,,,,,,,,,,,,,,,47.71,11.06,28,43,13.28,24,28,24,3,8,0.8928571429,0.6666666667,2022,,2,post,n,ind,ind,8,eas,yadul,23.44,0.385,com,sad,adul,,Kim_2022_msd_SIAS_post_NA_self-report_Exposure_wlc_NA_NA,0.3587479427,0.280457886,
"Kim, 2022",Exposure,wlc,,,msd,FNE-B,self-report,38.62,8.46,28,43.1,7.39,24,,,,,,,,,,,,,,,,,45.63,5.76,28,45.107,7.83,24,28,24,3,8,0.8928571429,0.6666666667,2022,,2,post,n,ind,ind,8,eas,yadul,23.44,0.385,com,sad,adul,,Kim_2022_msd_FNE-B_post_NA_self-report_Exposure_wlc_NA_NA,0.5525505522,0.2835616365,
"Kim, 2022",Exposure,wlc,,,msd,LSAS-SR,self-report,53,23.61,28,68.85,20.25,24,,,,,,,,,,,,,,,,,73.5,22.4,28,68.11,18.94,24,28,24,3,8,0.8928571429,0.6666666667,2022,,2,post,n,ind,ind,8,eas,yadul,23.44,0.385,com,sad,adul,,Kim_2022_msd_LSAS-SR_post_NA_self-report_Exposure_wlc_NA_NA,0.7054932984,0.2869047818,
"Kocovski, 2013",cbt,wlc,,,msd,SPIN,self-report,33.72,14.04,53,43.82,9.9,31,,,,,,,,,,,,,,,,,43.68,12.16,53,46.71,8.92,31,53,31,21,0,0.6037735849,1,2013,,12,post,n,grp,grp,12,can,adul,34.42,0.54,com,sad,adul,,Kocovski_2013_msd_SPIN_post_NA_self-report_cbt_wlc_NA_NA,0.7890288813,0.2343089525,
"Kocovski, 2013",3rd,wlc,,,msd,SPIN,self-report,33.91,14.79,53,43.82,9.9,31,,,,,,,,,,,,,,,,,42.43,12.84,53,46.71,8.92,31,53,31,16,0,0.6981132075,1,2013,,12,post,n,grp,grp,12,can,adul,34.42,0.54,com,sad,adul,,Kocovski_2013_msd_SPIN_post_NA_self-report_3rd_wlc_NA_NA,0.7431598959,0.233397878,
"Koszycki, 2016",3rd,wlc,,,msd,SPIN,self-report,23.22,7.8,17,41,9.6,16,,,,,,,,,,,,,,,,,40.9,10.8,21,44.11,9.1,18,21,18,4,2,0.8095238095,0.8888888889,2016,,12,post,n,grp,grp,12,can,adul,39.77,0.795,com,sad,adul,3,Koszycki_2016_msd_SPIN_post_NA_self-report_3rd_wlc_NA_NA,1.989829396,0.4293621001,
"Koszycki, 2016",3rd,wlc,,,msd,LSAS,cr,42.16,18.1,17,74.47,17.3,16,,,,,,,,,,,,,,,,,67.48,18.6,21,75.74,15.6,18,21,18,4,2,0.8095238095,0.8888888889,2016,,12,post,n,grp,grp,12,can,adul,39.77,0.795,com,sad,adul,3,Koszycki_2016_msd_LSAS_post_NA_cr_3rd_wlc_NA_NA,1.779150752,0.414381203,
"Ledley, 2009",cbt,wlc,,,msd,ADIS,cr,3.92,1.12,15,5.24,1.18,19,,,,,,,,,,,,,,,,,5.61,0.95,15,NR,NR,NR,16,22,1,3,0.9375,0.8636363636,2009,,20,post,n,ind,ind,16,us,adul,34.87,0.579,clin,sad,adul,,Ledley_2009_msd_ADIS_post_NA_cr_cbt_wlc_NA_NA,1.116697921,0.3722025907,
"Ledley, 2009",cbt,wlc,,,msd,SPS,self-report,14.64,9.76,15,32.71,9.98,19,,,,,,,,,,,,,,,,,32.89,15.29,15,NR,NR,NR,16,22,1,3,0.9375,0.8636363636,2009,,20,post,n,ind,ind,16,us,adul,34.87,0.579,clin,sad,adul,,Ledley_2009_msd_SPS_post_NA_self-report_cbt_wlc_NA_NA,1.784957542,0.4104227353,
"Ledley, 2009",cbt,wlc,,,msd,FNE-B,self-report,21.3,5.69,15,31.23,5.8,19,,,,,,,,,,,,,,,,,32.47,6.42,15,NR,NR,NR,16,22,1,3,0.9375,0.8636363636,2009,,20,post,n,ind,ind,16,us,adul,34.87,0.579,clin,sad,adul,,Ledley_2009_msd_FNE-B_post_NA_self-report_cbt_wlc_NA_NA,1.685536765,0.4038863997,
"Ledley, 2009",cbt,wlc,,,msd,SIAS,self-report,27.63,6.86,15,45.89,7.19,19,,,,,,,,,,,,,,,,,43.16,12.6,15,NR,NR,NR,16,22,1,3,0.9375,0.8636363636,2009,,20,post,n,ind,ind,16,us,adul,34.87,0.579,clin,sad,adul,,Ledley_2009_msd_SIAS_post_NA_self-report_cbt_wlc_NA_NA,2.529775681,0.466927657,
"Ledley, 2009",cbt,wlc,,,msd,LSAS,cr,46.81,20.26,15,62.98,20.53,19,,,,,,,,,,,,,,,,,68.19,22.95,15,NR,NR,NR,16,22,1,3,0.9375,0.8636363636,2009,,20,post,n,ind,ind,16,us,adul,34.87,0.579,clin,sad,adul,,Ledley_2009_msd_LSAS_post_NA_cr_cbt_wlc_NA_NA,0.773456216,0.3585061369,
"Leichsenring, 2013",cbt,wlc,cbt,wlc,msd,LSAS,cr,42.94,25.41,209,68.13,25.34,79,,,,,,,,,,,,,,,,,72.06,22.39,209,73.32,20.93,79,209,79,50,21,0.7607655502,0.7341772152,2013,,NR,post,n,ind,ind,25,eu,adul,35.23,0.546,com,sad,adul,,Leichsenring_2013_msd_LSAS_post_NA_cr_cbt_wlc_cbt_wlc,0.9894827116,0.1383895214,
"Leichsenring, 2013",dyn,wlc,dyn,wlc,msd,LSAS,cr,50.71,27.49,207,68.13,25.34,79,,,,,,,,,,,,,,,,,73.26,22.13,207,73.32,20.93,79,207,79,58,21,0.7198067633,0.7341772152,2013,,NR,post,n,ind,ind,25,eu,adul,35.23,0.546,com,sad,adul,,Leichsenring_2013_msd_LSAS_post_NA_cr_dyn_wlc_dyn_wlc,0.6454732001,0.1349866495,
"Leichsenring, 2013",cbt,wlc,cbt,wlc,msd,SPAI,self-report,66.28,26.86,209,85.7,22.17,79,,,,,,,,,,,,,,,,,90.19,19.26,209,89.91,18.09,79,209,79,50,21,0.7607655502,0.7341772152,2013,,NR,post,n,ind,ind,25,eu,adul,35.23,0.546,com,sad,adul,,Leichsenring_2013_msd_SPAI_post_NA_self-report_cbt_wlc_cbt_wlc,0.7546558202,0.1357823706,
"Leichsenring, 2013",dyn,wlc,dyn,wlc,msd,SPAI,self-report,76.67,24.89,207,85.7,22.17,79,,,,,,,,,,,,,,,,,90.09,19.88,207,89.91,18.09,79,207,79,58,21,0.7198067633,0.7341772152,2013,,NR,post,n,ind,ind,25,eu,adul,35.23,0.546,com,sad,adul,,Leichsenring_2013_msd_SPAI_post_NA_self-report_dyn_wlc_dyn_wlc,0.3725627696,0.1331656722,
"Mattick, 1989",cbt,wlc,cbt,wlc,msd,FQ ps,self-report,3.1,1.8,11,6,1.8,10,,,,,,,,,,,,,,,,,6.4,2,11,6,1.4,10,NR,NR,NR,NR,#VALUE!,#VALUE!,1989,,6,post,n,grp,grp,6,aus,adul,41.63,0.535,com,sad,adul,,Mattick_1989_msd_FQps_post_NA_self-report_cbt_wlc_cbt_wlc,1.546666667,0.5027036624,
"Mattick, 1989",Exposure,wlc,Exposure,wlc,msd,FQ ps,self-report,3.4,1.9,11,6,1.8,10,,,,,,,,,,,,,,,,,4.7,1.7,11,6,1.4,10,NR,NR,NR,NR,#VALUE!,#VALUE!,1989,,6,post,n,grp,grp,6,aus,adul,41.63,0.535,com,sad,adul,,Mattick_1989_msd_FQps_post_NA_self-report_Exposure_wlc_Exposure_wlc,1.346783685,0.4876159034,
"Mattick, 1989",cbt,wlc,cbt,wlc,msd,FQ ar,self-report,3.5,2,11,6.9,1,10,,,,,,,,,,,,,,,,,7.1,0.9,11,6.1,1.1,10,NR,NR,NR,NR,#VALUE!,#VALUE!,1989,,6,post,n,grp,grp,6,aus,adul,41.63,0.535,com,sad,adul,,Mattick_1989_msd_FQar_post_NA_self-report_cbt_wlc_cbt_wlc,2.032492307,0.5455584906,
"Mattick, 1989",CT,wlc,CT,wlc,msd,FQ ps,self-report,4.2,1.5,11,6,1.8,10,,,,,,,,,,,,,,,,,7,1.6,11,6,1.4,10,NR,NR,NR,NR,#VALUE!,#VALUE!,1989,,6,post,n,grp,grp,6,aus,adul,41.63,0.535,com,sad,adul,,Mattick_1989_msd_FQps_post_NA_self-report_CT_wlc_CT_wlc,1.047956698,0.4682749357,
"Mattick, 1989",Exposure,wlc,Exposure,wlc,msd,FQ ar,self-report,4.2,2.4,11,6.9,1,10,,,,,,,,,,,,,,,,,6.4,1.4,11,6.1,1.1,10,NR,NR,NR,NR,#VALUE!,#VALUE!,1989,,6,post,n,grp,grp,6,aus,adul,41.63,0.535,com,sad,adul,,Mattick_1989_msd_FQar_post_NA_self-report_Exposure_wlc_Exposure_wlc,1.384441735,0.4903330148,
"Mattick, 1989",CT,wlc,CT,wlc,msd,FQ ar,self-report,5.1,2.1,11,6.9,1,10,,,,,,,,,,,,,,,,,7.2,1.3,11,6.1,1.1,10,NR,NR,NR,NR,#VALUE!,#VALUE!,1989,,6,post,n,grp,grp,6,aus,adul,41.63,0.535,com,sad,adul,,Mattick_1989_msd_FQar_post_NA_self-report_CT_wlc_CT_wlc,1.03364945,0.4674526676,
"Mattick, 1989",cbt,wlc,cbt,wlc,msd,FQ SA,self-report,11.9,6.3,11,19.3,8,10,,,,,,,,,,,,,,,,,22.3,7.8,11,16.4,8,10,NR,NR,NR,NR,#VALUE!,#VALUE!,1989,,6,post,n,grp,grp,6,aus,adul,41.63,0.535,com,sad,adul,,Mattick_1989_msd_FQSA_post_NA_self-report_cbt_wlc_cbt_wlc,0.9927631573,0.4651575037,
"Mattick, 1989",Exposure,wlc,Exposure,wlc,msd,FQ SA,self-report,12,5.7,11,19.3,8,10,,,,,,,,,,,,,,,,,16.2,5.5,11,16.4,8,10,NR,NR,NR,NR,#VALUE!,#VALUE!,1989,,6,post,n,grp,grp,6,aus,adul,41.63,0.535,com,sad,adul,,Mattick_1989_msd_FQSA_post_NA_self-report_Exposure_wlc_Exposure_wlc,1.017730055,0.4665493656,
"Mattick, 1989",CT,wlc,CT,wlc,msd,FQ SA,self-report,15,6,11,19.3,8,10,,,,,,,,,,,,,,,,,26.9,8.5,11,16.4,8,10,NR,NR,NR,NR,#VALUE!,#VALUE!,1989,,6,post,n,grp,grp,6,aus,adul,41.63,0.535,com,sad,adul,,Mattick_1989_msd_FQSA_post_NA_self-report_CT_wlc_CT_wlc,0.588137085,0.4470408795,
"Mattick, 1989",cbt,wlc,cbt,wlc,msd,FNE,self-report,18.1,10.2,11,21,10,10,,,,,,,,,,,,,,,,,25.9,4.9,11,20.5,9.8,10,NR,NR,NR,NR,#VALUE!,#VALUE!,1989,,6,post,n,grp,grp,6,aus,adul,41.63,0.535,com,sad,adul,,Mattick_1989_msd_FNE_post_NA_self-report_cbt_wlc_cbt_wlc,0.2754865488,0.4391694222,
"Mattick, 1989",CT,wlc,CT,wlc,msd,FNE,self-report,20.6,8.7,11,21,10,10,,,,,,,,,,,,,,,,,24.2,6.3,11,20.5,9.8,10,NR,NR,NR,NR,#VALUE!,#VALUE!,1989,,6,post,n,grp,grp,6,aus,adul,41.63,0.535,com,sad,adul,,Mattick_1989_msd_FNE_post_NA_self-report_CT_wlc_CT_wlc,0.04112064099,0.4369814361,
"Mattick, 1989",Exposure,wlc,Exposure,wlc,msd,FNE,self-report,21.6,5.8,11,21,10,10,,,,,,,,,,,,,,,,,23.2,5.3,11,20.5,9.8,10,NR,NR,NR,NR,#VALUE!,#VALUE!,1989,,6,post,n,grp,grp,6,aus,adul,41.63,0.535,com,sad,adul,,Mattick_1989_msd_FNE_post_NA_self-report_Exposure_wlc_Exposure_wlc,-0.07140354694,0.4370821544,
"Mattick, 1989",CT,wlc,CT,wlc,msd,SIAS,self-report,22.1,9.3,11,29.8,16,10,,,,,,,,,,,,,,,,,30.1,16.3,11,33,16.9,10,NR,NR,NR,NR,#VALUE!,#VALUE!,1989,,6,post,n,grp,grp,6,aus,adul,41.63,0.535,com,sad,adul,,Mattick_1989_msd_SIAS_post_NA_self-report_CT_wlc_CT_wlc,0.5723800542,0.446512174,
"Mattick, 1989",cbt,wlc,cbt,wlc,msd,SPS,self-report,24,12.4,11,37.6,16.5,10,,,,,,,,,,,,,,,,,41.9,6.2,11,37,16.9,10,NR,NR,NR,NR,#VALUE!,#VALUE!,1989,,6,post,n,grp,grp,6,aus,adul,41.63,0.535,com,sad,adul,,Mattick_1989_msd_SPS_post_NA_self-report_cbt_wlc_cbt_wlc,0.9011924295,0.4603161071,
"Mattick, 1989",Exposure,wlc,Exposure,wlc,msd,SIAS,self-report,25.8,10.1,11,29.8,16,10,,,,,,,,,,,,,,,,,29.8,14.8,11,33,16.9,10,NR,NR,NR,NR,#VALUE!,#VALUE!,1989,,6,post,n,grp,grp,6,aus,adul,41.63,0.535,com,sad,adul,,Mattick_1989_msd_SIAS_post_NA_self-report_Exposure_wlc_Exposure_wlc,0.2903160088,0.4394161479,
"Mattick, 1989",Exposure,wlc,Exposure,wlc,msd,SPS,self-report,26.1,7.7,11,37.6,16.5,10,,,,,,,,,,,,,,,,,31.4,9.5,11,37,16.9,10,NR,NR,NR,NR,#VALUE!,#VALUE!,1989,,6,post,n,grp,grp,6,aus,adul,41.63,0.535,com,sad,adul,,Mattick_1989_msd_SPS_post_NA_self-report_Exposure_wlc_Exposure_wlc,0.8723368004,0.458877739,
"Mattick, 1989",CT,wlc,CT,wlc,msd,SPS,self-report,26.6,10.7,11,37.6,16.5,10,,,,,,,,,,,,,,,,,42.7,19.1,11,37,16.9,10,NR,NR,NR,NR,#VALUE!,#VALUE!,1989,,6,post,n,grp,grp,6,aus,adul,41.63,0.535,com,sad,adul,,Mattick_1989_msd_SPS_post_NA_self-report_CT_wlc_CT_wlc,0.7676835085,0.4540205167,
"Mattick, 1989",cbt,wlc,cbt,wlc,msd,SIAS,self-report,28.4,11.9,11,29.8,16,10,,,,,,,,,,,,,,,,,42.6,12.3,11,33,16.9,10,NR,NR,NR,NR,#VALUE!,#VALUE!,1989,,6,post,n,grp,grp,6,aus,adul,41.63,0.535,com,sad,adul,,Mattick_1989_msd_SIAS_post_NA_self-report_cbt_wlc_cbt_wlc,0.09605030805,0.4372041122,
"Mattick, 1989",CT,wlc,CT,wlc,msd,BAT,cr,44.2,26.2,11,31.4,19.1,10,,,,,,,,,,,,,,,,,24.3,13.5,11,23.3,13.7,10,NR,NR,NR,NR,#VALUE!,#VALUE!,1989,,6,post,n,grp,grp,6,aus,adul,41.63,0.535,com,sad,adul,,Mattick_1989_msd_BAT_post_NA_cr_CT_wlc_CT_wlc,0.5317094847,0.4452112179,
"Mattick, 1989",Exposure,wlc,Exposure,wlc,msd,BAT,cr,72.5,21.3,11,31.4,19.1,10,,,,,,,,,,,,,,,,,23.2,12.3,11,23.3,13.7,10,NR,NR,NR,NR,#VALUE!,#VALUE!,1989,,6,post,n,grp,grp,6,aus,adul,41.63,0.535,com,sad,adul,,Mattick_1989_msd_BAT_post_NA_cr_Exposure_wlc_Exposure_wlc,1.94482802,0.5372394334,
"Mattick, 1989",cbt,wlc,cbt,wlc,msd,BAT,cr,79.9,24.9,11,31.4,19.1,10,,,,,,,,,,,,,,,,,18.8,8.3,11,23.3,13.7,10,NR,NR,NR,NR,#VALUE!,#VALUE!,1989,,6,post,n,grp,grp,6,aus,adul,41.63,0.535,com,sad,adul,,Mattick_1989_msd_BAT_post_NA_cr_cbt_wlc_cbt_wlc,2.084049195,0.5505607893,
"Mersch, 1995",other psy,wlc,,,msd,FQ,self-report,17.28,5.33,20,22.27,4.89,10,,,,,,,,,,,,,,,,,21.94,6.48,24,23.07,5.74,10,24,12,4,2,0.8333333333,0.8333333333,1995,,15,post,n,ind,ind,14,eu,adul,35.6,0.324,com,sad,adul,,Mersch_1995_msd_FQ_post_NA_self-report_otherpsy_wlc_NA_NA,0.9350033992,0.4066832167,
"Mersch, 1995",other psy,wlc,,,msd,SASSI,self-report,33.96,11.19,20,45.73,20.58,10,,,,,,,,,,,,,,,,,49.57,14.65,24,49.12,16.09,10,24,12,4,2,0.8333333333,0.8333333333,1995,,15,post,n,ind,ind,14,eu,adul,35.6,0.324,com,sad,adul,,Mersch_1995_msd_SASSI_post_NA_self-report_otherpsy_wlc_NA_NA,0.7701550823,0.4005527156,
"Mersch, 1995",other psy,wlc,,,msd,FNE,self-report,39.17,8.4,20,42.14,9.06,10,,,,,,,,,,,,,,,,,47.64,9.22,24,42.93,9.97,10,24,12,4,2,0.8333333333,0.8333333333,1995,,15,post,n,ind,ind,14,eu,adul,35.6,0.324,com,sad,adul,,Mersch_1995_msd_FNE_post_NA_self-report_otherpsy_wlc_NA_NA,0.3353266077,0.3898456443,
"Mörtberg, 2006",cbt,wlc,,,other stat,LSAS-SR,self-report,,,12,,,12,,,,,,,,,,,,1.3132,0.453,,,"LSAS (F(1, 21) = 11.1, P < .01)",NR,NR,13,NR,NR,13,13,13,1,1,0.9230769231,0.9230769231,2006,,3,post,n,grp,grp,,eu,adul,33.35,0.654,clin,sad,adul,,Mörtberg_2006_otherstat_LSAS-SR_post_NA_self-report_cbt_wlc_NA_NA,1.3132,0.453,"Intesivive day long session with a break, a morning and afternoon session seperately. "
"Mörtberg, 2006",cbt,wlc,,,other stat,SIAS,self-report,,,12,,,12,,,,,,,,,,,,0.8078,0.4257,,,"SIAS (F(1, 21) = 4.2, P < .05)",NR,NR,13,NR,NR,13,13,13,1,1,0.9230769231,0.9230769231,2006,,3,post,n,grp,grp,,eu,adul,33.35,0.654,clin,sad,adul,,Mörtberg_2006_otherstat_SIAS_post_NA_self-report_cbt_wlc_NA_NA,0.8078,0.4257,"Intesivive day long session with a break, a morning and afternoon session seperately. "
"Mörtberg, 2007",cbt,cau,cbt (ind),wlc,msd,SPWSS,self-report,2.7,2.3,32,3.7,2.2,33,,,,,,,,,,,,,,,,,5.4,1.7,32,4.6,2.1,33,32,33,4,15,0.875,0.5454545455,2007,,17.33,post,n,ind,ind,16,eu,adul,34.6,0.63,com,sad,adul,,Mörtberg_2007_msd_SPWSS_post_NA_self-report_cbt_cau_cbt(ind)_wlc,0.4391788359,0.2511430273,
"Mörtberg, 2007",cbt,cau,cbt (grp),wlc,msd,SPWSS,self-report,4,1.9,35,3.7,2.2,33,,,,,,,,,,,,,,,,,4.9,1.4,35,4.6,2.1,33,35,33,9,15,0.7428571429,0.5454545455,2007,,17.33,post,n,grp,grp,16,eu,adul,34.6,0.63,com,sad,adul,,Mörtberg_2007_msd_SPWSS_post_NA_self-report_cbt_cau_cbt(grp)_wlc,-0.1446057116,0.2429645726,
"Mörtberg, 2007",cbt,cau,cbt (ind),wlc,msd,FQ sp,self-report,14.6,7.6,32,18.7,8.4,33,,,,,,,,,,,,,,,,,22.3,8.6,32,21.5,7.3,33,32,33,4,15,0.875,0.5454545455,2007,,17.33,post,n,ind,ind,16,eu,adul,34.6,0.63,com,sad,adul,,Mörtberg_2007_msd_FQsp_post_NA_self-report_cbt_cau_cbt(ind)_wlc,0.5053428109,0.2521214757,
"Mörtberg, 2007",cbt,cau,cbt (grp),wlc,msd,FQ sp,self-report,15.5,7.1,35,18.7,8.4,33,,,,,,,,,,,,,,,,,20.7,6.7,35,21.5,7.3,33,35,33,9,15,0.7428571429,0.5454545455,2007,,17.33,post,n,grp,grp,16,eu,adul,34.6,0.63,com,sad,adul,,Mörtberg_2007_msd_FQsp_post_NA_self-report_cbt_cau_cbt(grp)_wlc,0.4077956413,0.2452052481,
"Mörtberg, 2007",cbt,cau,cbt (ind),wlc,msd,FNE,self-report,18.5,7.4,32,21.9,8.7,33,,,,,,,,,,,,,,,,,22.3,4.8,32,22.7,8,33,32,33,4,15,0.875,0.5454545455,2007,,17.33,post,n,ind,ind,16,eu,adul,34.6,0.63,com,sad,adul,,Mörtberg_2007_msd_FNE_post_NA_self-report_cbt_cau_cbt(ind)_wlc,0.415429677,0.250824431,
"Mörtberg, 2007",cbt,cau,cbt (ind),wlc,msd,SPS,self-report,21.5,13.8,32,28.1,17.9,33,,,,,,,,,,,,,,,,,37.9,12.5,32,35.8,16.1,33,32,33,4,15,0.875,0.5454545455,2007,,17.33,post,n,ind,ind,16,eu,adul,34.6,0.63,com,sad,adul,,Mörtberg_2007_msd_SPS_post_NA_self-report_cbt_cau_cbt(ind)_wlc,0.4072068103,0.2507181577,
"Mörtberg, 2007",cbt,cau,cbt (grp),wlc,msd,FNE,self-report,21.5,7.2,35,21.9,8.7,33,,,,,,,,,,,,,,,,,22.5,6.5,35,22.7,8,33,35,33,9,15,0.7428571429,0.5454545455,2007,,17.33,post,n,grp,grp,16,eu,adul,34.6,0.63,com,sad,adul,,Mörtberg_2007_msd_FNE_post_NA_self-report_cbt_cau_cbt(grp)_wlc,0.04966157713,0.2426788292,
"Mörtberg, 2007",cbt,cau,cbt (grp),wlc,msd,SPS,self-report,27.7,11.5,35,28.1,17.9,33,,,,,,,,,,,,,,,,,36.5,13.8,35,35.8,16.1,33,35,33,9,15,0.7428571429,0.5454545455,2007,,17.33,post,n,grp,grp,16,eu,adul,34.6,0.63,com,sad,adul,,Mörtberg_2007_msd_SPS_post_NA_self-report_cbt_cau_cbt(grp)_wlc,0.0264520383,0.2426514439,
"Mörtberg, 2007",cbt,cau,cbt (grp),wlc,msd,SIAS,self-report,36.7,14.7,35,40.8,17.6,33,,,,,,,,,,,,,,,,,44.5,16.1,35,46.5,14.4,33,35,33,9,15,0.7428571429,0.5454545455,2007,,17.33,post,n,grp,grp,16,eu,adul,34.6,0.63,com,sad,adul,,Mörtberg_2007_msd_SIAS_post_NA_self-report_cbt_cau_cbt(grp)_wlc,0.2506460291,0.2436126381,
"Mörtberg, 2007",cbt,cau,cbt (ind),wlc,msd,SIAS,self-report,37.8,17.7,32,40.8,17.6,33,,,,,,,,,,,,,,,,,51.6,15.5,32,46.5,14.4,33,32,33,4,15,0.875,0.5454545455,2007,,17.33,post,n,ind,ind,16,eu,adul,34.6,0.63,com,sad,adul,,Mörtberg_2007_msd_SIAS_post_NA_self-report_cbt_cau_cbt(ind)_wlc,0.1679470156,0.248546338,
"Mörtberg, 2007",cbt,cau,cbt (ind),wlc,msd,LSAS-SR,self-report,51.3,27.9,32,65.5,25.7,33,,,,,,,,,,,,,,,,,81.8,21.1,32,71.8,23.5,33,32,33,4,15,0.875,0.5454545455,2007,,17.33,post,n,ind,ind,16,eu,adul,34.6,0.63,com,sad,adul,,Mörtberg_2007_msd_LSAS-SR_post_NA_self-report_cbt_cau_cbt(ind)_wlc,0.5234179932,0.2524118832,
"Mörtberg, 2007",cbt,cau,cbt (grp),wlc,msd,LSAS-SR,self-report,52.5,19.4,35,65.5,25.7,33,,,,,,,,,,,,,,,,,68.1,20.9,35,71.8,23.5,33,35,33,9,15,0.7428571429,0.5454545455,2007,,17.33,post,n,grp,grp,16,eu,adul,34.6,0.63,com,sad,adul,,Mörtberg_2007_msd_LSAS-SR_post_NA_self-report_cbt_cau_cbt(grp)_wlc,0.5667985132,0.2475711935,
"Mulkens, 2001",other psy,wlc,,,msd,BRC,self-report,1.56,0.55,12,2.22,0.4,14,,,,,,,,,,,,,,,,,1.96,0.42,12,2.24,0.41,14,14,17,2,3,0.8571428571,0.8235294118,2001,,6,post,n,ind,ind,6,eu,adul,NR,0.774,com,sad,adul,,Mulkens_2001_msd_BRC_post_NA_self-report_otherpsy_wlc_NA_NA,1.34652839,0.438110758,
"Mulkens, 2001",other psy,wlc,,,msd,BTS-Q,self-report,42.64,20.28,12,56.44,20.18,14,,,,,,,,,,,,,,,,,60.74,12.78,12,63.11,19.18,14,14,17,2,3,0.8571428571,0.8235294118,2001,,6,post,n,ind,ind,6,eu,adul,NR,0.774,com,sad,adul,,Mulkens_2001_msd_BTS-Q_post_NA_self-report_otherpsy_wlc_NA_NA,0.6607475575,0.4046162404,
"Newman, 1994",Exposure,wlc,,,msd,SADS,self-report,10.1,8.5,14,13,9.1,13,,,,,,,,,,,,,,,,,11.4,8.6,14,12.6,9.3,13,18,18,2,1,0.8888888889,0.9444444444,1994,,10,post,n,grp,grp,8,us,adul,46.57,0.5,com,sad,adul,,Newman_1994_msd_SADS_post_NA_self-report_Exposure_wlc_NA_NA,0.3198095909,0.3877704421,
"Newman, 1994",Exposure,wlc,,,msd,PRCS,self-report,12.5,7.84,16,20.44,7.93,16,,,,,,,,,,,,,,,,,21.75,4.36,16,22.13,4.57,16,18,18,2,1,0.8888888889,0.9444444444,1994,,10,post,n,grp,grp,8,us,adul,46.57,0.5,com,sad,adul,,Newman_1994_msd_PRCS_post_NA_self-report_Exposure_wlc_NA_NA,0.9815733534,0.375290849,
"Newman, 1994",Exposure,wlc,,,msd,STAI state,self-report,36.2,9.5,16,42,12.7,14,,,,,,,,,,,,,,,,,42.9,12.4,16,45.8,13.5,14,18,18,2,1,0.8888888889,0.9444444444,1994,,10,post,n,grp,grp,8,us,adul,46.57,0.5,com,sad,adul,,Newman_1994_msd_STAIstate_post_NA_self-report_Exposure_wlc_NA_NA,0.5083531411,0.3721266234,
"Newman, 1994",Exposure,wlc,,,msd,STAI trait,self-report,36.2,7.9,14,42.8,9.6,13,,,,,,,,,,,,,,,,,39.1,9.5,14,41.4,8.8,13,18,18,2,1,0.8888888889,0.9444444444,1994,,10,post,n,grp,grp,8,us,adul,46.57,0.5,com,sad,adul,,Newman_1994_msd_STAItrait_post_NA_self-report_Exposure_wlc_NA_NA,0.7308203048,0.3985852308,
"Newman, 1994",Exposure,wlc,,,msd,SPAI,self-report,55.94,27.44,15,77.56,31.45,12,,,,,,,,,,,,,,,,,69.51,25.81,15,74.52,28.32,12,18,18,2,1,0.8888888889,0.9444444444,1994,,10,post,n,grp,grp,8,us,adul,46.57,0.5,com,sad,adul,,Newman_1994_msd_SPAI_post_NA_self-report_Exposure_wlc_NA_NA,0.7162044537,0.4001275039,
"Nilsson, 2012",other psy,other ctr,,,msd,FNE,self-report,13.43,10.05,7,22.71,4.79,7,,,,,,,,,,,,,,,,,22.71,6.02,7,22.14,5.01,7,7,7,0,0,1,1,2012,,1,post,n,ind,ind,1,eu,adul,33.5,0.43,com,sad,adul,,Nilsson_2012_msd_FNE_post_NA_self-report_otherpsy_otherctr_NA_NA,1.103571519,0.5790881033,
"Nilsson, 2012",other psy,other ctr,,,msd,SIAS,self-report,27.14,19.23,7,37.14,11.51,7,,,,,,,,,,,,,,,,,36.71,21.96,7,36.86,12.03,7,7,7,0,0,1,1,2012,,1,post,n,ind,ind,1,eu,adul,33.5,0.43,com,sad,adul,,Nilsson_2012_msd_SIAS_post_NA_self-report_otherpsy_otherctr_NA_NA,0.5907447897,0.5476635382,
"Olivares-Olivares, 2016",cbt,wlc,cbt,wlc,msd,PRCS,self-report,1.7,1.51,30,8.07,1.48,30,,,,,,,,,,,,,,,,,7.07,2.3,30,7.53,1.7,30,30,30,0,NR,1,#VALUE!,2016,,12,post,n,grp,grp,12,eu,yadul,19.9,0.626,com,sad,stud,,Olivares-Olivares_2016_msd_PRCS_post_NA_self-report_cbt_wlc_cbt_wlc,4.205321927,0.466843853,
"Olivares-Olivares, 2016",other psy,wlc,other psy,wlc,msd,PRCS,self-report,2,1.79,31,8.07,1.48,30,,,,,,,,,,,,,,,,,8.71,1.9,31,7.53,1.7,30,31,30,0,NR,1,#VALUE!,2016,,12,post,n,oth,combined ind and grp,26,eu,yadul,19.9,0.626,com,sad,stud,,Olivares-Olivares_2016_msd_PRCS_post_NA_self-report_otherpsy_wlc_otherpsy_wlc,3.642987684,0.4209566947,
"Oosterbaan, 2001",cbt,other ctr,,,msd,ADS-avoid,cr,15.1,8.9,24,19.2,8.6,19,,,,,,,,,,,,,,,,,28.9,6.6,24,29,6.5,19,28,27,4,8,0.8571428571,0.7037037037,2001,,15,post,n,ind,ind,12,eu,adul,37,0.42,clin,sad,adul,,Oosterbaan_2001_msd_ADS-avoid_post_NA_cr_cbt_otherctr_NA_NA,0.4589217092,0.3111910754,
"Oosterbaan, 2001",cbt,other ctr,,,msd,ADS-anx,cr,15.9,6.6,24,18.4,7.9,19,,,,,,,,,,,,,,,,,29.1,4.5,24,29.8,6.3,19,28,27,4,8,0.8571428571,0.7037037037,2001,,15,post,n,ind,ind,12,eu,adul,37,0.42,clin,sad,adul,,Oosterbaan_2001_msd_ADS-anx_post_NA_cr_cbt_otherctr_NA_NA,0.3408460623,0.3093545908,
"Oosterbaan, 2001",cbt,other ctr,,,msd,FQ-sp,self-report,16,8.6,24,18.4,7.6,19,,,,,,,,,,,,,,,,,24,6.2,24,21.3,8.5,19,28,27,4,8,0.8571428571,0.7037037037,2001,,15,post,n,ind,ind,12,eu,adul,37,0.42,clin,sad,adul,,Oosterbaan_2001_msd_FQ-sp_post_NA_self-report_cbt_otherctr_NA_NA,0.2881376731,0.3087072634,
"Oosterbaan, 2001",cbt,other ctr,,,msd,LSAS avoid,cr,19.9,13.6,24,24.8,13.4,19,,,,,,,,,,,,,,,,,30.3,8.6,24,31.1,12.1,19,28,27,4,8,0.8571428571,0.7037037037,2001,,15,post,n,ind,ind,12,eu,adul,37,0.42,clin,sad,adul,,Oosterbaan_2001_msd_LSASavoid_post_NA_cr_cbt_otherctr_NA_NA,0.3559515055,0.3095598234,
"Oosterbaan, 2001",cbt,other ctr,,,msd,LSAS-anx,cr,27.3,12.6,24,29.6,11.9,19,,,,,,,,,,,,,,,,,36.8,8,24,37.7,11.6,19,28,27,4,8,0.8571428571,0.7037037037,2001,,15,post,n,ind,ind,12,eu,adul,37,0.42,clin,sad,adul,,Oosterbaan_2001_msd_LSAS-anx_post_NA_cr_cbt_otherctr_NA_NA,0.1835862655,0.3077417519,
"Oosterbaan, 2001",cbt,other ctr,,,msd,IIS-anx,self-report,77.5,22.7,24,87.5,23.6,19,,,,,,,,,,,,,,,,,95.7,18.4,24,96.6,25.8,19,28,27,4,8,0.8571428571,0.7037037037,2001,,15,post,n,ind,ind,12,eu,adul,37,0.42,clin,sad,adul,,Oosterbaan_2001_msd_IIS-anx_post_NA_self-report_cbt_otherctr_NA_NA,0.4249432347,0.3106081991,
"Oosterbaan, 2001",cbt,other ctr,,,msd,IIS-avoid,self-report,105.2,17.7,24,99.6,18.1,19,,,,,,,,,,,,,,,,,94.3,11.6,24,94.2,17.7,19,28,27,4,8,0.8571428571,0.7037037037,2001,,15,post,n,ind,ind,12,eu,adul,37,0.42,clin,sad,adul,,Oosterbaan_2001_msd_IIS-avoid_post_NA_self-report_cbt_otherctr_NA_NA,-0.3074912511,0.3089324998,
"Pishyar, 2008",cbt,wlc,,,msd,FNE,self-report,7.6,2.3,16,26.7,2.9,16,,,,,,,,,,,,,,,,,25.4,4.5,16,25.9,3.01,16,16,16,NR,NR,#VALUE!,#VALUE!,2008,,8,post,n,grp,grp,8,aus,adul,30.5,0.4375,com,sad,adul,,Pishyar_2008_msd_FNE_post_NA_self-report_cbt_wlc_NA_NA,7.113758366,0.9783351157,
"Pishyar, 2008",cbt,wlc,,,msd,SPS,self-report,22.3,9.9,16,53.4,12.9,16,,,,,,,,,,,,,,,,,46.4,16.8,16,51.3,7.3,16,16,16,NR,NR,#VALUE!,#VALUE!,2008,,8,post,n,grp,grp,8,aus,adul,30.5,0.4375,com,sad,adul,,Pishyar_2008_msd_SPS_post_NA_self-report_cbt_wlc_NA_NA,2.636569745,0.4891911349,
"Pishyar, 2008",cbt,wlc,,,msd,SIAS,self-report,22.9,8.9,16,53,8.6,16,,,,,,,,,,,,,,,,,43.1,15.7,16,52.1,10.6,16,16,16,NR,NR,#VALUE!,#VALUE!,2008,,8,post,n,grp,grp,8,aus,adul,30.5,0.4375,com,sad,adul,,Pishyar_2008_msd_SIAS_post_NA_self-report_cbt_wlc_NA_NA,3.352784693,0.5566378338,
"Price, 2011",cbt,wlc,cbt (in vivo),,msd,FNE,self-report,35.13,6.66,25,42.36,10.16,25,,,,,,,,,,,,,,,,,43.97,7.64,25,42.88,9.68,25,40,29,15,4,0.625,0.8620689655,2011,,8,post,n,grp,grp,8,us,adul,39.08,0.61,com,sad,adul,,Price_2011_msd_FNE_post_NA_self-report_cbt_wlc_cbt(invivo)_NA,0.8284422862,0.2950999002,
"Price, 2011",cbt,wlc,cbt (VR),,msd,FNE,self-report,37.78,9.31,25,42.36,10.16,25,,,,,,,,,,,,,,,,,41.72,10.65,25,42.88,9.68,25,29,29,4,4,0.8620689655,0.8620689655,2011,,8,post,n,ind,vr,8,us,adul,39.08,0.61,com,sad,adul,,Price_2011_msd_FNE_post_NA_self-report_cbt_wlc_cbt(VR)_NA,0.4626371795,0.2867214416,
"Rahmani, 2020",dyn,wlc,dyn (ISTDP),wlc,msd,LSAS-SR-avoidence,self-report,18.64,9.86,14,33.54,7.85,13,,,,,,,,,,,,,,,,,34.71,11.86,14,34.69,9.42,13,14,14,0,1,1,0.9285714286,2020,,10,post,n,ind,ind,10,oth,yadul,23.07,0.537,com,sad,stud,,Rahmani_2020_msd_LSAS-SR-avoidence_post_NA_self-report_dyn_wlc_dyn(ISTDP)_wlc,1.614048675,0.4468305732,
"Rahmani, 2020",dyn,wlc,dyn (IB-ISTDP),wlc,msd,LSAS-SR-avoidence,self-report,21.79,10.1,14,33.54,7.85,13,,,,,,,,,,,,,,,,,35.36,10.82,14,34.69,9.42,13,14,14,0,1,1,0.9285714286,2020,,10,post,n,ind,ind,10,oth,yadul,23.07,0.537,com,sad,stud,,Rahmani_2020_msd_LSAS-SR-avoidence_post_NA_self-report_dyn_wlc_dyn(IB-ISTDP)_wlc,1.253489779,0.4234331102,
"Rahmani, 2020",dyn,wlc,dyn (ISTDP),wlc,msd,LSAS-SR-fear,self-report,23.43,10.23,14,38.92,10.63,13,,,,,,,,,,,,,,,,,42.36,9.04,14,38.85,9.37,13,14,14,0,1,1,0.9285714286,2020,,10,post,n,ind,ind,10,oth,yadul,23.07,0.537,com,sad,stud,,Rahmani_2020_msd_LSAS-SR-fear_post_NA_self-report_dyn_wlc_dyn(ISTDP)_wlc,1.440975387,0.4350224015,
"Rahmani, 2020",dyn,wlc,dyn (IB-ISTDP),wlc,msd,LSAS-SR-fear,self-report,26,11.01,14,38.92,10.63,13,,,,,,,,,,,,,,,,,43.07,9.51,14,38.85,9.37,13,14,14,0,1,1,0.9285714286,2020,,10,post,n,ind,ind,10,oth,yadul,23.07,0.537,com,sad,stud,,Rahmani_2020_msd_LSAS-SR-fear_post_NA_self-report_dyn_wlc_dyn(IB-ISTDP)_wlc,1.15691007,0.4179843509,
"Rapee, 2007",cbt,wlc,cbt (gsh + grp),wlc,msd,SPS,self-report,24.429,16.867,57,35.337,15.83,52,,,,,,,,,,,,,,,,,34.456,16.25,57,37.529,15.142,52,57,52,15,10,0.7368421053,0.8076923077,2007,,12,post,n,oth,gsh + grp,5,aus,adul,35.55,0.50446,com,sad,adul,,Rapee_2007_msd_SPS_post_NA_self-report_cbt_wlc_cbt(gsh+grp)_wlc,0.6612182723,0.1969991328,
"Rapee, 2007",cbt,wlc,cbt (grp),wlc,msd,SPS,self-report,28.63,15.01,59,35.337,15.83,52,,,,,,,,,,,,,,,,,38.475,14.536,59,37.529,15.142,52,59,52,14,10,0.7627118644,0.8076923077,2007,,12,post,n,grp,grp,10,aus,adul,35.55,0.50446,com,sad,adul,,Rapee_2007_msd_SPS_post_NA_self-report_cbt_wlc_cbt(grp)_wlc,0.4325409998,0.1924432977,
"Rapee, 2007",cbt,wlc,cbt (ush),wlc,msd,SPS,self-report,30.962,17.679,56,35.337,15.83,52,,,,,,,,,,,,,,,,,36.429,17.173,56,37.529,15.142,52,56,52,8,10,0.8571428571,0.8076923077,2007,,12,post,n,ush,ush,NA,aus,adul,35.55,0.50446,com,sad,adul,,Rapee_2007_msd_SPS_post_NA_self-report_cbt_wlc_cbt(ush)_wlc,0.2583423845,0.193394227,
"Rapee, 2007",cbt,wlc,cbt (gsh + grp),wlc,msd,SIAS,self-report,43.236,16.65,57,54.417,13.508,52,,,,,,,,,,,,,,,,,55.789,13.227,57,54.686,13.679,52,57,52,15,10,0.7368421053,0.8076923077,2007,,12,post,n,oth,gsh + grp,5,aus,adul,35.55,0.50446,com,sad,adul,,Rapee_2007_msd_SIAS_post_NA_self-report_cbt_wlc_cbt(gsh+grp)_wlc,0.7288197839,0.1981055997,
"Rapee, 2007",cbt,wlc,cbt (grp),wlc,msd,SIAS,self-report,44.333,15.047,59,54.417,13.508,52,,,,,,,,,,,,,,,,,54.237,12.343,59,54.686,13.679,52,59,52,14,10,0.7627118644,0.8076923077,2007,,12,post,n,grp,grp,10,aus,adul,35.55,0.50446,com,sad,adul,,Rapee_2007_msd_SIAS_post_NA_self-report_cbt_wlc_cbt(grp)_wlc,0.6979938983,0.1959721461,
"Rapee, 2007",cbt,wlc,cbt (gsh + grp),wlc,msd,FNE-B,self-report,44.625,9.316,57,48.843,7.528,52,,,,,,,,,,,,,,,,,51.125,6.735,57,49.823,7.543,52,57,52,15,10,0.7368421053,0.8076923077,2007,,12,post,n,oth,gsh + grp,5,aus,adul,35.55,0.50446,com,sad,adul,,Rapee_2007_msd_FNE-B_post_NA_self-report_cbt_wlc_cbt(gsh+grp)_wlc,0.4921260458,0.1946827159,
"Rapee, 2007",cbt,wlc,cbt (grp),wlc,msd,FNE-B,self-report,45,8.795,59,48.843,7.528,52,,,,,,,,,,,,,,,,,51.254,6.997,59,49.823,7.543,52,59,52,14,10,0.7627118644,0.8076923077,2007,,12,post,n,grp,grp,10,aus,adul,35.55,0.50446,com,sad,adul,,Rapee_2007_msd_FNE-B_post_NA_self-report_cbt_wlc_cbt(grp)_wlc,0.4639265192,0.1927768876,
"Rapee, 2007",cbt,wlc,cbt (ush),wlc,msd,BFNE,self-report,45.755,9.589,56,48.843,7.528,52,,,,,,,,,,,,,,,,,50.125,8.594,56,49.823,7.543,52,56,52,8,10,0.8571428571,0.8076923077,2007,,12,post,n,ush,ush,NA,aus,adul,35.55,0.50446,com,sad,adul,,Rapee_2007_msd_BFNE_post_NA_self-report_cbt_wlc_cbt(ush)_wlc,0.3541005439,0.1941049479,
"Rapee, 2007",cbt,wlc,cbt (ush),wlc,msd,SIAS,self-report,46.057,17.421,56,54.417,13.508,52,,,,,,,,,,,,,,,,,51.125,13.339,56,54.686,13.679,52,56,52,8,10,0.8571428571,0.8076923077,2007,,12,post,n,ush,ush,NA,aus,adul,35.55,0.50446,com,sad,adul,,Rapee_2007_msd_SIAS_post_NA_self-report_cbt_wlc_cbt(ush)_wlc,0.5300293733,0.1959774621,
"Reimer, 2015",Other psy,wlc,,,msd,SPIN,self-report,31.23,9.85,13,40,11.39,12,,,,,,,,,,,,,,,,,41.77,9.66,13,37.5,8.01,12,NR,NR,NR,NR,#VALUE!,#VALUE!,2015,,3,post,n,ind,ind,1,can,yadul,19.52,0.7,oth,sad,stud,,Reimer_2015_msd_SPIN_post_NA_self-report_Otherpsy_wlc_NA_NA,0.7989949013,0.4170247495,
"Reimer, 2015",Other psy,wlc,,,msd,LSAS-SR,self-report,50.38,17.6,13,67.83,28.38,12,,,,,,,,,,,,,,,,,76.62,19.15,13,72.25,20.33,12,NR,NR,NR,NR,#VALUE!,#VALUE!,2015,,3,post,n,ind,ind,1,can,yadul,19.52,0.7,oth,sad,stud,,Reimer_2015_msd_LSAS-SR_post_NA_self-report_Otherpsy_wlc_NA_NA,0.7216319481,0.4139972043,"Participants were recruited for the study via a centralized recruitment mechanism within the authors' department in which potential participants complete a number of online measures at the start of every se- mester, and are then invited to participate in individual studies if they meet pre-established criteria. "
"Robillard, 2010 ",cbt,wlc,cbt (VR),wlc,msd,FNE,self-report,18,8.21,14,24.73,4.51,15,,,,,,,,,,,,,,,,,25.64,6.13,14,24.27,4.51,15,NR,NR,NR,NR,#VALUE!,#VALUE!,2010,,16,post,n,ind,ind,16,can,adul,34.9,0.71,NR,sad,adul,,Robillard_2010_msd_FNE_post_NA_self-report_cbt_wlc_cbt(VR)_wlc,0.9975338657,0.3952919857,
"Robillard, 2010 ",cbt,wlc,cbt (VR),wlc,msd,SPS,self-report,18.07,10.87,14,37.47,15.28,15,,,,,,,,,,,,,,,,,38.29,16.65,14,33.53,13.4,15,NR,NR,NR,NR,#VALUE!,#VALUE!,2010,,16,post,n,ind,ind,16,can,adul,34.9,0.71,NR,sad,adul,,Robillard_2010_msd_SPS_post_NA_self-report_cbt_wlc_cbt(VR)_wlc,1.413508257,0.4178033999,
"Robillard, 2010 ",cbt,wlc,cbt (ind),wlc,msd,FNE,self-report,18.5,7.66,16,24.73,4.51,15,,,,,,,,,,,,,,,,,23.69,6.23,16,24.27,4.51,15,NR,NR,NR,NR,#VALUE!,#VALUE!,2010,,16,post,n,ind,ind,16,can,adul,34.9,0.71,NR,sad,adul,,Robillard_2010_msd_FNE_post_NA_self-report_cbt_wlc_cbt(ind)_wlc,0.9573346161,0.3804619033,
"Robillard, 2010 ",cbt,wlc,cbt (ind),wlc,msd,SPS,self-report,20.19,10.51,16,37.47,15.28,15,,,,,,,,,,,,,,,,,30.25,14.84,16,33.53,13.4,15,NR,NR,NR,NR,#VALUE!,#VALUE!,2010,,16,post,n,ind,ind,16,can,adul,34.9,0.71,NR,sad,adul,,Robillard_2010_msd_SPS_post_NA_self-report_cbt_wlc_cbt(ind)_wlc,1.291318547,0.3968904103,
"Robillard, 2010 ",cbt,wlc,cbt (VR),wlc,msd,STAI,self-report,42.43,11.22,14,50.07,9.96,15,,,,,,,,,,,,,,,,,53.71,9.55,14,49.33,9.19,15,NR,NR,NR,NR,#VALUE!,#VALUE!,2010,,16,post,n,ind,ind,16,can,adul,34.9,0.71,NR,sad,adul,,Robillard_2010_msd_STAI_post_NA_self-report_cbt_wlc_cbt(VR)_wlc,0.7015125411,0.3835057136,
"Robillard, 2010 ",cbt,wlc,cbt (ind),wlc,msd,STAI,self-report,43.33,10.71,16,50.07,9.96,15,,,,,,,,,,,,,,,,,49.4,10.78,16,49.33,9.19,15,NR,NR,NR,NR,#VALUE!,#VALUE!,2010,,16,post,n,ind,ind,16,can,adul,34.9,0.71,NR,sad,adul,,Robillard_2010_msd_STAI_post_NA_self-report_cbt_wlc_cbt(ind)_wlc,0.6339308763,0.3687821868,
"Robillard, 2010 ",cbt,wlc,cbt (VR),wlc,msd,LSAS,cr,47.5,17.83,14,77.93,22.23,15,,,,,,,,,,,,,,,,,82.93,32.23,14,79.6,25.9,15,NR,NR,NR,NR,#VALUE!,#VALUE!,2010,,16,post,n,ind,ind,16,can,adul,34.9,0.71,NR,sad,adul,,Robillard_2010_msd_LSAS_post_NA_cr_cbt_wlc_cbt(VR)_wlc,1.461934663,0.4208337011,
"Robillard, 2010 ",cbt,wlc,cbt (ind),wlc,msd,LSAS,cr,50.38,23.87,16,77.93,22.23,15,,,,,,,,,,,,,,,,,72.44,23.91,16,79.6,25.9,15,NR,NR,NR,NR,#VALUE!,#VALUE!,2010,,16,post,n,ind,ind,16,can,adul,34.9,0.71,NR,sad,adul,,Robillard_2010_msd_LSAS_post_NA_cr_cbt_wlc_cbt(ind)_wlc,1.161889379,0.3900291464,
"Salaberria, 1998",Exposure,wlc,Exposure,wlc,msd,SADS,self-report,12.8,7.66,17,23,4,20,,,,,,,,,,,,,,,,,24.7,3.38,17,23.9,3.71,20,24,23,7,3,0.7083333333,0.8695652174,1998,,34,post,n,grp,grp,8,eu,adul,31,0.48,com,sad,adul,,Salaberria_1998_msd_SADS_post_NA_self-report_Exposure_wlc_Exposure_wlc,1.674773199,0.3852502754,
"Salaberria, 1998",cbt,wlc,cbt,wlc,msd,SADS,self-report,13.5,7.37,17,23,4,20,,,,,,,,,,,,,,,,,23.2,2.92,17,23.9,3.71,20,24,23,7,3,0.7083333333,0.8695652174,1998,,34,post,n,grp,grp,8,eu,adul,31,0.48,com,sad,adul,,Salaberria_1998_msd_SADS_post_NA_self-report_cbt_wlc_cbt_wlc,1.605534704,0.3810664457,
"Salaberria, 1998",Exposure,wlc,Exposure,wlc,msd,FNE,self-report,16.2,9.1,17,24.4,5.36,20,,,,,,,,,,,,,,,,,25.7,4.06,17,25.5,3.39,20,24,23,7,3,0.7083333333,0.8695652174,1998,,34,post,n,grp,grp,8,eu,adul,31,0.48,com,sad,adul,,Salaberria_1998_msd_FNE_post_NA_self-report_Exposure_wlc_Exposure_wlc,1.097376617,0.3547151621,
"Salaberria, 1998",cbt,wlc,cbt,wlc,msd,FNE,self-report,16.8,7.49,17,24.4,5.36,20,,,,,,,,,,,,,,,,,25.4,3.31,17,25.5,3.39,20,24,23,7,3,0.7083333333,0.8695652174,1998,,34,post,n,grp,grp,8,eu,adul,31,0.48,com,sad,adul,,Salaberria_1998_msd_FNE_post_NA_self-report_cbt_wlc_cbt_wlc,1.157893841,0.3574205834,
"Salaberria, 1998",Exposure,wlc,Exposure,wlc,msd,STAI,self-report,20.3,14.8,17,34,13.9,20,,,,,,,,,,,,,,,,,32.2,13.8,17,35.5,11.1,20,24,23,7,3,0.7083333333,0.8695652174,1998,,34,post,n,grp,grp,8,eu,adul,31,0.48,com,sad,adul,,Salaberria_1998_msd_STAI_post_NA_self-report_Exposure_wlc_Exposure_wlc,0.9361569784,0.3481305628,
"Salaberria, 1998",cbt,wlc,cbt,wlc,msd,STAI,self-report,26.2,11.9,17,34,13.9,20,,,,,,,,,,,,,,,,,34,9.2,17,35.5,11.1,20,24,23,7,3,0.7083333333,0.8695652174,1998,,34,post,n,grp,grp,8,eu,adul,31,0.48,com,sad,adul,,Salaberria_1998_msd_STAI_post_NA_self-report_cbt_wlc_cbt_wlc,0.5859740081,0.3371506655,
"Schulz, 2016",cbt,wlc,cbt (individual),wlc,msd,SPS,self-report,21.69,13.78782,60,35.63,13.40906,29,,,,,,,,,,,,,,,,,39.32,11.64,60,37.35,12.45,29,60,29,15,5,0.75,0.8275862069,2016,,12,post,n,gsh,gsh,8,eu,adul,35.38,0.53,com,sad,adul,,Schulz_2016_msd_SPS_post_NA_self-report_cbt_wlc_cbt(individual)_wlc,1.011152027,0.2387342199,
"Schulz, 2016",cbt,wlc,cbt (group),wlc,msd,SPS,self-report,24.88,13.94274,60,35.63,13.40906,29,,,,,,,,,,,,,,,,,38.9,14.04,60,37.35,12.45,29,60,29,14,5,0.7666666667,0.8275862069,2016,,12,post,n,gsh,gsh,8,eu,adul,35.38,0.53,com,sad,adul,,Schulz_2016_msd_SPS_post_NA_self-report_cbt_wlc_cbt(group)_wlc,0.7737512919,0.2336060328,
"Schulz, 2016",cbt,wlc,cbt (individual),wlc,msd,SIAS,self-report,34.82,15.64685,60,47.44,15.24002,29,,,,,,,,,,,,,,,,,50.48,14.48,60,50.97,13.58,29,60,29,15,5,0.75,0.8275862069,2016,,12,post,n,gsh,gsh,8,eu,adul,35.38,0.53,com,sad,adul,,Schulz_2016_msd_SIAS_post_NA_self-report_cbt_wlc_cbt(individual)_wlc,0.8062659444,0.2342337526,
"Schulz, 2016",cbt,wlc,cbt (group),wlc,msd,SIAS,self-report,36.66,15.80177,60,47.44,15.24002,29,,,,,,,,,,,,,,,,,50.93,14,60,50.97,13.58,29,60,29,14,5,0.7666666667,0.8275862069,2016,,12,post,n,gsh,gsh,8,eu,adul,35.38,0.53,com,sad,adul,,Schulz_2016_msd_SIAS_post_NA_self-report_cbt_wlc_cbt(group)_wlc,0.6840348937,0.2320003164,
"Schweden, 2016",cbt,wlc,,,msd,LSAS,cr,42.8,15.2,20,63.35,20.69,20,,,,,,,,,,,,,,,,,71.7,18.63,20,59.9,18.65,20,29,27,9,7,0.6896551724,0.7407407407,2016,,22,post,n,ind,ind,25,eu,adul,25.33,0.4,clin,sad,adul,,Schweden_2016_msd_LSAS_post_NA_cr_cbt_wlc_NA_NA,1.109508496,0.3406137967,
"Stangier, 2003",cbt,wlc,cbt (ind),wlc,msd,BAI,self-report,11.6,6.4,22,16.8,9.7,21,,,,,,,,,,,,,,,,,16.9,10.8,22,18.1,10.2,21,26,37,4,16,0.8461538462,0.5675675676,2003,,17.33,post,n,ind,ind,15,eu,adul,38.8,0.493,com,sad,adul,,Stangier_2003_msd_BAI_post_NA_self-report_cbt_wlc_cbt(ind)_wlc,0.6241616668,0.3126899965,
"Stangier, 2003",cbt,wlc,cbt (grp),wlc,msd,BAI,self-report,14.3,8.1,22,16.8,9.7,21,,,,,,,,,,,,,,,,,19.2,11.1,22,18.1,10.2,21,32,37,10,16,0.6875,0.5675675676,2003,,17.33,post,n,grp,grp,15,eu,adul,38.8,0.493,com,sad,adul,,Stangier_2003_msd_BAI_post_NA_self-report_cbt_wlc_cbt(grp)_wlc,0.2752209531,0.3065741441,
"Stangier, 2003",cbt,wlc,cbt (ind),wlc,msd,SPS,self-report,21.5,12.6,22,26.4,9,21,,,,,,,,,,,,,,,,,30.7,10.2,22,28.3,11,21,26,37,4,16,0.8461538462,0.5675675676,2003,,17.33,post,n,ind,ind,15,eu,adul,38.8,0.493,com,sad,adul,,Stangier_2003_msd_SPS_post_NA_self-report_cbt_wlc_cbt(ind)_wlc,0.4375665743,0.3088433174,
"Stangier, 2003",cbt,wlc,cbt (grp),wlc,msd,SPS,self-report,25.5,15.3,22,26.4,9,21,,,,,,,,,,,,,,,,,33.6,15.3,22,28.3,11,21,32,37,10,16,0.6875,0.5675675676,2003,,17.33,post,n,grp,grp,15,eu,adul,38.8,0.493,com,sad,adul,,Stangier_2003_msd_SPS_post_NA_self-report_cbt_wlc_cbt(grp)_wlc,0.06997041486,0.3051764678,
"Stangier, 2003",cbt,wlc,cbt (ind),wlc,msd,SIAS,self-report,36.1,14.8,22,36,7.9,21,,,,,,,,,,,,,,,,,44.9,10.8,22,37.2,9.8,21,26,37,4,16,0.8461538462,0.5675675676,2003,,17.33,post,n,ind,ind,15,eu,adul,38.8,0.493,com,sad,adul,,Stangier_2003_msd_SIAS_post_NA_self-report_cbt_wlc_cbt(ind)_wlc,-0.008219003008,0.3050809865,
"Stangier, 2003",cbt,wlc,cbt (grp),wlc,msd,SIAS,self-report,38.4,12.4,22,36,7.9,21,,,,,,,,,,,,,,,,,45.8,14,22,37.2,9.8,21,32,37,10,16,0.6875,0.5675675676,2003,,17.33,post,n,grp,grp,15,eu,adul,38.8,0.493,com,sad,adul,,Stangier_2003_msd_SIAS_post_NA_self-report_cbt_wlc_cbt(grp)_wlc,-0.2254416949,0.3060832219,
"Stangier, 2003",cbt,wlc,cbt (ind),wlc,msd,SPAI,self-report,59.7,20.3,22,68,16.3,21,,,,,,,,,,,,,,,,,80.9,12,22,64.4,14.8,21,26,37,4,16,0.8461538462,0.5675675676,2003,,17.33,post,n,ind,ind,15,eu,adul,38.8,0.493,com,sad,adul,,Stangier_2003_msd_SPAI_post_NA_self-report_cbt_wlc_cbt(ind)_wlc,0.4414079036,0.3089092773,
"Stangier, 2003",cbt,wlc,cbt (grp),wlc,msd,SPAI,self-report,67.5,16.8,22,68,16.3,21,,,,,,,,,,,,,,,,,77.6,16.9,22,64.4,14.8,21,32,37,10,16,0.6875,0.5675675676,2003,,17.33,post,n,grp,grp,15,eu,adul,38.8,0.493,com,sad,adul,,Stangier_2003_msd_SPAI_post_NA_self-report_cbt_wlc_cbt(grp)_wlc,0.02964114172,0.3050970272,
"Stangier, 2011",cbt,wlc,cbt,wlc,msd,LSAS,cr,39.49,21.09,38,59.9,29.05,41,,,,,,,,,,,,,,,,,69.17,23.36,38,62.75,26.76,41,38,41,2,2,0.9473684211,0.9512195122,2011,,20,post,n,ind,ind,16,eu,adul,35.6,0.556,com,sad,adul,,Stangier_2011_msd_LSAS_post_NA_cr_cbt_wlc_cbt_wlc,0.7914333879,0.2339850637,
"Stangier, 2011",ipt,wlc,ipt,wlc,msd,LSAS,cr,48.16,22.36,38,59.9,29.05,41,,,,,,,,,,,,,,,,,68.35,22.6,38,62.75,26.76,41,38,41,2,2,0.9473684211,0.9512195122,2011,,20,post,n,ind,ind,16,eu,adul,35.6,0.556,com,sad,adul,,Stangier_2011_msd_LSAS_post_NA_cr_ipt_wlc_ipt_wlc,0.4462567977,0.2280163259,
"Stangier, 2011",cbt,wlc,cbt,wlc,msd,SPAI,self-report,51.2,20.61,38,69.19,28.26,41,,,,,,,,,,,,,,,,,76.14,16.98,38,73.14,23.52,41,38,41,2,2,0.9473684211,0.9512195122,2011,,20,post,n,ind,ind,16,eu,adul,35.6,0.556,com,sad,adul,,Stangier_2011_msd_SPAI_post_NA_self-report_cbt_wlc_cbt_wlc,0.7160232073,0.2324118358,
"Stangier, 2011",ipt,wlc,ipt,wlc,msd,SPAI,self-report,59.75,18.38,38,69.19,28.26,41,,,,,,,,,,,,,,,,,77.94,15.44,38,73.14,23.52,41,38,41,2,2,0.9473684211,0.9512195122,2011,,20,post,n,ind,ind,16,eu,adul,35.6,0.556,com,sad,adul,,Stangier_2011_msd_SPAI_post_NA_self-report_ipt_wlc_ipt_wlc,0.3890836943,0.227339344,
"Stolz, 2018",cbt,wlc,cbt (computer),wlc,msd,SPS,self-report,21.7,13.94274,60,33.5,14.24079,30,,,,,,,,,,,,,,,,,37.1,13.2,60,38.9,12.4,30,60,30,14,7,0.7666666667,0.7666666667,2018,,12,post,n,gsh,gsh,8,eu,adul,34.76,0.6267,com,sad,adul,,Stolz_2018_msd_SPS_post_NA_self-report_cbt_wlc_cbt(computer)_wlc,0.8331739516,0.2322139701,
"Stolz, 2018",cbt,wlc,cbt (app),wlc,msd,SPS,self-report,22.6,14.71734,60,33.5,14.24079,30,,,,,,,,,,,,,,,,,41.1,13.8,60,38.9,12.4,30,60,30,18,7,0.7,0.7666666667,2018,,12,post,n,gsh,gsh,8,eu,adul,34.76,0.6267,com,sad,adul,,Stolz_2018_msd_SPS_post_NA_self-report_cbt_wlc_cbt(app)_wlc,0.742124996,0.2304619289,
"Stolz, 2018",cbt,wlc,cbt (app),wlc,msd,SIAS,self-report,33,16.26653,60,41.6,15.33623,30,,,,,,,,,,,,,,,,,52.3,10.4,60,46.6,13.9,30,60,30,18,7,0.7,0.7666666667,2018,,12,post,n,gsh,gsh,8,eu,adul,34.76,0.6267,com,sad,adul,,Stolz_2018_msd_SIAS_post_NA_self-report_cbt_wlc_cbt(app)_wlc,0.5340427154,0.2271825023,
"Stolz, 2018",cbt,wlc,cbt (computer),wlc,msd,SIAS,self-report,36,15.49193,60,41.6,15.33623,30,,,,,,,,,,,,,,,,,51.3,15,60,46.6,13.9,30,60,30,14,7,0.7666666667,0.7666666667,2018,,12,post,n,gsh,gsh,8,eu,adul,34.76,0.6267,com,sad,adul,,Stolz_2018_msd_SIAS_post_NA_self-report_cbt_wlc_cbt(computer)_wlc,0.3595758763,0.2252348606,
"Stolz, 2018",cbt,wlc,cbt (app),wlc,msd,LSAS-SR,self-report,53.5,25.56169,60,74,24.64752,30,,,,,,,,,,,,,,,,,87.3,19.6,60,82.6,20.7,30,60,30,18,7,0.7,0.7666666667,2018,,12,post,n,gsh,gsh,8,eu,adul,34.76,0.6267,com,sad,adul,,Stolz_2018_msd_LSAS-SR_post_NA_self-report_cbt_wlc_cbt(app)_wlc,0.8044933005,0.2316416815,
"Stolz, 2018",cbt,wlc,cbt (computer),wlc,msd,LSAS-SR,self-report,54.6,24.78709,60,74,24.64752,30,,,,,,,,,,,,,,,,,81.5,22.1,60,82.6,20.7,30,60,30,14,7,0.7666666667,0.7666666667,2018,,12,post,n,gsh,gsh,8,eu,adul,34.76,0.6267,com,sad,adul,,Stolz_2018_msd_LSAS-SR_post_NA_self-report_cbt_wlc_cbt(computer)_wlc,0.7774158803,0.2311185438,
"Teale Sapach, 2022",3rd,wlc,3rd,wlc,msd,BFNE-S,self-report,19.58,6.79,19,27.33,4.45,18,,,,,,,,,,,,,,,,,27.36,5.11,33,27.76,5,21,40,21,21,2,0.475,0.9047619048,2022,,6,post,n,ush,audio,6,can,adul,34.3,0.678,com,sad,adul,,TealeSapach_2022_msd_BFNE-S_post_NA_self-report_3rd_wlc_3rd_wlc,1.313452668,0.3640603458,
"Teale Sapach, 2022",applied relaxation,wlc,applied relaxation,wlc,msd,BFNE-S,self-report,21,8.11,15,27.33,4.45,18,,,,,,,,,,,,,,,,,27.15,5.65,19,27.76,5,21,21,21,6,2,0.7142857143,0.9047619048,2022,,6,post,n,ush,tekst based,6,can,adul,34.3,0.678,com,sad,adul,,TealeSapach_2022_msd_BFNE-S_post_NA_self-report_appliedrelaxation_wlc_appliedrelaxation_wlc,0.9696499978,0.3703905899,
"Teale Sapach, 2022",3rd,wlc,3rd,wlc,msd,SIPS,self-report,25.95,10.07,19,35.89,9.42,18,,,,,,,,,,,,,,,,,35.27,8.3,33,38.14,8.14,21,40,21,21,2,0.475,0.9047619048,2022,,6,post,n,ush,audio,6,can,adul,34.3,0.678,com,sad,adul,,TealeSapach_2022_msd_SIPS_post_NA_self-report_3rd_wlc_3rd_wlc,0.9964930811,0.3495777057,
"Teale Sapach, 2022",applied relaxation,wlc,applied relaxation,wlc,msd,SIPS,self-report,29.07,11.7,15,35.89,9.42,18,,,,,,,,,,,,,,,,,38.25,8.61,19,38.14,8.14,21,21,21,6,2,0.7142857143,0.9047619048,2022,,6,post,n,ush,tekst based,6,can,adul,34.3,0.678,com,sad,adul,,TealeSapach_2022_msd_SIPS_post_NA_self-report_appliedrelaxation_wlc_appliedrelaxation_wlc,0.6330126841,0.3586096345,
"Teale Sapach, 2022",3rd,wlc,3rd,wlc,msd,LSAS-SR,self-report,69.79,27.26,19,87.11,26.82,18,,,,,,,,,,,,,,,,,84.6,22.96,33,88.14,21.27,21,40,21,21,2,0.475,0.9047619048,2022,,6,post,n,ush,audio,6,can,adul,34.3,0.678,com,sad,adul,,TealeSapach_2022_msd_LSAS-SR_post_NA_self-report_3rd_wlc_3rd_wlc,0.62654174,0.337236626,
"Teale Sapach, 2022",applied relaxation,wlc,applied relaxation,wlc,msd,LSAS-SR,self-report,75.33,28.98,15,87.11,26.82,18,,,,,,,,,,,,,,,,,90.6,24.22,19,88.14,21.27,21,21,21,6,2,0.7142857143,0.9047619048,2022,,6,post,n,ush,tekst based,6,can,adul,34.3,0.678,com,sad,adul,,TealeSapach_2022_msd_LSAS-SR_post_NA_self-report_appliedrelaxation_wlc_appliedrelaxation_wlc,0.4131641829,0.3534679539,
"Thew, 2022",cbt,wlc,,,msd,SPS,self-report,9.57,7.83,22,23.86,14.46,22,,,,,,,,,,,,,,,,,27.18,14.32,22,22.5,13.53,22,22,22,1,1,0.9545454545,0.9545454545,2022,,15,post,n,gsh,gsh,14,eas,adul,33.1,0.7,com,sad,adul,3,Thew_2022_msd_SPS_post_NA_self-report_cbt_wlc_NA_NA,1.206898808,0.3287438655,
"Thew, 2022",cbt,wlc,,,msd,SPWSS,self-report,13,6.89,22,27.43,7.86,22,,,,,,,,,,,,,,,,,27.05,4.99,22,27.55,7.29,22,22,22,1,1,0.9545454545,0.9545454545,2022,,15,post,n,gsh,gsh,14,eas,adul,33.1,0.7,com,sad,adul,3,Thew_2022_msd_SPWSS_post_NA_self-report_cbt_wlc_NA_NA,1.917320007,0.366367894,
"Thew, 2022",cbt,wlc,,,msd,SPIN,self-report,15.67,11.38,22,38.9,12.18,22,,,,,,,,,,,,,,,,,42.09,10.54,22,40.36,12.84,22,22,22,1,1,0.9545454545,0.9545454545,2022,,15,post,n,gsh,gsh,14,eas,adul,33.1,0.7,com,sad,adul,3,Thew_2022_msd_SPIN_post_NA_self-report_cbt_wlc_NA_NA,1.935446049,0.3674892065,
"Thew, 2022",cbt,wlc,,,msd,FNE,self-report,20.9,6.84,22,24.29,5.05,22,,,,,,,,,,,,,,,,,26.41,2.63,22,23.68,5.06,22,22,22,1,1,0.9545454545,0.9545454545,2022,,15,post,n,gsh,gsh,14,eas,adul,33.1,0.7,com,sad,adul,3,Thew_2022_msd_FNE_post_NA_self-report_cbt_wlc_NA_NA,0.5537435338,0.3074446134,
"Thew, 2022",cbt,wlc,,,msd,LSAS-SR,self-report,21.05,21.03,22,74.86,23.81,22,,,,,,,,,,,,,,,,,76.05,19.72,22,73,18.9,22,22,22,1,1,0.9545454545,0.9545454545,2022,,15,post,n,gsh,gsh,14,eas,adul,33.1,0.7,com,sad,adul,3,Thew_2022_msd_LSAS-SR_post_NA_self-report_cbt_wlc_NA_NA,2.352457005,0.3951175195,
"Thew, 2022",cbt,wlc,,,msd,SIAS,self-report,25.67,10.71,22,47.57,12.56,22,,,,,,,,,,,,,,,,,44.5,12.81,22,48.91,10.75,22,22,22,1,1,0.9545454545,0.9545454545,2022,,15,post,n,gsh,gsh,14,eas,adul,33.1,0.7,com,sad,adul,3,Thew_2022_msd_SIAS_post_NA_self-report_cbt_wlc_NA_NA,1.842624946,0.3618233481,
"Titov, 2008a",cbt,wlc,,,msd,SPS,self-report,20.64,10.46,50,33.92,14.7,49,,,,,,,,,,,,,,,,,34.02,14.42,50,36.08,16.63,49,50,55,6,6,0.88,0.8909090909,2008,,10,post,n,gsh,gsh,6,aus,adul,38.13,0.586,com,sad,adul,,Titov_2008a_msd_SPS_post_NA_self-report_cbt_wlc_NA_NA,1.034645777,0.214241674,
"Titov, 2008a",cbt,wlc,,,msd,SIAS,self-report,39.24,12.18,50,50.59,14.15,49,,,,,,,,,,,,,,,,,53.82,11.29,50,54.67,12.41,49,50,55,6,6,0.88,0.8909090909,2008,,10,post,n,gsh,gsh,6,aus,adul,38.13,0.586,com,sad,adul,,Titov_2008a_msd_SIAS_post_NA_self-report_cbt_wlc_NA_NA,0.8537219368,0.2101116839,
"Titov, 2008b",cbt,wlc,,,msd,SPS,self-report,18.12,12.46,41,32.78,14.23,40,,,,,,,,,,,,,,,,,34.15,15.55,41,36.68,14.62,40,43,45,5,5,0.8837209302,0.8888888889,2008,,10,post,n,gsh,gsh,6,aus,adul,36.79,0.6296,com,sad,adul,,Titov_2008b_msd_SPS_post_NA_self-report_cbt_wlc_NA_NA,1.086600258,0.238368096,
"Titov, 2008b",cbt,wlc,,,msd,SIAS,self-report,39.9,14.67,41,56.8,11.25,40,,,,,,,,,,,,,,,,,57.1,13.81,41,57.9,10.19,40,43,45,5,5,0.8837209302,0.8888888889,2008,,10,post,n,gsh,gsh,6,aus,adul,36.79,0.6296,com,sad,adul,,Titov_2008b_msd_SIAS_post_NA_self-report_cbt_wlc_NA_NA,1.278398088,0.244281526,
"Titov, 2008c",cbt,wlc,cbt (gsh),wlc,msd,SPS,self-report,18.65,12.2,31,35.44,18.42,34,,,,,,,,,,,,,,,,,34.71,15.04,31,34.38,18.77,34,32,35,2,1,0.9375,0.9714285714,2008,,10,post,n,gsh,gsh,6,aus,adul,37.97,0.6105,com,sad,adul,,Titov_2008c_msd_SPS_post_NA_self-report_cbt_wlc_cbt(gsh)_wlc,1.052144965,0.2653159407,
"Titov, 2008c",cbt,wlc,cbt (ush),wlc,msd,SPS,self-report,28.27,16.27,30,35.44,18.42,34,,,,,,,,,,,,,,,,,32.87,17.02,30,34.38,18.77,34,31,35,4,1,0.8709677419,0.9714285714,2008,,10,post,n,ush,ush,6,aus,adul,37.97,0.6105,com,sad,adul,,Titov_2008c_msd_SPS_post_NA_self-report_cbt_wlc_cbt(ush)_wlc,0.4059589916,0.253109609,
"Titov, 2008c",cbt,wlc,cbt (gsh),wlc,msd,SIAS,self-report,40.87,8,31,53.06,15.53,34,,,,,,,,,,,,,,,,,54.71,10.59,31,52.09,13.6,34,32,35,2,1,0.9375,0.9714285714,2008,,10,post,n,gsh,gsh,6,aus,adul,37.97,0.6105,com,sad,adul,,Titov_2008c_msd_SIAS_post_NA_self-report_cbt_wlc_cbt(gsh)_wlc,0.9618251148,0.2626009309,
"Titov, 2008c",cbt,wlc,cbt (ush),wlc,msd,SIAS,self-report,48.03,13.59,30,53.06,15.53,34,,,,,,,,,,,,,,,,,52.5,9.3,30,52.09,13.6,34,31,35,4,1,0.8709677419,0.9714285714,2008,,10,post,n,ush,ush,6,aus,adul,37.97,0.6105,com,sad,adul,,Titov_2008c_msd_SIAS_post_NA_self-report_cbt_wlc_cbt(ush)_wlc,0.3390684236,0.2523202391,
"Turner, 1994",Exposure,other ctr,,,dich,ISPI,mixed,,,,,,,,,,,,,significant improvement,12,1,26,21,,,,,,NR,NR,21,NR,NR,20,26,21,5,1,0.8076923077,0.9523809524,1994,,13,post,n,ind,ind,20,us,adul,35.4,0.611,clin,sad,adul,,Turner_1994_dich_ISPI_post_NA_mixed_Exposure_otherctr_NA_NA,1.540389404,0.6051476734,
"Turner, 1994",Exposure,other ctr,,,dich,SPEFI,mixed,,,,,,,,,,,,,SPEFI,6,1,26,21,,,,,,NR,NR,21,NR,NR,20,26,21,5,1,0.8076923077,0.9523809524,1994,,13,post,n,ind,ind,20,us,adul,35.4,0.611,clin,sad,adul,,Turner_1994_dich_SPEFI_post_NA_mixed_Exposure_otherctr_NA_NA,0.9712926444,0.6205001997,
"Wang, 2020",cbt,wlc,cbt (guided),wlc,msd,SPS,self-report,40.03,14.99,33,56.29,16.9,24,,,,,,,,,,,,,,,,,53.48,13.87,33,55.42,13.74,24,70,70,37,46,0.4714285714,0.3428571429,2020,,8,post,n,gsh,gsh,8,eas,adul,24.92,0.702,com,sad,adul,,Wang_2020_msd_SPS_post_NA_self-report_cbt_wlc_cbt(guided)_wlc,1.013937651,0.285026481,
"Wang, 2020",cbt,wlc,cbt (unguided),wlc,msd,SPS,self-report,44.89,17.54,47,56.29,16.9,24,,,,,,,,,,,,,,,,,56.02,14.16,47,55.42,13.74,24,70,70,23,46,0.6714285714,0.3428571429,2020,,8,post,n,ush,ush,8,eas,adul,24.92,0.702,com,sad,adul,,Wang_2020_msd_SPS_post_NA_self-report_cbt_wlc_cbt(unguided)_wlc,0.6506691465,0.2568868901,
"Wang, 2020",cbt,wlc,cbt (guided),wlc,msd,SIAS,self-report,51.21,13.25,33,66.5,13.11,24,,,,,,,,,,,,,,,,,70.67,9.36,33,66.04,10.61,24,70,70,37,46,0.4714285714,0.3428571429,2020,,8,post,n,gsh,gsh,8,eas,adul,24.92,0.702,com,sad,adul,,Wang_2020_msd_SIAS_post_NA_self-report_cbt_wlc_cbt(guided)_wlc,1.143190181,0.2894032528,
"Wang, 2020",cbt,wlc,cbt (unguided),wlc,msd,SIAS,self-report,53.91,14.8,47,66.5,13.11,24,,,,,,,,,,,,,,,,,66.62,10.62,47,66.04,10.61,24,70,70,23,46,0.6714285714,0.3428571429,2020,,8,post,n,ush,ush,8,eas,adul,24.92,0.702,com,sad,adul,,Wang_2020_msd_SIAS_post_NA_self-report_cbt_wlc_cbt(unguided)_wlc,0.8733226064,0.2615979136,
"Ye, 2017",3rd,cau,,,msd,LSAS-SR-Anxiety,self-report,2.79,0.36,14,3.31,0.94,13,,,,,,,,,,,,,,,,,3.11,0.38,14,3.07,0.22,13,14,13,0,0,1,1,2017,,10,post,n,grp,grp,8,eas,adul,25.08,0.37,NR,sad,stud,,Ye_2017_msd_LSAS-SR-Anxiety_post_NA_self-report_3rd_cau_NA_NA,0.7192316412,0.3981698693,
"Ye, 2017",3rd,cau,,,msd,LSAS-SR-Avoidence,self-report,3.78,0.65,14,4.42,0.62,13,,,,,,,,,,,,,,,,,4.14,0.11,14,4.18,0.37,13,14,13,0,0,1,1,2017,,10,post,n,grp,grp,8,eas,adul,25.08,0.37,NR,sad,stud,,Ye_2017_msd_LSAS-SR-Avoidence_post_NA_self-report_3rd_cau_NA_NA,0.9761384304,0.4087994766,
"Yoshinaga, 2016",cbt,cau,,,msd,LSAS,cr,39.2,21.8,21,80.9,20.1,21,,,,,,,,,,,,,,,,,82.2,20.4,21,82.4,17.5,21,21,21,0,1,1,0.9523809524,2016,,16,post,n,ind,ind,16,eas,adul,32.05,0.405,com,sad,oth,,Yoshinaga_2016_msd_LSAS_post_NA_cr_cbt_cau_NA_NA,1.951292334,0.3772613374,
"Yoshinaga, 2016",cbt,cau,,,msd,SPAI,self-report,81.8,31.6,21,115.4,23,21,,,,,,,,,,,,,,,,,110,24.6,21,115.1,22,21,21,21,0,1,1,0.9523809524,2016,,16,post,n,ind,ind,16,eas,adul,32.05,0.405,com,sad,oth,,Yoshinaga_2016_msd_SPAI_post_NA_self-report_cbt_cau_NA_NA,1.192841144,0.3359088945,
"Zainal, 2021",Exposure,wlc,,,msd,SPDQ,self-report,9.52,3.51,26,12.53,4.92,18,,,,,,,,,,,,,,,,,19.12,3.5,26,16.99,4.42,18,26,18,3,2,0.8846153846,0.8888888889,2021,,4,post,n,ind,ind,4,us,yadul,23.3,0.773,com,sad,adul,,Zainal_2021_msd_SPDQ_post_NA_self-report_Exposure_wlc_NA_NA,0.7141668843,0.3162703295,
"Zainal, 2021",Exposure,wlc,,,msd,SIAS,self-report,25.29,9.5,26,29.8,13.28,18,,,,,,,,,,,,,,,,,53.48,9.53,26,46.45,14.54,18,26,18,3,2,0.8846153846,0.8888888889,2021,,4,post,n,ind,ind,4,us,yadul,23.3,0.773,com,sad,adul,,Zainal_2021_msd_SIAS_post_NA_self-report_Exposure_wlc_NA_NA,0.3959764541,0.3096201959,