"","X.2","X.1","X","id","rob","study","direct","condition_arm1","condition_arm2","multi_arm1","multi_arm2","descr_arm1","descr_arm2","country","disorder","dsm_icd","disorder_suic","recruitment","target_group","percent_women","mean_age","age_group","setting","format","duration_arm1","n_sessions_arm1","instrument","time_weeks","mean_arm1","mean_arm2","sd_arm1","sd_arm2","n_arm1","n_arm2","attempts","dichotomised.ideation","si_event_arm1","si_event_arm2","si_n_arm1","si_n_arm2","mean_change_arm1","mean_change_arm2","sd_change_arm1","sd_change_arm2","n_change_arm1","n_change_arm2","precalc_g","precalc_g_se","suicides_arm1","suicides_arm2","baseline_m_arm1","baseline_m_arm2","baseline_sd_arm1","baseline_sd_arm2","rob_1","rob_2","rob_4_at","rob_4","rob_3","rob_5","rob_total","rob_total_at","notes","full_reference","totaln_arm1","totaln_arm2","event_arm1","event_arm2",".id",".g",".g_se",".log_rr",".log_rr_se",".event_arm1",".event_arm2",".totaln_arm1",".totaln_arm2","year","rob.1"
"1",1,1,1,"Alavi 2013",0,"Alavi 2013","yes","cbt","wl",NA,NA,NA,NA,"oth","dep + suic","dep","suic","oth","1","0.9","16.05","adol","outpatient","Individual?","12","12","BSS","12","4.6","20.33","4.12","6.13",15,15,"No",NA,NA,NA,NA,NA,NA,NA,NA,NA,NA,NA,NA,NA,NA,NA,"20.8","19.53","3.27","4.3","0.5","0.5",NA,"0.5","1","0.5","0",NA,NA,"Alavi, A., Sharifi, B., Ghanizadeh, A., & Dehbozorgi, G. (2013). Effectiveness of cognitive-behavioral therapy in decreasing suicidal ideation and hopelessness of the adolescents with previous suicidal attempts. Iranian journal of pediatrics, 23(4), 467–472.",NA,NA,NA,NA,"Alavi2013_BSS_12_cbt_wl_NA_NA",2.93050147860304,0.533409903311024,NA,NA,NA,NA,NA,NA,2013,"0"
"2",2,2,3,"Andreasson 2016",0,"Andreasson 2016",NA,"dbt","cams",NA,NA,NA,NA,"eu","bpd + suic","bpd","suic","oth","1","741","31.69","adult","outpatient","Individual and group","16","32","BSS","28","5.6","4.1","9.81","8.57",57,51,"Yes",NA,NA,NA,NA,NA,NA,NA,NA,NA,NA,NA,NA,NA,NA,NA,"22.5","25.2","3.6","3.6","1","1","0","2","0","0","0","0",NA,"Andreasson, K., Krogh, J., Wenneberg, C., Jessen, H. K., Krakauer, K., Gluud, C., Thomsen, R. R., Randers, L., & Nordentoft, M. (2016). EFFECTIVENESS OF DIALECTICAL BEHAVIOR THERAPY VERSUS COLLABORATIVE ASSESSMENT AND MANAGEMENT OF SUICIDALITY TREATMENT FOR REDUCTION OF SELF-HARM IN ADULTS WITH BORDERLINE PERSONALITY TRAITS AND DISORDER-A RANDOMIZED OBSERVER-BLINDED CLINICAL TRIAL. Depression and anxiety, 33(6), 520–530. https://doi.org/10.1002/da.22472",NA,NA,NA,NA,"Andreasson2016_BSS_28_dbt_cams_NA_NA",-0.161084542397004,0.193063605482168,NA,NA,NA,NA,NA,NA,2016,"0"
"3",3,3,6,"Ardashir 2018",0,"Ardashir 2018","yes","cbt","cau",NA,NA,NA,NA,"oth","dep + suic","dep","suic","clin","1","0.5","29.17","adult","inpatient","Group","4","8","BSS","5","6.75","17.35","2.82","6.19",20,20,"No",NA,NA,NA,NA,NA,NA,NA,NA,NA,NA,NA,NA,NA,NA,NA,"28.95","22.85",NA,NA,"0.5","0.5",NA,"2","1","0.5","0",NA,"cond_arm2 was medication","Afrasiabifar, Ardashir & Hosseini, Nazafarin & Haghgoo, Amin. (2018). The Effects of Group Cognitive Behavior Therapy (GCBT) on Suicidal Thoughts in Patients with Major Depression. World Family Medicine Journal/Middle East Journal of Family Medicine. 16. 228-235. 10.5742/MEWFM.2018.93293.",NA,NA,NA,NA,"Ardashir2018_BSS_5_cbt_cau_NA_NA",2.16004560814976,0.400887578748478,NA,NA,NA,NA,NA,NA,2018,"0"
"4",4,4,7,"Arnevik 2009",0,"Arnevik 2009","no","other","ecau",NA,NA,"a specific intensive group programme","individual psychotherapy","eu","mixed","mixed","other","clin","1","0.74","31","adult","outpatient","Group","18",NA,"self-report","34",NA,NA,NA,NA,60,54,"Yes","dichotomised ideation",25,19,58,46,NA,NA,NA,NA,NA,NA,NA,NA,NA,NA,NA,NA,NA,NA,"0.5","0.5","0.5","0.5","0","0.5","0","0",NA,"Arnevik, E., Wilberg, T., Urnes, O., Johansen, M., Monsen, J. T., & Karterud,S. (2009). Psychotherapy for personality disorders: short-term day hospital psychotherapy versus outpatient individual therapy - a randomized controlled study. European psychiatry : the journal of the Association of European Psychiatrists, 24(2), 71–78. https://doi.org/10.1016/j.eurpsy.2008.09.004",58,46,25,19,"Arnevik2009_self-report_34_other_ecau_NA_NA",-0.0403696356092706,0.220512017026667,"0.042635231644436","0.231627004475387",25,19,58,46,2009,"0"
"5",5,5,9,"Asarnow 2011",1,"Asarnow 2011","yes","fam","ecau",NA,NA,NA,NA,"usa","suic","suic","suic","oth","1","0.69","14.7","adol","inpatient","family centred",NA,NA,"National Institute of Mental Health Diagnostic Interview Schedule for Children Version IV (DISC-IV) and Harkavy Asnis Suicide Scale (HASS)",NA,NA,NA,NA,NA,89,92,"Yes","dichotomised ideation",8,10,89,92,NA,NA,NA,NA,NA,NA,NA,NA,NA,NA,NA,NA,NA,NA,"1","0.5","1","1","0","0.5","0","0",NA,"Asarnow, J. R., Baraff, L. J., Berk, M., Grob, C. S., Devich-Navarro, M., Suddath, R., Piacentini, J. C., Rotheram-Borus, M. J., Cohen, D., & Tang, L. (2011). An emergency department intervention for linking pediatric suicidal patients to follow-up mental health treatment. Psychiatric services (Washington, D.C.), 62(11), 1303–1309. https://doi.org/10.1176/ps.62.11.pss6211_1303",89,92,8,10,"Asarnow2011_NationalInstituteofMentalHealthDiagnosticInterviewScheduleforChildrenVersionIV(DISC-IV)andHarkavyAsnisSuicideScale(HASS)_NA_fam_ecau_NA_NA",0.115772824227536,0.275411161651187,"-0.189991343997309","0.450438097552182",8,10,89,92,2011,"0"
"6",6,6,12,"Ayar 2020",0,"Ayar 2020","no","pst","cau",NA,NA,NA,NA,"oth","dep","dep","other","clin","Depressive persons undergoing inpatient treatment, diagnosed with depressive disorder and recurrent depressive disorder at least 6 months ago, between 18 and 60 years old, a Beck Depression Inventory (BDI) score between 30 and 45 and literate","0.4838","39.9","adult","inpatient","individual","22","6-10","SPS","1 week after intervention ended","67.48","76.26","13.29","15.53",31,31,"No",NA,NA,NA,NA,NA,NA,NA,NA,NA,NA,NA,NA,NA,NA,NA,"77","77.03","13.84","17.15","Some","High",NA,"High","Some","Some","High",NA,NA,"Ayar, D., & Sabanciogullari, S. (2021). The effect of a solution‐oriented approach in depressive patients on social functioning levels and suicide probability. Perspectives in psychiatric care, 57(1), 235-245.",NA,NA,NA,NA,"Ayar2020_SPS_1weekafterinterventionended_pst_cau_NA_NA",0.59984190075557,0.25979235144552,NA,NA,NA,NA,NA,NA,2020,"High"
"7",7,7,13,"Bannan 2010",0,"Bannan 2010","no","pst","cau",NA,NA,NA,NA,"eu","suic","suic","suic","oth","1","1","29.78","adult","outpatient","Group","8","8","BSS","8","5.8","12.6","8.3","9",9,9,"No",NA,NA,NA,NA,NA,NA,NA,NA,NA,NA,NA,NA,NA,NA,NA,"12.1","15.8","6.3","8.8","1","1",NA,"2","0","0.5","0",NA,NA,"Bannan, Noreen, (2010), Group-based problem-solving therapy in self- poisoning females: A pilot study. Counselling and Psychotherapy Research, 10 doi: 10.1080/14733140903337292.",NA,NA,NA,NA,"Bannan2010_BSS_8_pst_cau_NA_NA",0.748080409406563,0.489245047371146,NA,NA,NA,NA,NA,NA,2010,"0"
"8",8,8,14,"Barnes 2021",0,"Barnes 2021","yes","other","cau",NA,NA,"acceptance and commitment therapy (ACT)",NA,"usa","suic","suic","suic","clin","who were admitted to a Secretary of Veteran Health Affairs (VHA) psychiatric inpatient unit at an urban VA (Veterran Affairs) medical center due to risk of suicide, per patients’ admission notes. Potential participants were referred by their inpatient treatment teams and screened for eligibility.","18.6","47","adult","inpatient","individual + group",NA,"3-6","C-SSRS","13","3.52","8.11","6.1","8.15",35,35,"Yes",NA,NA,NA,NA,NA,NA,NA,NA,NA,NA,NA,NA,NA,NA,NA,"15.37","16.12","5.89","5.91","Low","Low",NA,"Low","High","Some","High",NA,NA,"Barnes, S. M., Borges, L. M., Smith, G. P., Walser, R. D., Forster, J. E., & Bahraini, N. H. (2021). Acceptance and commitment therapy to promote recovery from suicidal crises: A randomized controlled acceptability and feasibility trial of ACT for life. Journal of Contextual Behavioral Science, 20, 35-45.",NA,NA,NA,NA,"Barnes2021_C-SSRS_13_other_cau_NA_NA",0.630587269738407,0.245045076414171,NA,NA,NA,NA,NA,NA,2021,"High"
"9",9,9,15,"Barnhofer 2009",0,"Barnhofer 2009","yes","mbct","wl",NA,NA,"mindfulness-based",NA,"uk","dep + suic","dep","suic","oth","1","0.6786","41.93","adult","outpatient","Group","8","8","BSS","8","1.14","2.42","1.79","2.53",16,15,"No",NA,NA,NA,NA,NA,NA,NA,NA,NA,NA,NA,NA,NA,NA,NA,"2.21","2.78","2.45","2.08","1","1",NA,"2","0","0.5","0",NA,NA,"Barnhofer, T., Crane, C., Hargus, E., Amarasinghe, M., Winder, R., & Williams, J. M. (2009). Mindfulness-based cognitive therapy as a treatment for chronic depression: A preliminary study. Behaviour research and therapy, 47(5), 366–373. https://doi.org/10.1016/j.brat.2009.01.019",NA,NA,NA,NA,"Barnhofer2009_BSS_8_mbct_wl_NA_NA",0.572140943554361,0.367060024265915,NA,NA,NA,NA,NA,NA,2009,"0"
"10",10,10,18,"Bentley 2017",0,"Bentley 2017","yes","other","cau",NA,NA,NA,NA,"usa","suic","suic","suic","clin","1","0.17","44","adult","inpatient","Individual","0.5","5","BSS","0.5","6.29","5.5","3.79","3.53",6,6,"Yes",NA,NA,NA,NA,NA,NA,NA,NA,NA,NA,NA,NA,NA,NA,NA,"17.2","15","3.11","2.82","0.5","0.5","2","2","0","0.5","0","0",NA,"Bentley, K. H., Sauer-Zavala, S., Cassiello-Robbins, C. F., Conklin, L. R., Vento, S., & Homer, D. (2017). Treating Suicidal Thoughts and Behaviors Within an Emotional Disorders Framework: Acceptability and Feasibility of the Unified Protocol in an Inpatient Setting. Behavior modification, 41(4), 529–557. https://doi.org/10.1177/0145445516689661",NA,NA,NA,NA,"Bentley2017_BSS_0.5_other_cau_NA_NA",-0.199117814819288,0.579026885561602,NA,NA,NA,NA,NA,NA,2017,"0"
"11",11,11,19,"Blomdahl 2018",0,"Blomdahl 2018","no","other","cau",NA,NA,NA,NA,"eu","dep","dep","other","oth","1","0.7087","40.5","adult","outpatient","Individual","10","10","BSS","10","12.1","10.8","11.8","10.8",43,36,"No",NA,NA,NA,NA,NA,NA,NA,NA,NA,NA,NA,NA,NA,NA,NA,"12.2","10.09","11.9","10.8","1","1",NA,"0.5","1","0.5","0",NA,NA,"Blomdahl, C., Guregård, S., Rusner, M., & Wijk, H. (2018). A manual-based phenomenological art therapy for individuals diagnosed with moderate to severe depression (PATd): A randomized controlled study. Psychiatric rehabilitation journal, 41(3), 169–182. https://doi.org/10.1037/prj0000300",NA,NA,NA,NA,"Blomdahl2018_BSS_10_other_cau_NA_NA",-0.113354509619955,0.226089648306035,NA,NA,NA,NA,NA,NA,2018,"0"
"12",12,12,20,"Brenner 2018",0,"Brenner 2018","no","cbt","wl",NA,NA,NA,NA,"au","hopelessness","hopelessness","other","com","2","57","51.64","adult","outpatient","Small Groups (1 therapist, 2 patients)","10","10","BSS","10","2","5.8","3.9","6.9",15,20,"No",NA,NA,NA,NA,NA,NA,NA,NA,NA,NA,NA,NA,NA,NA,NA,"5","4.8","5.8","5.5","1","1",NA,"1","0","1","0",NA,"traumatic brain injury, cond_1 was mixed","Brenner, L. A., Forster, J. E., Hoffberg, A. S., Matarazzo, B. B., Hostetter, T. A., Signoracci, G., & Simpson, G. K. (2018). Window to Hope: A Randomized Controlled Trial of a Psychological Intervention for the Treatment of Hopelessness Among Veterans With Moderate to Severe Traumatic Brain Injury. The Journal of head trauma rehabilitation, 33(2), E64–E73. https://doi.org/10.1097/HTR.0000000000000351",NA,NA,NA,NA,"Brenner2018_BSS_10_cbt_wl_NA_NA",0.638042554704163,0.350368608487532,NA,NA,NA,NA,NA,NA,2018,"0"
"13",13,13,21,"Brent 1997a",0,"Brent 1997","no","cbt","supp","cbt","supp",NA,"nondirective supportive therapy","usa","dep","dep","other","clin","1","757","15.5","adol","outpatient","1) Individual; 2) family centred","14","14","K-SADS-P/E","14",NA,NA,NA,NA,37,35,"No","dichotomised ideation",3,5,35,33,NA,NA,NA,NA,NA,NA,NA,NA,NA,NA,NA,NA,NA,NA,"1","0.5","1","1","1","0.5","0","0",NA,"Brent, D. A., Holder, D., Kolko, D., Birmaher, B., Baugher, M., Roth, C., Iyengar, S., & Johnson, B. A. (1997). A clinical psychotherapy trial for adolescent depression comparing cognitive, family, and supportive therapy. Archives of general psychiatry, 54(9), 877–885. https://doi.org/10.1001/archpsyc.1997.01830210125017",35,33,3,5,"Brent1997_K-SADS-P/E_14_cbt_supp_cbt_supp",0.351200330596975,0.42716342996416,"-0.569666123788924","0.688809752006223",3,5,35,33,1997,"0"
"14",14,14,22,"Brent 1997b",0,"Brent 1997","no","fam","supp","fam","supp",NA,"nondirective supportive therapy","usa","dep","dep","other","clin","1","757","14.1","adol","outpatient","1) Individual; 2) family centred",NA,"14","K-SADS-P/E","14",NA,NA,NA,NA,37,35,"No","dichotomised ideation",2,5,31,33,NA,NA,NA,NA,NA,NA,NA,NA,NA,NA,NA,NA,NA,NA,"1","0.5","1","1","1","0.5","0","0",NA,"Brent, D. A., Holder, D., Kolko, D., Birmaher, B., Baugher, M., Roth, C., Iyengar, S., & Johnson, B. A. (1997). A clinical psychotherapy trial for adolescent depression comparing cognitive, family, and supportive therapy. Archives of general psychiatry, 54(9), 877–885. https://doi.org/10.1001/archpsyc.1997.01830210125017",31,33,2,5,"Brent1997_K-SADS-P/E_14_fam_supp_fam_supp",0.518153673788995,0.483851039587133,"-0.853770374892821","0.798397711157065",2,5,31,33,1997,"0"
"15",15,15,23,"Britton 2020a",0,"Britton 2020","yes","dyn","cau","MI-SI","cau",NA,NA,"usa","suic","suic","suic","clin","(i) U.S. military veteran status, (ii) admitted to the unit, (iii) 18 years of age, (iv) English speaking, (v) able to provide informed consent, (vi) cleared to participate by attending psychiatrist, (vii) receive health care from a VHA facility in upstate NY, and (viii) clinically significant suicidal ideation, defined as a score > 2 on the SSI","0.1061","45.64","adult","inpatient","individual","1 month","3","BSS","4","16.94","14.21","9.05","6.62",24,56,"Yes",NA,NA,NA,NA,NA,NA,NA,NA,NA,NA,NA,NA,NA,NA,NA,"23.27","20.54","8.33","8.64","Some concerns","High",NA,"High","High","Some concerns","High",NA,"attempts measured with C-SSRS","Britton, P. C., Conner, K. R., Chapman, B. P., & Maisto, S. A. (2020). Motivational interviewing to address suicidal ideation: A randomized controlled trial in veterans. Suicide and Life‐Threatening Behavior, 50(1), 233-248.",NA,NA,NA,NA,"Britton2020_BSS_4_dyn_cau_MI-SI_cau",-0.364388132382477,0.24570291296308,NA,NA,NA,NA,NA,NA,2020,"High"
"16",16,16,24,"Britton 2020b",0,"Britton 2020","yes","dyn","cau","MI-SI-R","cau",NA,NA,"usa","suic","suic","suic","clin","(i) U.S. military veteran status, (ii) admitted to the unit, (iii) 18 years of age, (iv) English speaking, (v) able to provide informed consent, (vi) cleared to participate by attending psychiatrist, (vii) receive health care from a VHA facility in upstate NY, and (viii) clinically significant suicidal ideation, defined as a score > 2 on the SSI","0.1061","45.64","adult","inpatient","individual","1 month","3","BSS","4","14.26","14.21","9.7","6.62",27,56,"Yes",NA,NA,NA,NA,NA,NA,NA,NA,NA,NA,NA,NA,NA,NA,NA,"20.06","20.54","7.73","8.64",NA,NA,NA,NA,NA,NA,NA,NA,"attempts measured with C-SSRS","Britton, P. C., Conner, K. R., Chapman, B. P., & Maisto, S. A. (2020). Motivational interviewing to address suicidal ideation: A randomized controlled trial in veterans. Suicide and Life‐Threatening Behavior, 50(1), 233-248.",NA,NA,NA,NA,"Britton2020_BSS_4_dyn_cau_MI-SI-R_cau",-0.00639720305054842,0.2342956061681,NA,NA,NA,NA,NA,NA,2020,NA
"17",17,17,25,"Brown 2005",0,"Brown 2005","yes","cbt","ecau",NA,NA,NA,NA,"usa","suic","suic","suic","oth","1","0.61","35","adult","outpatient","Individual","15","10","BSS","26",NA,NA,NA,NA,60,60,"Yes","dichotomised ideation",12,16,50,52,NA,NA,NA,NA,NA,NA,NA,NA,NA,NA,NA,NA,NA,NA,"1","1","0","0","1","0","0","0","time_weeks = 26 ideation and 78 for attempts)","Brown, G. K., Ten Have, T., Henriques, G. R., Xie, S. X., Hollander, J. E., & Beck, A. T. (2005). Cognitive therapy for the prevention of suicide attempts: a randomized controlled trial. JAMA, 294(5), 563–570. https://doi.org/10.1001/jama.294.5.563",50,52,12,16,"Brown2005_BSS_26_cbt_ecau_NA_NA",0.186999597005283,0.246516714702242,"-0.2484613592985","0.326500481014292",12,16,50,52,2005,"0"
"18",18,18,28,"Bryan 2017a",0,"Bryan 2017","yes","spi","ecau","spi","ecau","Standard Crisis Response Plan","ecau including contract for safety","usa","suic","suic","suic","clin","2","0.22","26.1","adult","inpatient","Individual",NA,"7","BSS","4","5.3","8","6.8","10.3",32,32,"Yes",NA,NA,NA,NA,NA,NA,NA,NA,NA,NA,NA,NA,NA,NA,NA,NA,NA,NA,NA,"1","0.5","1","1","1","1","0.5","0.5",NA,"Bryan, C. J., Mintz, J., Clemans, T. A., Leeson, B., Burch, T. S., Williams, S. R., Maney, E., & Rudd, M. D. (2017). Effect of crisis response planning vs. contracts for safety on suicide risk in U.S. Army Soldiers: A randomized clinical trial. Journal of affective disorders, 212, 64–72. https://doi.org/10.1016/j.jad.2017.01.028",NA,NA,NA,NA,"Bryan2017_BSS_4_spi_ecau_spi_ecau",0.305617989236732,0.251491072998243,NA,NA,NA,NA,NA,NA,2017,"0.5"
"19",19,19,29,"Bryan 2017b",0,"Bryan 2017","yes","spi","ecau","spi enhanced","ecau","Enhanced Crisis Response Plan","ecau including contract for safety","usa","suic","suic","suic","clin","2","0.22","26.1","adult","inpatient","Individual",NA,"8","BSS","4","3.6","8","5.7","10.3",33,32,"Yes",NA,NA,NA,NA,NA,NA,NA,NA,NA,NA,NA,NA,NA,NA,NA,NA,NA,NA,NA,"1","0.5","1","1","1","1","0.5","0.5",NA,"Bryan, C. J., Mintz, J., Clemans, T. A., Leeson, B., Burch, T. S., Williams, S. R., Maney, E., & Rudd, M. D. (2017). Effect of crisis response planning vs. contracts for safety on suicide risk in U.S. Army Soldiers: A randomized clinical trial. Journal of affective disorders, 212, 64–72. https://doi.org/10.1016/j.jad.2017.01.028",NA,NA,NA,NA,"Bryan2017_BSS_4_spi_ecau_spienhanced_ecau",0.524485763892569,0.252429347306491,NA,NA,NA,NA,NA,NA,2017,"0.5"
"20",20,20,33,"Chan 2022",0,"Chan 2022","no","cbt","wl",NA,NA,NA,NA,"eas","insomnia","insomnia","other","community","stud","674","20","yadul","outpatient","group",NA,"8","DSISS - Depressive Symptom Inventory Suicidality Subscale","9","1","0.9","2.4","1.4",45,45,NA,NA,NA,NA,NA,NA,NA,NA,NA,NA,NA,NA,NA,NA,NA,NA,"1.5","0.8","2.2","1.5","some concerns","some concerns",NA,"low","low","some concerns","high",NA,NA,"Chan, N. Y., Lam, S. P., Zhang, J., Chan, J. W. Y., Yu, M. M. W., Suh, S., ... & Li, S. X. (2022). Efficacy of email-delivered versus face-to-face group cognitive behavioral therapy for insomnia in youths: a randomized controlled trial. Journal of Adolescent Health, 70(5), 763-773.",NA,NA,NA,NA,"Chan2022_DSISS-DepressiveSymptomInventorySuicidalitySubscale_9_cbt_wl_NA_NA",-0.0504636285751088,0.210852643036357,NA,NA,NA,NA,NA,NA,2022,"high"
"21",21,21,34,"Chanen 2022",0,"Chanen 2022","no","other","ecau",NA,NA,"HYPE + CAT","HYPE + Befriending","au","bpd","bpd","other","clin","age 15 to 25 years (inclusive), recent DSM-IV-TR BPD diagnosis, and never receiving evidence-based BPD treatment","812","19.1","yadul","outpatient","individual","not reported 3-6 months","16","BSS","26","8.3","6","10.12","9.39",40,45,"Yes",NA,NA,NA,NA,NA,NA,NA,NA,NA,NA,NA,NA,NA,NA,NA,"9.7","12","8.85","8.72","Low","Low",NA,"low","some concerns","some concerns","some concerns",NA,NA,"Chanen, A. M., Betts, J. K., Jackson, H., Cotton, S. M., Gleeson, J., Davey, C. G., ... & McCutcheon, L. (2022). Effect of 3 forms of early intervention for young people with borderline personality disorder: The MOBY randomized clinical trial. JAMA psychiatry, 79(2), 109-119.",NA,NA,NA,NA,"Chanen2022_BSS_26_other_ecau_NA_NA",-0.23400350511978,0.218060186822774,NA,NA,NA,NA,NA,NA,2022,"some concerns"
"22",22,22,37,"Conner 2021",0,"Conner 2021","yes","assip","cau",NA,NA,NA,NA,"usa","sub","sub","other","clin","1) age 18- plus; 2) speaks and understands English; 3) positive screen for alcohol 


use problems in the past year on the 3-item Alcohol Use Disorders 


Identification Test – Consumption (females: score of 3-plus; males, score 


of 4-plus) [21] or recurrent use of “prescription drugs for non-medical 


reasons” or “illegal drugs” in the past year based on self-reported use 


of such drugs in response to standardized items on a “monthly” “weekly” 


or “daily or almost daily basis” (as opposed to “never” or “once or 


twice”); and 4) a suicide attempt with intent to die leading to hospitalization assessed with the item, “at the time you attempted suicide or 


tried to harm yourself, what percentage of you wanted to die?,” with 


percentages greater than zero satisfying the criterion","0.6471","40.47","adult","inpatient","individual","1 month","4","BSS","26","1.42","6.43","3.4","8.41",12,14,"Yes",NA,NA,NA,NA,NA,NA,NA,NA,NA,NA,NA,NA,NA,NA,NA,"18.75","16.67","9.81","12.93","Low","Low",NA,"low","some concerns","some concerns","some concerns",NA,"attempts measured with C-SSRS","Conner, K. R., Kearns, J. C., Esposito, E. C., Pizzarello, E., Wiegand, T. J., Britton, P. C., ... & Goldston, D. B. (2021). Pilot RCT of the Attempted Suicide Short Intervention Program (ASSIP) adapted for rapid delivery during hospitalization to adult suicide attempt patients with substance use problems. General hospital psychiatry, 72, 66-72.",NA,NA,NA,NA,"Conner2021_BSS_26_assip_cau_NA_NA",0.734703238928465,0.407222899877283,NA,NA,NA,NA,NA,NA,2021,"some concerns"
"23",23,23,42,"Daneshvar 2022",0,"Daneshvar 2022","no","other","wl",NA,NA,"compassion focused therapy","did not receive any therapy","oth","ptsd","ptsd","other","clin","other","1","45","adult","outpatient","group",NA,"8","BSS",NA,"2.24","11.66","15.26","15.28",21,21,"No",NA,NA,NA,NA,NA,NA,NA,NA,NA,NA,NA,NA,NA,NA,NA,"14","14.24","1.54","1.54","some concerns","some concerns",NA,"some concerns","some concerns","some concerns","high",NA,NA,"Daneshvar, S., Shafiei, M., & Basharpoor, S. (2022). Compassion-focused therapy: Proof of concept trial on suicidal ideation and cognitive distortions in female survivors of intimate partner violence with PTSD. Journal of interpersonal violence, 37(11-12), NP9613-NP9634.",NA,NA,NA,NA,"Daneshvar2022_BSS_NA_other_wl_NA_NA",0.60525619967886,0.315861640077271,NA,NA,NA,NA,NA,NA,2022,"high"
"24",24,24,44,"Davidson 2014",0,"Davidson 2014","yes","cbt","cau",NA,NA,NA,NA,"uk","mixed + suic","mixed","suic","oth","1",NA,NA,"adult","outpatient","Individual",NA,"6","BSS","13","12.36","26.5","12.48","1.92",11,4,"Yes",NA,NA,NA,NA,NA,NA,NA,NA,NA,NA,NA,NA,NA,NA,NA,"21","24.33","8.41","5.16","1","1",NA,"2","0","0.5","0",NA,NA,"Davidson, K. M., Brown, T. M., James, V., Kirk, J., & Richardson, J. (2014). Manual-assisted cognitive therapy for self-harm in personality disorder and substance misuse: a feasibility trial. Psychiatric bulletin (2014), 38(3), 108– 111. https://doi.org/10.1192/pb.bp.113.043109",NA,NA,NA,NA,"Davidson2014_BSS_13_cbt_cau_NA_NA",1.21154942543718,0.629400244564874,NA,NA,NA,NA,NA,NA,2014,"0"
"25",25,25,45,"De Jonge-Heesen 2020",0,"De Jonge-Heesen 2020","no","cbt","other ctr",NA,NA,NA,"psychoeducation","eu","dep","dep","other","com","sufficient knowledge of Dutch, age between 11-15 years,","638","13.59","adol","outpatient","groups of 3 to 8","8","8","VOZZ",NA,"17.76","19.24","6.22","6.5",61,64,"No",NA,NA,NA,NA,NA,NA,NA,NA,NA,NA,NA,NA,NA,NA,NA,"17.92","19.3999999999999","4.77","6.42",NA,NA,NA,NA,NA,NA,NA,NA,NA,"de Jonge-Heesen, K. W., Rasing, S. P., Vermulst, A. A., Scholte, R. H., Van Ettekoven, K. M., Engels, R. C., & Creemers, D. H. (2021). Secondary outcomes of implemented depression prevention in adolescents: a randomized controlled trial. Frontiers in Psychiatry, 12, 643632.",NA,NA,NA,NA,"DeJonge-Heesen2020_VOZZ_NA_cbt_otherctr_NA_NA",0.231102585489317,0.179540276705806,NA,NA,NA,NA,NA,NA,2020,NA
"26",26,26,46,"DeGroot 2007",0,"DeGroot 2007","no","other","cau",NA,NA,"cbt for family",NA,"eu","grief","grief","other","clin","8",NA,NA,"adult","outpatient","Family centred","3","4","Paykel","45",NA,NA,NA,NA,68,54,"No","dichotomised ideation",12,9,68,54,NA,NA,NA,NA,NA,NA,NA,NA,NA,NA,NA,NA,NA,NA,"1","1",NA,"0.5","0","0.5","0",NA,NA,"de Groot, M., de Keijser, J., Neeleman, J., Kerkhof, A., Nolen, W., & Burger,H. (2007). Cognitive behaviour therapy to prevent complicated grief among relatives and spouses bereaved by suicide: cluster randomised controlled trial. BMJ (Clinical research ed.), 334(7601), 994. https://doi.org/10.1136/bmj.39161.457431.55",68,54,12,9,"DeGroot2007_Paykel_45_other_cau_NA_NA",-0.037799531288823,0.266995673972047,"0.0571584138399488","0.401522158259024",12,9,68,54,2007,"0"
"27",27,27,47,"Diamond 2010",0,"Diamond 2010","yes","fam","ecau",NA,NA,NA,NA,"usa","dep + suic","dep","suic","clin","1","0.8332","15.2","adol","outpatient","Family centred","12","44687","BSS","12","5.2","16.2","10.87","17.19",35,31,"No",NA,NA,NA,NA,NA,NA,NA,NA,NA,NA,NA,NA,NA,NA,NA,"14.2","19.4",NA,NA,"1","1",NA,"2","1","1","0",NA,"SIQ-JR instead of SSI, because SSI not normally distributed","Diamond, G. S., Wintersteen, M. B., Brown, G. K., Diamond, G. M., Gallop, R., Shelef, K., & Levy, S. (2010). Attachment-based family therapy for adolescents with suicidal ideation: a randomized controlled trial. Journal of the American Academy of Child and Adolescent Psychiatry, 49(2), 122–131. https://doi.org/10.1097/00004583-201002000-00006",NA,NA,NA,NA,"Diamond2010_BSS_12_fam_ecau_NA_NA",0.766209825942987,0.255702120480033,NA,NA,NA,NA,NA,NA,2010,"0"
"28",28,28,50,"Donaldson 2005",0,"Donaldson 2005","yes","other","supp",NA,NA,"problem solving and affect management skills","supportive relationship treatment","usa","suic","suic","suic","clin","1","0.82","15","adol","outpatient","Individual","26","10","SIQ","26","27.08","32.19","39.82","30.45",15,16,"No",NA,NA,NA,NA,NA,NA,NA,NA,NA,NA,NA,NA,NA,NA,NA,"52.47","50.31","48.59","35.02","0.5","0.5","0.5","2","0","0.5","0","0",NA,"Donaldson, D., Spirito, A., & Esposito-Smythers, C. (2005). Treatment for adolescents following a suicide attempt: results of a pilot trial. Journal of the American Academy of Child and Adolescent Psychiatry, 44(2), 113–120. https://doi.org/10.1097/00004583-200502000-00003",NA,NA,NA,NA,"Donaldson2005_SIQ_26_other_supp_NA_NA",0.1410408879036,0.359867937451313,NA,NA,NA,NA,NA,NA,2005,"0"
"29",29,29,52,"Ducasse 2019",0,"Ducasse 2019","no","other","other ctr",NA,NA,NA,"attention control","eu","suic","suic","suic","clin","1","0.65","42.06","adult","inpatient","Individual","1",NA,"BSS","1","3.01","5.34","5.72","7.7",101,100,"No",NA,NA,NA,NA,NA,NA,NA,NA,NA,NA,NA,NA,NA,NA,NA,"14.8","14.75","10.46","11.1","0.5","1",NA,"1","1","1","0","0",NA,"Ducasse, D., Dassa, D., Courtet, P., Brand-Arpon, V., Walter, A., Guillaume, S., Jaussent, I., & Olié, E. (2019). Gratitude diary for the management of suicidal inpatients: A randomized controlled trial. Depression and anxiety, 36(5), 400–411. https://doi.org/10.1002/da.22877",NA,NA,NA,NA,"Ducasse2019_BSS_1_other_otherctr_NA_NA",0.342476355034775,0.142109010759135,NA,NA,NA,NA,NA,NA,2019,"0"
"30",30,30,54,"Ertl 2011a",0,"Ertl 2011","no","img","wl","imagery","wl",NA,NA,"oth","ptsd","ptsd","other","com","6","0.5533","18.3","yadul","outpatient","Individual","3","8","MINI","12","6.27","3.79","8.55","7.27",29,28,"No",NA,NA,NA,NA,NA,NA,NA,NA,NA,NA,NA,NA,NA,NA,NA,"10.9","8.22","11.76",NA,"0.5","0.5",NA,"1","1","1","0",NA,NA,"Ertl, V., Pfeiffer, A., Schauer, E., Elbert, T., & Neuner, F. (2011). Community-implemented trauma therapy for former child soldiers in Northern Uganda: a randomized controlled trial. JAMA, 306(5), 503–512. https://doi.org/10.1001/jama.2011.1060",NA,NA,NA,NA,"Ertl2011_MINI_12_img_wl_imagery_wl",-0.307775546987043,0.266554335761348,NA,NA,NA,NA,NA,NA,2011,"0"
"31",31,31,55,"Ertl 2011b",0,"Ertl 2011","no","other","wl","mixed","wl",NA,NA,"oth","ptsd","ptsd","other","com","6","0.5533","18.3","yadul","outpatient","Individual",NA,"8","MINI","12","6.91","3.79","10.32","7.27",28,28,"No",NA,NA,NA,NA,NA,NA,NA,NA,NA,NA,NA,NA,NA,NA,NA,"8.32","8.22","10.48","9.06","0.5","0.5",NA,"1","1","1","0",NA,NA,"Ertl, V., Pfeiffer, A., Schauer, E., Elbert, T., & Neuner, F. (2011). Community-implemented trauma therapy for former child soldiers in Northern Uganda: a randomized controlled trial. JAMA, 306(5), 503–512. https://doi.org/10.1001/jama.2011.1060",NA,NA,NA,NA,"Ertl2011_MINI_12_other_wl_mixed_wl",-0.344654328169949,0.269294254187854,NA,NA,NA,NA,NA,NA,2011,"0"
"32",32,32,56,"Eskin 2008",0,"Eskin 2008","no","pst","wl",NA,NA,NA,NA,"oth","dep","dep","other","com","3","696","19.1","yadul","outpatient","Individual","6","6","SPS","6","71.9","75.2","15.5","14.9",27,19,"No",NA,NA,NA,NA,NA,NA,NA,NA,NA,NA,NA,NA,NA,NA,NA,"84.1","77.9","15.1","16.4","0.5","0.5",NA,"2","0","0.5","0",NA,NA,"Eskin, M., Ertekin, K. & Demir, H. Efficacy of a Problem-Solving Therapy for Depression and Suicide Potential in Adolescents and Young Adults. Cogn Ther Res 32, 227–245 (2008). https://doi.org/10.1007/s10608-007-9172-8",NA,NA,NA,NA,"Eskin2008_SPS_6_pst_wl_NA_NA",0.212580720147356,0.300295025149586,NA,NA,NA,NA,NA,NA,2008,"0"
"33",33,33,59,"Esposito-Smythers 2019",0,"Esposito-Smythers 2019","yes","fam","cau",NA,NA,NA,NA,"usa","dep + suic","dep","suic","oth","1","0.58","15.4","adol","outpatient","Family centred","52","2","SITB","52","16.8","16.4","14.2","14.9",41,40,"Yes",NA,NA,NA,NA,NA,NA,NA,NA,NA,NA,NA,NA,NA,NA,NA,"46.6","48.9","22.7","20.9","1","1","1","2","0","1","0","0",NA,"Esposito-Smythers, C., Wolff, J. C., Liu, R. T., Hunt, J. I., Adams, L., Kim, K., Frazier, E. A., Yen, S., Dickstein, D. P., & Spirito, A. (2019). Family-focused cognitive behavioral treatment for depressed adolescents in suicidal crisis with co-occurring risk factors: a randomized trial. Journal of child psychology and psychiatry, and allied disciplines, 60(10), 1133–1141. https://doi.org/10.1111/jcpp.13095",NA,NA,NA,NA,"Esposito-Smythers2019_SITB_52_fam_cau_NA_NA",-0.0272299991387989,0.222249655427456,NA,NA,NA,NA,NA,NA,2019,"0"
"34",34,34,61,"Eylem 2021",0,"Eylem 2021","yes","cbt","wl",NA,NA,NA,NA,"oth","suic","suic","suic","com","9","723","33.5","adult","outpatient","Individual","6","7","BSS","6","6.1","6.83","4.5","3.86",10,8,NA,NA,NA,NA,NA,NA,NA,NA,NA,NA,NA,NA,NA,NA,NA,NA,"12.3","14.87","8.48","8.07","1","1","0","0","0","0","0","0",NA,"Eylem, O., van Straten, A., Bhui, K., & Kerkhof, A. J. (2015). Protocol: Reducing suicidal ideation among Turkish migrants in the Netherlands and in the UK: effectiveness of an online intervention. International review of psychiatry (Abingdon, England), 27(1), 72–81. https://doi.org/10.3109/09540261.2014.996121",NA,NA,NA,NA,"Eylem2021_BSS_6_cbt_wl_NA_NA",0.164284075383745,0.475212106336351,NA,NA,NA,NA,NA,NA,2021,"0"
"35",35,35,63,"Fereidouni 2019",0,"Fereidouni 2019","yes","img","cau",NA,NA,NA,NA,"oth","dep","dep","other","clin","1. the diagnosis of major depressive disorder by a psychiatrist (based on DSM-5 criteria), 2. self-reported suicidal thoughts (scores high than sex)  strabismus, or other vision problems. 3. no previous history of suicide  attempts, seizures, seizures, strabismus, or other vision problems, 2","0.6714","36.22","adult","inpatient","individual","3 weeks","9","BSS","3","11.11","24.93","4.15","4.42",35,35,"No",NA,NA,NA,NA,NA,NA,NA,NA,NA,NA,NA,NA,NA,NA,NA,"26.48","26.68","5.74","5.05","Some concerns","High",NA,"High","Low","Some concerns","High",NA,NA,"Fereidouni, Z., Behnammoghadam, M., Jahanfar, A., & Dehghan, A. (2019). The Effect of Eye Movement Desensitization and Reprocessing (EMDR) on the severity of suicidal thoughts in patients with major depressive disorder: a randomized controlled trial. Neuropsychiatric disease and treatment, 2459-2466.",NA,NA,NA,NA,"Fereidouni2019_BSS_3_img_cau_NA_NA",3.18791909187546,0.362448297848234,NA,NA,NA,NA,NA,NA,2019,"High"
"36",36,36,64,"Ghahramanlou-Holloway 2018",0,"Ghahramanlou-Holloway 2018","yes","cbt","cau",NA,NA,NA,NA,"usa","suic","suic","suic","oth","2","0.42","29.05","adult","inpatient","Individual","0.5","6","BSS","4","6.38","8.86","6.37","12.69",12,12,"Yes",NA,NA,NA,NA,NA,NA,NA,NA,NA,NA,NA,NA,NA,NA,NA,"24.42","24.92","6.02","8.85","0.5","1","1","1","0","0.5","0","0",NA,"Ghahramanlou-Holloway, M., Lee-Tauler, S. Y., LaCroix, J. M., Kauten, R., Perera, K., Chen, R., Weaver, J., & Soumoff, A. (2018). Dysfunctional personality disorder beliefs and lifetime suicide attempts among psychiatrically hospitalized military personnel. Comprehensive psychiatry, 82, 108–114. https://doi.org/10.1016/j.comppsych.2018.01.010",NA,NA,NA,NA,"Ghahramanlou-Holloway2018_BSS_4_cbt_cau_NA_NA",0.238488502234308,0.409802084820482,NA,NA,NA,NA,NA,NA,2018,"0"
"37",37,37,68,"Goodman 2022",0,"Goodman 2022","yes","fam","cau",NA,NA,"family spi","standard care incl sp","usa","suic","suic","suic","clin","Eligible Veterans must have been receiving care


at the VHA and present at moderate risk for


suicide, defined as: having endorsed recent passive


or active suicidal ideation (within the past


3 months) or a lifetime history of a suicide attempt.


Given the novel nature of the SAFER intervention,


the sample intentionally was recruited for having


moderate risk. In addition, Veterans needed to


bring in an available, consenting, and qualifying


supporting partner to participate with them. Supporting partners needed to meet at least three (two


for nonrelatives) of five inclusion criteria established by Pollak and Perlick (1991). The supporting partner had to (a) be a spouse, co-habiting


significant other or parent; (b) have more frequent


contact than others in the support network; (c) help


to support the patient financially; (d) be the one


contacted by treatment staff for emergencies; and


(e) have been involved in the patient’s treatment","0.1538","52.56","adult","outpatient","family","not reported","5","C-SSRS","12.3","1.5","3.5","1.93","1.43",15,15,"Yes",NA,NA,NA,NA,NA,NA,NA,NA,NA,NA,NA,NA,NA,NA,NA,"3.26","3.75","1.69","1.33","some concerns","low",NA,"some concerns","some concerns","some concerns","some concerns",NA,NA,"Goodman, M., Sullivan, S. R., Spears, A. P., Crasta, D., Mitchell, E. L., Stanley, B., ... & Glynn, S. (2022). A pilot randomized control trial of a dyadic safety planning intervention: Safe actions for families to encourage recovery. Couple and Family Psychology: Research and Practice, 11(1), 42.",NA,NA,NA,NA,"Goodman2022_C-SSRS_12.3_fam_cau_NA_NA",1.14568543113915,0.395527703673352,NA,NA,NA,NA,NA,NA,2022,"some concerns"
"38",38,38,72,"Grupp-Phelan 2019",0,"Grupp-Phelan 2019","no","other","cau",NA,NA,NA,NA,"usa","suic","suic","suic","oth","(1) age of 12 to 17 years (inclusive) at the time of recruitment, (2) positive screen result for suicide risk on the Ask Suicide Screening Questions (ASQ) tool, (3) lived within 100 miles of the hospital, (4) had no contact with a mental health care practitioner in the 90 days preceding the index ED visit, and (5) were stable as determined by vital signs and triage criteria (triage levels 2-5).","792","15","adol","outpatient","individual",NA,"not reported","SIQ","9","11.5","11.7","9.9","10.6",80,79,"Yes",NA,NA,NA,NA,NA,NA,NA,NA,NA,NA,NA,NA,NA,NA,NA,"20.6","20.3","16.3","17.7","Low","High",NA,"Ideation: High Attempts: Low","High","Some concerns","High",NA,"attempts measured with C-SSRS","Grupp-Phelan, J., Stevens, J., Boyd, S., Cohen, D. M., Ammerman, R. T., Liddy-Hicks, S., ... & Bridge, J. A. (2019). Effect of a motivational interviewing–based intervention on initiation of mental health treatment and mental health after an emergency department visit among suicidal adolescents: a randomized clinical trial. JAMA network open, 2(12), e1917941-e1917941.",NA,NA,NA,NA,"Grupp-Phelan2019_SIQ_9_other_cau_NA_NA",0.0194117417635099,0.158617225497038,NA,NA,NA,NA,NA,NA,2019,"High"
"39",39,39,73,"Guthrie 2001",0,"Guthrie 2001","yes","dyn","cau",NA,NA,NA,NA,"uk","suic","suic","suic","oth","1","0.56","31.2","adult","outpatient","Individual","4","4","BSS","4","10.3","12.4","8.6","9.9",58,61,"Yes (self harm)",NA,NA,NA,NA,NA,NA,NA,NA,NA,NA,NA,NA,NA,NA,NA,"15.9","14.3","9.9","10.8","1","1","1","1","0","0.5","0","0",NA,"Guthrie, E., Kapur, N., Mackway-Jones, K., Chew-Graham, C., Moorey, J., Mendel, E., Marino-Francis, F., Sanderson, S., Turpin, C., Boddy, G., & Tomenson, B. (2001). Randomised controlled trial of brief psychological intervention after deliberate self poisoning. BMJ (Clinical research ed.), 323(7305), 135–138. https://doi.org/10.1136/bmj.323.7305.135",NA,NA,NA,NA,"Guthrie2001_BSS_4_dyn_cau_NA_NA",0.224611388264156,0.18398246604306,NA,NA,NA,NA,NA,NA,2001,"0"
"40",40,40,76,"Haddock 2019",0,"Haddock 2019","yes","cbt","cau",NA,NA,NA,NA,"uk","suic","suic","suic","clin","1","569","35.56","adult","inpatient","Individual","26","20","SPS","26","23.65","22","9.17","9.91",24,27,"Yes (self-harm serious adverse event)",NA,NA,NA,NA,NA,NA,NA,NA,NA,NA,NA,NA,NA,NA,NA,"28.5","29.26","8.99","8.02","1","1","0.5","2","1","0","0","0",NA,"Haddock, G., Pratt, D., Gooding, P. A., Peters, S., Emsley, R., Evans, E., Kelly, J., Huggett, C., Munro, A., Harris, K., Davies, L., & Awenat, Y. (2019). Feasibility and acceptability of suicide prevention therapy on acute psychiatric wards: randomised controlled trial. BJPsych open, 5(1), e14. https://doi.org/10.1192/bjo.2018.85",NA,NA,NA,NA,"Haddock2019_SPS_26_cbt_cau_NA_NA",-0.169765146976502,0.281060764668894,NA,NA,NA,NA,NA,NA,2019,"0"
"41",41,41,77,"Hahm 2019",0,"Hahm 2019","no","other","wl",NA,NA,NA,NA,"usa","ptsd","ptsd","other","com","9","1","23.8","yadul","outpatient","Group","8","8","C-SSRS","8",NA,NA,NA,NA,32,31,"No","dichotomised suicidal ideation",5,4,22,22,NA,NA,NA,NA,NA,NA,NA,NA,NA,NA,NA,NA,NA,NA,"0.5","0.5","0.5","0.5","0","0.5","0","0",NA,"Hahm, H. C., Zhou, L., Lee, C., Maru, M., Petersen, J. M., & Kolaczyk, E. D. (2019). Feasibility, preliminary efficacy, and safety of a randomized clinical trial for Asian Women's Action for Resilience and Empowerment (AWARE) intervention. The American journal of orthopsychiatry, 89(4), 462–474. https://doi.org/10.1037/ort0000383",22,22,5,4,"Hahm2019_C-SSRS_8_other_wl_NA_NA",-0.15176243080606,0.41418675828134,"0.22314355131421","0.599241945370073",5,4,22,22,2019,"0"
"42",42,42,78,"Harrington 1998",0,"Harrington 1998","yes","fam","cau",NA,NA,NA,NA,"uk","suic","suic","suic","clin","1","895","14.5","adol","outpatient","Family",NA,"5","SIQ",NA,"40","43.4","50.7","49.2",85,77,"No",NA,NA,NA,NA,NA,NA,NA,NA,NA,NA,NA,NA,NA,NA,NA,"63.6","62.9","46.7","46.8","0.5","1",NA,"2","0","0.5","0",NA,NA,"Harrington, R., Kerfoot, M., Dyer, E., McNiven, F., Gill, J., Harrington, V., Woodham, A., & Byford, S. (1998). Randomized trial of a home-based family intervention for children who have deliberately poisoned themselves. Journal of the American Academy of Child and Adolescent Psychiatry, 37(5), 512– 518.",NA,NA,NA,NA,"Harrington1998_SIQ_NA_fam_cau_NA_NA",0.0676900761239952,0.157372152578577,NA,NA,NA,NA,NA,NA,1998,"0"
"43",43,43,79,"Hatcher 2011",0,"Hatcher 2011","yes","pst","cau",NA,NA,NA,NA,"au","suic","suic","suic","oth","1","685","33.7","adult","outpatient","Individual","12","44687","BSS","12","3.7","7.1","6.8","8.6",253,299,"Yes (presentation to hospital with self-harm in the year after the index attempt)",NA,NA,NA,NA,NA,NA,NA,NA,NA,NA,NA,NA,NA,NA,NA,"11.3","10.9","9.2","9.9","1","1","1","2","1","0.5","0","0",NA,"Hatcher, S., Sharon, C., Parag, V., & Collins, N. (2011). Problem-solving therapy for people who present to hospital with self-harm: Zelen randomised controlled trial. The British journal of psychiatry : the journal of mental science, 199(4), 310–316. https://doi.org/10.1192/bjp.bp.110.090126",NA,NA,NA,NA,"Hatcher2011_BSS_12_pst_cau_NA_NA",0.433810803130814,0.0864174776282876,NA,NA,NA,NA,NA,NA,2011,"0"
"44",44,44,82,"Hazell 2009",0,"Hazell 2009","yes","other","cau",NA,NA,NA,NA,"au","suic","suic","suic",NA,"1","0.8997","14.49","adol","outpatient","Group","6","6","SIQ","8","74.11","76.4","41.75","54.28",35,37,"No",NA,NA,NA,NA,NA,NA,NA,NA,NA,NA,NA,NA,NA,NA,NA,"85.32","85.87","39.55","50.79","1","1","1","2","0","0.5","0","0","time_weeks attempts is 52","Hazell, P. L., Martin, G., Mcgill, K., Kay, T., Wood, A., Trainor, G., & Harrington, R. (2009). Group therapy for repeated deliberate self-harm in adolescents: failure of replication of a randomized trial. Journal of the American Academy of Child and Adolescent Psychiatry, 48(6), 662–670. https://doi.org/10.1097/CHI.0b013e3181aOacec",NA,NA,NA,NA,"Hazell2009_SIQ_8_other_cau_NA_NA",0.0466134731632117,0.235825940901489,NA,NA,NA,NA,NA,NA,2009,"0"
"45",45,45,84,"Hill 2019",0,"Hill 2019","no","other","other ctr",NA,NA,NA,"psychoeducation","usa","suic","suic","suic","com","1","688","16.7","adol",NA,"Individual","6","2","BSS","6","2.05","4.49","3.27","6.01",40,40,"No",NA,NA,NA,NA,NA,NA,NA,NA,NA,NA,NA,NA,NA,NA,NA,"4.17","6.15","4.6","6","1","1",NA,"1","1","0.5","0.5",NA,NA,"Hill, R. M., & Pettit, J. W. (2019). Pilot Randomized Controlled Trial of LEAP: A Selective Preventive Intervention to Reduce Adolescents' Perceived Burdensomeness. Journal of clinical child and adolescent psychology : the official journal for the Society of Clinical Child and Adolescent Psychology, American Psychological Association, Division 53, 48(sup1), S45–S56. https://doi.org/10.1080/15374416.2016.1188705",NA,NA,NA,NA,"Hill2019_BSS_6_other_otherctr_NA_NA",0.499472882985398,0.227133725696307,NA,NA,NA,NA,NA,NA,2019,"0.5"
"46",46,46,86,"Huey 2004",0,"Huey 2004","yes","fam","ecau",NA,NA,NA,"intensive cau (inpatient)","usa","suic","suic","suic","oth","1","0.35","12.9","child","inpatient","Family setting","20","19","Youth Risk Behavior Survey","22",NA,NA,NA,NA,78,78,"Yes","dichotomised suicidal ideation",35,40,78,78,NA,NA,NA,NA,NA,NA,NA,NA,NA,NA,NA,NA,NA,NA,"0.5","0.5","2","2","0","0.5","0","0","N = 156 (78 per group)","Huey, S. J., Jr, Henggeler, S. W., Rowland, M. D., Halliday-Boykins, C. A., Cunningham, P. B., Pickrel, S. G., & Edwards, J. (2004). Multisystemic therapy effects on attempted suicide by youths presenting psychiatric emergencies. Journal of the American Academy of Child and Adolescent Psychiatry, 43(2), 183–190. https://doi.org/10.1097/00004583-200402000- 00014",78,78,35,40,"Huey2004_YouthRiskBehaviorSurvey_22_fam_ecau_NA_NA",0.141080091923855,0.177064175540038,"-0.133531392624522","0.167123914896711",35,40,78,78,2004,"0"
"47",47,47,87,"Hurtado-Santiago 2022",0,"Hurtado-Santiago 2022",NA,"other","other",NA,NA,"iconic therapy","supportive intervention","eu","bpd + suic","bpd","yes","clin","gen","0.83","21","yadul","outpatient","oth",NA,"10","C-SSRS","10","2","2.68","2","1.66",20,19,"Yes",NA,NA,NA,NA,NA,NA,NA,NA,NA,NA,NA,NA,NA,NA,NA,"3.55","4","1.46","0.97","some concerns","high",NA,"some concerns","low","low","high",NA,NA,"Hurtado-Santiago, S., Guzmán-Parra, J., Mayoral, F., & Bersabé, R. M. (2022). Iconic Therapy for the reduction of borderline personality disorder symptoms among suicidal youth: a preliminary study. BMC psychiatry, 22(1), 1-11.",NA,NA,NA,NA,"Hurtado-Santiago2022_C-SSRS_10_other_other_NA_NA",0.361541977637357,0.323075740321781,NA,NA,NA,NA,NA,NA,2022,"high"
"48",48,48,88,"Husain 2014",0,"Husain 2014","yes","pst","cau",NA,NA,NA,NA,"oth","suic","suic","suic","oth","1","0.6882","23.15","yadul","outpatient","Individual","12","6","BSS","12","7.1","10.5","9.8","9.6",105,112,"Yes",NA,NA,NA,NA,NA,NA,NA,NA,NA,NA,NA,NA,NA,NA,NA,"21.3","20.7","7.5","7.2","1","1","1","2","0","0.5","0","0.5",NA,"Husain, N., Afsar, S., Ara, J., Fayyaz, H., Rahman, R. U., Tomenson, B., Hamirani, M., Chaudhry, N., Fatima, B., Husain, M., Naeem, F., & Chaudhry,B. (2014). Brief psychological intervention after self-harm: randomised controlled trial from Pakistan. The British journal of psychiatry : the journal of mental science, 204(6), 462–470. https://doi.org/10.1192/bjp.bp.113.138370",NA,NA,NA,NA,"Husain2014_BSS_12_pst_cau_NA_NA",0.349390032356811,0.136878161387006,NA,NA,NA,NA,NA,NA,2014,"0"
"49",49,49,90,"Interian 2021",0,"Interian 2021","yes","mbct","ecau",NA,NA,NA,NA,"usa","suic","suic","suic","clin","age>18 years, significant suicidal risk in the past 30 days, high suicde risk as determined by VHA coordinator,","0.1214","47.01","adult","mixed","individual and group","10 weeks?","10","BSS","10","4.7","4.7","7.2","7.6",71,69,"Yes",NA,NA,NA,NA,NA,NA,NA,NA,NA,NA,NA,NA,NA,NA,NA,"12.4","11.2","9.8","10.4","low","low",NA,"low","low","some concerns","some concerns",NA,"time_weeks = 10 ideation and 52 for attempts, attempts measured with C-SSRS","Interian, A., Chesin, M. S., Stanley, B., Latorre, M., Hill, L. M. S., Miller, R. B., ... & Kline, A. (2021). Mindfulness-based cognitive therapy for preventing suicide in military veterans: a randomized clinical trial. The Journal of Clinical Psychiatry, 82(5), 36479.",NA,NA,NA,NA,"Interian2021_BSS_10_mbct_ecau_NA_NA",0,0.169048101632174,NA,NA,NA,NA,NA,NA,2021,"some concerns"
"50",50,50,91,"Jamshidi 2020",0,"Jamshidi 2020","no","img","wl",NA,NA,NA,NA,"oth","ptsd","ptsd","other","oth","(a) no addiction to drugs or substances; (b) no history of psychotic disorders, any other disorders with psychotic symptoms or neurological deficits; and (c) no shelter to live.","1","21.38","yadul",NA,"individual","3months","24","BSS","13","10.77","14","3.38","6.04",15,15,"No",NA,NA,NA,NA,NA,NA,NA,NA,NA,NA,NA,NA,NA,NA,NA,"15.66","14.33","5.7","5.45","Some concerns","High",NA,"High","High","Some concerns","High",NA,NA,"Jamshidi, F., Rajabi, S., & Dehghani, Y. (2021). How to heal their psychological wounds? effectiveness of EMDR therapy on post‐traumatic stress symptoms, mind‐wandering and suicidal ideation in Iranian child abuse victims. Counselling and Psychotherapy Research, 21(2), 412-421.",NA,NA,NA,NA,"Jamshidi2020_BSS_13_img_wl_NA_NA",0.642130563879766,0.374956822685809,NA,NA,NA,NA,NA,NA,2020,"High"
"51",51,51,92,"Jobes 2017",0,"Jobes 2017","yes","cams","cau",NA,NA,NA,NA,"usa","suic","suic","suic","clin","2","196","26.8","adult","outpatient","Individual","8","5","BSS","13 (52 for attempts)",NA,NA,NA,NA,73,75,"Yes","dichotomised suicidal ideation",22,37,60,60,NA,NA,NA,NA,NA,NA,NA,NA,NA,NA,NA,NA,NA,NA,"1","0.5",NA,"3","1","0.5","0.5",NA,NA,"Jobes, D. A., Comtois, K. A., Gutierrez, P. M., Brenner, L. A., Huh, D., Chalker, S. A., Ruhe, G., Kerbrat, A. H., Atkins, D. C., Jennings, K., Crumlish, J., Corona, C. D., Connor, S. O., Hendricks, K. E., Schembari, B., Singer, B., & Crow, B. (2017). A Randomized Controlled Trial of the Collaborative Assessment and Management of Suicidality versus Enhanced Care as Usual With Suicidal Soldiers. Psychiatry, 80(4), 339–356. https://doi.org/10.1080/00332747.2017.1354607",60,60,22,37,"Jobes2017_BSS_13(52forattempts)_cams_cau_NA_NA",0.559851368674074,0.207958177343872,"-0.519875459285909","0.197859139663143",22,37,60,60,2017,"0.5"
"52",52,52,93,"Johnson (J) 2019",1,"Johnson (J) 2019","no","other","cau",NA,NA,NA,NA,"usa","dep","dep","other","oth","10","0.3535","39","adult","outpatient","Group","12","20","BSS","12","1.37","1.72","2.917","2.917",91,90,"No",NA,NA,NA,NA,NA,NA,NA,NA,NA,NA,NA,NA,NA,NA,NA,NA,NA,NA,NA,"1","1",NA,"1","1","1","0.5",NA,NA,"Johnson, J. E., Stout, R. L., Miller, T. R., Zlotnick, C., Cerbo, L. A., Andrade,J. T., Nargiso, J., Bonner, J., & Wiltsey-Stirman, S. (2019). Randomized cost- effectiveness trial of group interpersonal psychotherapy (IPT) for prisoners with major depression. Journal of consulting and clinical psychology, 87(4), 392–406. https://doi.org/10.1037/ccp0000379",NA,NA,NA,NA,"Johnson(J)2019_BSS_12_other_cau_NA_NA",0.119482848313839,0.148794798346116,NA,NA,NA,NA,NA,NA,2019,"0.5"
"53",53,53,94,"Kaslow 2010",0,"Kaslow 2010","yes","other","cau",NA,NA,NA,NA,"usa","suic","suic","suic","clin","6","1","34.7","adult","outpatient","Group","10","10","BSS","10","5.3","10.5","5.2","8.8",121,87,"No",NA,NA,NA,NA,NA,NA,NA,NA,NA,NA,NA,NA,NA,NA,NA,"12.8","15.2","9.7","11.3","1","0.5",NA,"2","0","0.5","0","0",NA,"Kaslow, N. J., Leiner, A. S., Reviere, S., Jackson, E., Bethea, K., Bhaju, J., Rhodes, M., Gantt, M. J., Senter, H., & Thompson, M. P. (2010). Suicidal, abused African American women's response to a culturally informed intervention. Journal of consulting and clinical psychology, 78(4), 449–458. https://doi.org/10.1037/a0019692",NA,NA,NA,NA,"Kaslow2010_BSS_10_other_cau_NA_NA",0.74719098511247,0.145294897784289,NA,NA,NA,NA,NA,NA,2010,"0"
"54",54,54,95,"King 2015",0,"King 2015","yes","other","cau",NA,NA,NA,"crisis card and info but int group gets that too","usa","suic","suic","suic","oth","1","0.8","17.7","adol","outpatient","Individual",NA,NA,"SIQ",NA,"21.46","24.28","17.4","17.3",27,22,"Yes",NA,NA,NA,NA,NA,NA,NA,NA,NA,NA,NA,NA,NA,NA,NA,"31.02","29.4","19.6","24.6","1","0.5",NA,"2","0","0.5","0",NA,NA,"King, C. A., Gipson, P. Y., Horwitz, A. G., & Opperman, K. J. (2015). Teen options for change: an intervention for young emergency patients who screen positive for suicide risk. Psychiatric services (Washington, D.C.), 66(1), 97– 100. https://doi.org/10.1176/appi.ps.201300347",NA,NA,NA,NA,"King2015_SIQ_NA_other_cau_NA_NA",0.159878821570728,0.287682092030734,NA,NA,NA,NA,NA,NA,2015,"0"
"55",55,55,96,"Koons 2001",0,"Koons 2001","yes","dbt","cau",NA,NA,NA,NA,"uk","bpd","bpd","other","clin","2","1","35","adult","outpatient","Individual + group","26","26","BSS","26","26.2","41.5","8","14.3",10,10,"Yes (parasuicidal behavior)",NA,NA,NA,NA,NA,NA,NA,NA,NA,NA,NA,NA,NA,NA,NA,"36.2","44.6","13.5","11.4","0.5","0.5","1",NA,"0","0.5",NA,"0",NA,"Koons, Cedar & Robins, Clive & Tweed, J. & Lynch, Thomas & Gonzalez, Alicia & Morse, Jennifer & Bishop, G. & Butterfield, Marian. (2001). Efficacy of dialectical behavior therapy in women veterans with borderline Personality disorder. Behavior Therapy. 32. 371-390. 10.1016/S0005- 7894(01)80009-5.",NA,NA,NA,NA,"Koons2001_BSS_26_dbt_cau_NA_NA",1.26471577376004,0.49355222862049,NA,NA,NA,NA,NA,NA,2001,NA
"56",56,56,97,"LaCroix 2018",0,"LaCroix 2018","yes","cbt","cau",NA,NA,NA,NA,"usa","ptsd + suic","ptsd","suic","clin","2","306","31","adult","inpatient","Individual","0.5","6","BSS","4","21.8","10","10.11","12.46",18,18,"Yes",NA,NA,NA,NA,NA,NA,NA,NA,NA,NA,NA,NA,NA,NA,NA,"24.61","24.72","6.27","8.35","0.5","1","1","1","1","1","0.5","0.5",NA,"LaCroix, J. M., Perera, K. U., Neely, L. L., Grammer, G., Weaver, J., & Ghahramanlou-Holloway, M. (2018). Pilot trial of post-admission cognitive therapy: Inpatient program for suicide prevention. Psychological services, 15(3), 279–288. https://doi.org/10.1037/ser0000224 100.Smits, M. L., Feenstra, D. J., Eeren, H. V., Bales, D. L., Laurenssen, E.,",NA,NA,NA,NA,"LaCroix2018_BSS_4_cbt_cau_NA_NA",-1.01690214814072,0.355153100910733,NA,NA,NA,NA,NA,NA,2018,"0.5"
"57",57,57,98,"Liberman 1981",0,"Liberman 1981",NA,"dyn","mixed",NA,NA,"insight-oriented","behaviour therapy","usa","bpd","bpd","other","clin","1","0.67","29.67","adult","inpatient","Individual + family","2","8","Interviews","2",NA,NA,NA,NA,12,12,"Yes","dichotomised suicidal ideation",7,5,12,12,NA,NA,NA,NA,NA,NA,NA,NA,NA,NA,NA,NA,NA,NA,"0.5","0.5","0.5","0.5","1","0.5","0","0",NA,"Liberman, R. P., & Eckman, T. (1981). Behavior therapy vs insight-oriented therapy for repeated suicide attempters. Archives of general psychiatry, 38(10), 1126–1130. https://doi.org/10.1001/archpsyc.1981.01780350060007",12,12,7,5,"Liberman1981_Interviews_2_dyn_mixed_NA_NA",-0.358220156109052,0.45654369912101,"0.336472236621213","0.419750492781696",7,5,12,12,1981,"0"
"58",58,58,99,"Lin (C-J) 2020",0,"Lin (C-J) 2020","no","cbt","cau",NA,NA,NA,NA,"eas","bip","bip","other","clin","a life-


time diagnosis of BD type I, based on a clinically diagnosis by a board-


certified psychiatrist, in accordance with the criteria of Diagnostic and





Statistical Manual of Mental Disorders, 4th Edition (DSM-IV) (Edition


and Association, 1994) and clinical notes; symptom severity that did


not interfere with the ability to participate in an estimated 2-hour group


session; age 18 years or older; ability to converse in Mandarin without


an interpreter; current participation in outpatient psychiatric care; and


the provision of written informed consent to participate in the study.","0.63","40.54","adult","outpatient","group","24 weeks","15","BSS","26","2.29","4.93","4.89","7.87",38,30,"No",NA,NA,NA,NA,NA,NA,NA,NA,NA,NA,NA,NA,NA,NA,NA,"3.42","8.23","5.79","9.31","High","Low",NA,"High","Low","High","High",NA,"used to be Lin 2019","Lin, C. J., Huang, Y. H., Huang, K. Y., Wu, S. I., Chang, Y. H., Yeh, H. M., ... & Liu, S. I. (2020). A randomized controlled trial of transcultural validation of group-based psychosocial intervention for patients with bipolar disorder. Psychiatry Research, 290, 113139.",NA,NA,NA,NA,"Lin(C-J)2020_BSS_26_cbt_cau_NA_NA",0.409497962298655,0.246801023462512,NA,NA,NA,NA,NA,NA,2020,"High"
"59",59,59,100,"Lin (T-J) 2019",0,"Lin (T-J) 2019","yes","dbt","cbt",NA,NA,NA,NA,"eas","bpd + suic","bpd","suic","com","3","878","20.4","yadul","outpatient","Group","8","8","Adult Suicidal Ideation Questionnaire","8","49","48.54","6.5","7.01",42,40,"Yes",NA,NA,NA,NA,NA,NA,NA,NA,NA,NA,NA,NA,NA,NA,NA,"65.23","64.47",NA,NA,"1","0.5","0","0.5","1","0.5","0",NA,NA,"103.Lin, T. J., Ko, H. C., Wu, J. Y., Oei, T. P., Lane, H. Y., & Chen, C. H. (2019). The Effectiveness of Dialectical Behavior Therapy Skills Training Group vs. Cognitive Therapy Group on Reducing Depression and Suicide Attempts for Borderline Personality Disorder in Taiwan. Archives of suicide research : official journal of the International Academy for Suicide Research, 23(1), 82– 99. https://doi.org/10.1080/13811118.2018.1436104",NA,NA,NA,NA,"Lin(T-J)2019_AdultSuicidalIdeationQuestionnaire_8_dbt_cbt_NA_NA",-0.06747289107201,0.220992789691967,NA,NA,NA,NA,NA,NA,2019,"0"
"60",60,60,102,"Linehan 2006",0,"Linehan 2006","yes","dbt","ecau",NA,NA,NA,NA,"usa","bpd + suic","bpd","suic","clin","1","1","29.3","adult","outpatient","Individual and group","52","104","SBQ","52","29.8","32.8","24.5","26.3",50,39,"Yes",NA,NA,NA,NA,NA,NA,NA,NA,NA,NA,NA,NA,NA,NA,NA,"51.7","59.9","20.3","21.6","1","0","1",NA,"1","0.5",NA,"0",NA,"Linehan, M. M., Comtois, K. A., Murray, A. M., Brown, M. Z., Gallop, R. J., Heard, H. L., Korslund, K. E., Tutek, D. A., Reynolds, S. K., & Lindenboim, N. (2006). Two-year randomized controlled trial and follow-up of dialectical behavior therapy vs therapy by experts for suicidal behaviors and borderline personality disorder. Archives of general psychiatry, 63(7), 757–766. https://doi.org/10.1001/archpsyc.63.7.757",NA,NA,NA,NA,"Linehan2006_SBQ_52_dbt_ecau_NA_NA",0.117542795002579,0.213822368072422,NA,NA,NA,NA,NA,NA,2006,NA
"61",61,61,103,"LoParo 2018",0,"LoParo 2018","no","cbt","other ctr",NA,NA,NA,NA,"usa","suic","suic","suic","clin","1","0.53","42.4","adult","mixed","Group","6","6","BSS","6","18.79","20.08","7.51","6.6",126,126,"No",NA,NA,NA,NA,NA,NA,NA,NA,NA,NA,NA,NA,NA,NA,NA,"22.5","24.69","6.15","7.28","1","0.5",NA,"2","0","0.5","0",NA,NA,"LoParo, D., Mack, S. A., Patterson, B., Negi, L. T., & Kaslow, N. J. (2018). The efficacy of cognitively-based compassion training for African American suicide attempters. Mindfulness, 9(6), 1941–1954. https://doi.org/10.1007/s12671-018-0940-1",NA,NA,NA,NA,"LoParo2018_BSS_6_cbt_otherctr_NA_NA",0.181921998108609,0.126250061172535,NA,NA,NA,NA,NA,NA,2018,"0"
"62",62,62,104,"Lu 2019",0,"Lu 2019","no","mbct","wl",NA,NA,NA,NA,"eas","none","none","other","oth","6","254","11.7","child","outpatient","Group","8","8","Positive and Negative Suicide Ideation Scale","8","25.57","27","6.44","11.93",21,28,"No",NA,NA,NA,NA,NA,NA,NA,NA,NA,NA,NA,NA,NA,NA,NA,"29.95","26.61","7.01","9.74","0.5","0.5",NA,"2","0","0.5","0",NA,NA,"Lu, R., Zhou, Y., Wu, Q., Peng, X., Dong, J., Zhu, Z., & Xu, W. (2019). The effects of mindfulness training on suicide ideation among left-behind children in China: A randomized controlled trial. Child: care, health and development, 45(3), 371–379. https://doi.org/10.1111/cch.12650",NA,NA,NA,NA,"Lu2019_PositiveandNegativeSuicideIdeationScale_8_mbct_wl_NA_NA",0.141123198650111,0.289038468327593,NA,NA,NA,NA,NA,NA,2019,"0"
"63",63,63,105,"Lynch 2020",0,"Lynch 2020","yes","dbt","cau",NA,NA,NA,NA,"uk","dep","dep","other","clin","Participants were eligible if they 1)were 18 years or older, 2) had a current diagnosis of MDD according to the structured clinical interview for DSM- IV-TR(SCID)-I, 3) had refractory depression, defined as either cronic depression, that is depression lasting at least 2 years, or treatment resistant depression, that is recurrent depression(which we operationalised as two or more previous episodes) which has not responded to an adequate dose of anti-depressant medication (ADM) for at least 6 weeks in the current episode, 4)had a Hamilton Rating Scale for Depression (HRSD) score of at least 15","0.66",NA,NA,"outpatient","individual","6 months","29","Modified Scale for suicidal ideation (MSSI)","30","4.78","5.25","9.12","9.89",162,88,"No",NA,NA,NA,NA,NA,NA,NA,NA,NA,NA,NA,NA,NA,NA,NA,"7.72","7.72",NA,NA,"Low","High",NA,"Low","High","Some concerns","High",NA,NA,"Lynch, T. R., Hempel, R. J., Whalley, B., Byford, S., Chamba, R., Clarke, P., ... & Russell, I. T. (2020). Refractory depression–mechanisms and efficacy of radically open dialectical behaviour therapy (RefraMED): findings of a randomised trial on benefits and harms. The British Journal of Psychiatry, 216(4), 204-212.",NA,NA,NA,NA,"Lynch2020_ModifiedScaleforsuicidalideation(MSSI)_30_dbt_cau_NA_NA",0.0498629170800382,0.132444247646922,NA,NA,NA,NA,NA,NA,2020,"High"
"64",64,64,107,"Marasinghe 2012 men",0,"Marasinghe 2012 men","no","other","wl",NA,NA,NA,NA,"oth","suic","suic","suic","clin","1","0","31.25","adult","mixed","Individual","26",NA,"BSS","26","3.5","6.2","1.8","5.5",17,17,"No",NA,NA,NA,NA,NA,NA,NA,NA,NA,NA,NA,NA,NA,NA,NA,NA,NA,NA,NA,"0.5","0.5",NA,"0","1","0.5","0",NA,NA,"Marasinghe, R. B., Edirippulige, S., Kavanagh, D., Smith, A., & Jiffry, M. T. (2012). Effect of mobile phone-based psychotherapy in suicide prevention: a randomized controlled trial in Sri Lanka. Journal of telemedicine and telecare, 18(3), 151–155. https://doi.org/10.1258/jtt.2012.SFT107",NA,NA,NA,NA,"Marasinghe2012men_BSS_26_other_wl_NA_NA",0.644227341148846,0.3522063615721,NA,NA,NA,NA,NA,NA,2012,"0"
"65",65,65,108,"Marasinghe 2012 women",0,"Marasinghe 2012 women","no","mixed","wl",NA,NA,"1 session pst + social skills",NA,"oth","suic","suic","suic","clin","1","1","31.25","adult","mixed","Individual","26",NA,"BSS","26","3.8","8.9","1.4","6.2",17,17,"No",NA,NA,NA,NA,NA,NA,NA,NA,NA,NA,NA,NA,NA,NA,NA,NA,NA,NA,NA,"0.5","0.5",NA,"0","1","0.5","0",NA,NA,"Marasinghe, R. B., Edirippulige, S., Kavanagh, D., Smith, A., & Jiffry, M. T. (2012). Effect of mobile phone-based psychotherapy in suicide prevention: a randomized controlled trial in Sri Lanka. Journal of telemedicine and telecare, 18(3), 151–155. https://doi.org/10.1258/jtt.2012.SFT107",NA,NA,NA,NA,"Marasinghe2012women_BSS_26_mixed_wl_NA_NA",1.10793034039947,0.369570970705067,NA,NA,NA,NA,NA,NA,2012,"0"
"66",66,66,109,"March 2004 study 1",0,"March 2004 study 1","no","cbt","ecau",NA,NA,"cbt + fluoxetine","fluoxetine alone","usa","dep","dep","other","com","1","544","14.6","adol","outpatient","Individual","12","15","SIQ","12","11.79","14.44","11.69","11.13",107,111,"Yes (adverse event)",NA,NA,NA,NA,NA,NA,NA,NA,NA,NA,NA,NA,NA,NA,NA,"27.33","21.91","18.51","16.28","1","0.5","0.5","2","1","0.5","0","0",NA,"March, J., Silva, S., Petrycki, S., Curry, J., Wells, K., Fairbank, J., Burns, B., Domino, M., McNulty, S., Vitiello, B., Severe, J., & Treatment for Adolescents With Depression Study (TADS) Team (2004). Fluoxetine, cognitive-behavioral therapy, and their combination for adolescents with depression: Treatment for Adolescents With Depression Study (TADS) randomized controlled trial. JAMA, 292(7), 807–820. https://doi.org/10.1001/jama.292.7.807",NA,NA,NA,NA,"March2004study1_SIQ_12_cbt_ecau_NA_NA",0.23148054154018,0.135935865989642,NA,NA,NA,NA,NA,NA,2004,"0"
"67",67,67,110,"March 2004 study 2",0,"March 2004 study 2","no","cbt","placebo",NA,NA,"cbt alone","placebo","usa","dep","dep","other","com","1","544","14.6","adol","outpatient","Individual",NA,"15","SIQ","12","11.4","15.01","10.44","11.05",109,112,"Yes (adverse event)",NA,NA,NA,NA,NA,NA,NA,NA,NA,NA,NA,NA,NA,NA,NA,"21.81","24.2","15.68","16.46","1","0.5","0.5","2","1","0.5","0","0",NA,"March, J., Silva, S., Petrycki, S., Curry, J., Wells, K., Fairbank, J., Burns, B., Domino, M., McNulty, S., Vitiello, B., Severe, J., & Treatment for Adolescents With Depression Study (TADS) Team (2004). Fluoxetine, cognitive-behavioral therapy, and their combination for adolescents with depression: Treatment for Adolescents With Depression Study (TADS) randomized controlled trial. JAMA, 292(7), 807–820. https://doi.org/10.1001/jama.292.7.807",NA,NA,NA,NA,"March2004study2_SIQ_12_cbt_placebo_NA_NA",0.334553558802025,0.135491162700161,NA,NA,NA,NA,NA,NA,2004,"0"
"68",68,68,115,"McManama O'Brien 2018",0,"McManama O'Brien 2018","yes","other","cau",NA,NA,NA,NA,"usa","suic","suic","suic","clin","1","0.8","15.8","adol","inpatient","Individual + family","0.15","2","SIQ","12","57.2","51.29","39.47","31.22",25,25,"Yes",NA,NA,NA,NA,NA,NA,NA,NA,NA,NA,NA,NA,NA,NA,NA,"88.92","107.2","46.62","34.27","1","0.5","2","2","0","0.5","0","0",NA,"McManama O'Brien, K. H., Sellers, C. M., Battalen, A. W., Ryan, C. A., Maneta, E. K., Aguinaldo, L. D., White, E., & Spirito, A. (2018). Feasibility, acceptability, and preliminary effects of a brief alcohol intervention for suicidal adolescents in inpatient psychiatric treatment. Journal of substance abuse treatment, 94, 105–112. https://doi.org/10.1016/j.jsat.2018.08.013",NA,NA,NA,NA,"McManamaO'Brien2018_SIQ_12_other_cau_NA_NA",-0.163473097490589,0.283329898433701,NA,NA,NA,NA,NA,NA,2018,"0"
"69",69,69,116,"Mehlum 2014",0,"Mehlum 2014","yes","dbt","dyn or cbt",NA,NA,NA,NA,"eu","suic","suic","suic","clin","1","883","15.6","adol","outpatient","Individual + family","19","19","SIQ","19","18.3","32.56","11.11","23.99",39,38,"Yes (self-harm, irrespective of intent)",NA,NA,NA,NA,NA,NA,NA,NA,NA,NA,NA,NA,NA,NA,NA,"36.9099999999999","36.9099999999999","20.82","26.23","1","1","1","2","1","1","0","0.5",NA,"Mehlum, L., Tørmoen, A. J., Ramberg, M., Haga, E., Diep, L. M., Laberg, S.,Larsson, B. S., Stanley, B. H., Miller, A. L., Sund, A. M., & Grøholt, B. (2014). Dialectical behavior therapy for adolescents with repeated suicidal and self-harming behavior: a randomized trial. Journal of the American Academy of Child and Adolescent Psychiatry, 53(10), 1082–1091. https://doi.org/10.1016/j.jaac.2014.07.003",NA,NA,NA,NA,"Mehlum2014_SIQ_19_dbt_dynorcbt_NA_NA",0.758424111389822,0.236152539167037,NA,NA,NA,NA,NA,NA,2014,"0"
"70",70,70,117,"Melvin 2006a",0,"Melvin 2006","no","cbt","ecau","cbt and med","medication","cbt and sertraline","sertraline","au","dep","dep","other","clin","1","0.6575","15.3","adol","outpatient","Individual + family","12","12","SIQ","12","23.2","24.23","20.24","26.9",25,26,"No",NA,NA,NA,NA,NA,NA,NA,NA,NA,NA,NA,NA,NA,NA,NA,"26.05","29.42","19.93","27.24","1","1",NA,"2","0","0.5","0",NA,NA,"Melvin, G. A., Tonge, B. J., King, N. J., Heyne, D., Gordon, M. S., & Klimkeit, E. (2006). A comparison of cognitive-behavioral therapy, sertraline, and their combination for adolescent depression. Journal of the American Academy of Child and Adolescent Psychiatry, 45(10), 1151–1161. https://doi.org/10.1097/01.chi.0000233157.21925.71",NA,NA,NA,NA,"Melvin2006_SIQ_12_cbt_ecau_cbtandmed_medication",0.0424842903928171,0.280142447698431,NA,NA,NA,NA,NA,NA,2006,"0"
"71",71,71,118,"Melvin 2006b",0,"Melvin 2006","no","cbt","medication","cbt","medication","cbt w/o medication","sertraline","au","dep","dep","other","clin","1","0.6575","15.3","adol","outpatient","Individual + family","12","12","SIQ","12","19.41","24.23","19.64","26.9",22,26,"No",NA,NA,NA,NA,NA,NA,NA,NA,NA,NA,NA,NA,NA,NA,NA,NA,"30.64",NA,"24.42","1","1",NA,"2","0","0.5","0",NA,NA,"Melvin, G. A., Tonge, B. J., King, N. J., Heyne, D., Gordon, M. S., & Klimkeit, E. (2006). A comparison of cognitive-behavioral therapy, sertraline, and their combination for adolescent depression. Journal of the American Academy of Child and Adolescent Psychiatry, 45(10), 1151–1161. https://doi.org/10.1097/01.chi.0000233157.21925.71",NA,NA,NA,NA,"Melvin2006_SIQ_12_cbt_medication_cbt_medication",0.198689483601217,0.290415443263375,NA,NA,NA,NA,NA,NA,2006,"0"
"72",72,72,123,"Monteso-Curto 2015a",0,"Monteso-Curto 2015","no","cbt","medication","cbt","medication",NA,NA,"eu","none","none","other",NA,"5","969","58.9","old","outpatient","Individual","8","4","Plutchik suicide risk scale","8","6.41","6.86","3.06","2.74",23,23,"No",NA,NA,NA,NA,NA,NA,NA,NA,NA,NA,NA,NA,NA,NA,NA,"6.86",NA,"3.16",NA,"0.5","0.5",NA,"2","0","0.5","0",NA,NA,"Montesó-Curto, P., García-Martínez, M., Gómez-Martínez, C., Ferré-Almo, S., Panisello-Chavarria, M. L., Genís, S. R., Mateu Gil, M. L., Cubí Guillén, M. T., Colás, L. S., Usach, T. S., Herrero, A. S., & Ferré-Grau, C. (2015).",NA,NA,NA,NA,"Monteso-Curto2015_Plutchiksuicideriskscale_8_cbt_medication_cbt_medication",0.152280720485937,0.295326006409088,NA,NA,NA,NA,NA,NA,2015,"0"
"73",73,73,124,"Monteso-Curto 2015b",0,"Monteso-Curto 2015","no","other","medication","mixed","medication",NA,NA,"eu","none","none","other",NA,"5","969","26.2","adult","outpatient","Individual",NA,NA,"Plutchik suicide risk scale","8","7.09","6.86","3.27","2.74",25,23,"No",NA,NA,NA,NA,NA,NA,NA,NA,NA,NA,NA,NA,NA,NA,NA,"7.77","7.14","3.23","2.8","0.5","0.5",NA,"2","0","0.5","0",NA,NA,"Montesó-Curto, P., García-Martínez, M., Gómez-Martínez, C., Ferré-Almo, S., Panisello-Chavarria, M. L., Genís, S. R., Mateu Gil, M. L., Cubí Guillén, M. T., Colás, L. S., Usach, T. S., Herrero, A. S., & Ferré-Grau, C. (2015).",NA,NA,NA,NA,"Monteso-Curto2015_Plutchiksuicideriskscale_8_other_medication_mixed_medication",-0.0747096199129324,0.289030026051942,NA,NA,NA,NA,NA,NA,2015,"0"
"74",74,74,125,"Morley 2014",0,"Morley 2014","yes","cbt","cau",NA,NA,NA,NA,"au","sub + suic","sub","suic","clin","1","0.37","36","adult","outpatient","Individual and group","26","8","BSS","26","5.82","6","5.58","6.61",122,63,"Yes",NA,NA,NA,NA,NA,NA,NA,NA,NA,NA,NA,NA,NA,NA,NA,"9.63","12.56","9.34","10.02","0.5","1","1","0","1","0.5","0","0",NA,"Morley, K. C., Sitharthan, G., Haber, P. S., Tucker, P., & Sitharthan, T. (2014). The efficacy of an opportunistic cognitive behavioral intervention package (OCB) on substance use and comorbid suicide risk: a multisite randomized controlled trial. Journal of consulting and clinical psychology, 82(1), 130–140. https://doi.org/10.1037/a0035310",NA,NA,NA,NA,"Morley2014_BSS_26_cbt_cau_NA_NA",0.0301331636877657,0.155152220501428,NA,NA,NA,NA,NA,NA,2014,"0"
"75",75,75,130,"O'Toole 2019",0,"O'Toole 2019","yes","other","cams",NA,NA,NA,NA,"eu","dep + suic","dep","suic","clin","1","0.57","28.7","adult",NA,"Individual","4",NA,"Suicide Status FormIIâ€“R","4","14.9","12.6","5.7","5.6",60,69,"No",NA,NA,NA,NA,NA,NA,NA,NA,NA,NA,NA,NA,NA,NA,NA,"18.7","18","4.1","5","1","1",NA,"2","1","0.5","0",NA,NA,"O'Toole, M. S., Arendt, M. B., & Pedersen, C. M. (2019). Testing an App- Assisted Treatment for Suicide Prevention in a Randomized Controlled Trial: Effects on Suicide Risk and Depression. Behavior therapy, 50(2), 421–429. https://doi.org/10.1016/j.beth.2018.07.007",NA,NA,NA,NA,"O'Toole2019_SuicideStatusFormIIâ€“R_4_other_cams_NA_NA",-0.404909037813942,0.178332493377944,NA,NA,NA,NA,NA,NA,2019,"0"
"76",76,76,134,"Patsiokas 1985a",0,"Patsiokas 1985","yes","cbt","other ctr","cbt","other ctr",NA,NA,"usa","suic","suic","suic","clin","1",NA,NA,"adult","inpatient","Individual","3","10","BSS","3","7.6","8.6","5.8","9.2",5,3,"Yes",NA,NA,NA,NA,NA,NA,NA,NA,NA,NA,NA,NA,NA,NA,NA,"21.8","18","5.8","5","0.5","0.5",NA,"0.5","1","0.5","0",NA,NA,"Patsiokas, A. T., & Clum, G. A. (1985). Effects of psychotherapeutic strategies in the treatment of suicide attempters. Psychotherapy: Theory, Research, Practice, Training, 22(2), 281–290. https://doi.org/10.1037/h0085507",NA,NA,NA,NA,"Patsiokas1985_BSS_3_cbt_otherctr_cbt_otherctr",0.122195527678118,0.731141255534814,NA,NA,NA,NA,NA,NA,1985,"0"
"77",77,77,135,"Patsiokas 1985b",0,"Patsiokas 1985","no","pst","other ctr","pst","other ctr",NA,NA,"usa","suic","suic","suic","clin","1",NA,NA,"adult","inpatient","Individual",NA,"10","BSS","3","2.2","8.6","3.7","9.2",5,3,"Yes",NA,NA,NA,NA,NA,NA,NA,NA,NA,NA,NA,NA,NA,NA,NA,"15.6","18","4.9","5","0.5","0.5",NA,"0.5","1","0.5","0",NA,NA,"Patsiokas, A. T., & Clum, G. A. (1985). Effects of psychotherapeutic strategies in the treatment of suicide attempters. Psychotherapy: Theory, Research, Practice, Training, 22(2), 281–290. https://doi.org/10.1037/h0085507",NA,NA,NA,NA,"Patsiokas1985_BSS_3_pst_otherctr_pst_otherctr",0.910741185828872,0.775817323339071,NA,NA,NA,NA,NA,NA,1985,"0"
"78",78,78,137,"Pfeiffer 2019",0,"Pfeiffer 2019","yes","other","cau",NA,NA,NA,NA,"usa","suic","suic","suic","clin","1","0.53","34","adult","outpatient","Individual","12","14","BSS","12","5.2","6.1","7.5","6.9",34,36,"Yes",NA,NA,NA,NA,NA,NA,NA,NA,NA,NA,NA,NA,NA,NA,NA,"22.6","23.8","8.2","7","1","0.5","0","2","1","0.5","0","0",NA,"Pfeiffer, P. N., King, C., Ilgen, M., Ganoczy, D., Clive, R., Garlick, J., Abraham, K., Kim, H. M., Vega, E., Ahmedani, B., & Valenstein, M. (2019). Development and pilot study of a suicide prevention intervention delivered by peer support specialists. Psychological services, 16(3), 360–371. https://doi.org/10.1037/ser0000257",NA,NA,NA,NA,"Pfeiffer2019_BSS_12_other_cau_NA_NA",0.123660444591145,0.239376752146301,NA,NA,NA,NA,NA,NA,2019,"0"
"79",79,79,139,"Pigeon 2019",0,"Pigeon 2019","no","cbt","cau",NA,NA,NA,NA,"usa","mixed + suic","mixed","suic","clin","2","0.2","54.8","adult","outpatient","Individual","5","4","C-SSRS","6","6.14","7.83","6.76","6.36",27,27,"Yes",NA,NA,NA,NA,NA,NA,NA,NA,NA,NA,NA,NA,NA,NA,NA,"13.04","12","3.57","2.59","1","1","1","1","0","0","0","0",NA,"Pigeon, W. R., Funderburk, J. S., Cross, W., Bishop, T. M., & Crean, H. F. (2019). Brief CBT for insomnia delivered in primary care to patients endorsing suicidal ideation: a proof-of-concept randomized clinical trial. Translational behavioral medicine, 9(6), 1169–1177. https://doi.org/10.1093/tbm/ibz108",NA,NA,NA,NA,"Pigeon2019_C-SSRS_6_cbt_cau_NA_NA",0.253770386566742,0.273291111857167,NA,NA,NA,NA,NA,NA,2019,"0"
"80",80,80,140,"Pineda 2013",0,"Pineda 2013","yes","fam","cau",NA,NA,NA,NA,"au","suic","suic","suic","clin","1","0.7525","15.13","adol","outpatient","Individual","6","6","Adolescent  Suicide  Questionnaire Revised","6","8.73","11.89","4.88","5.47",24,24,"Yes",NA,NA,NA,NA,NA,NA,NA,NA,NA,NA,NA,NA,NA,NA,NA,"11.77","12.22","3.87","4.45","1","1","2","2","1","1","0","0",NA,"Pineda, J., & Dadds, M. R. (2013). Family intervention for adolescents with suicidal behavior: a randomized controlled trial and mediation analysis. Journal of the American Academy of Child and Adolescent Psychiatry, 52(8), 851–862. https://doi.org/10.1016/j.jaac.2013.05.015",NA,NA,NA,NA,"Pineda2013_AdolescentSuicideQuestionnaireRevised_6_fam_cau_NA_NA",0.599644226967294,0.295304554190761,NA,NA,NA,NA,NA,NA,2013,"0"
"81",81,81,141,"Pistorello 2012",0,"Pistorello 2012","yes","dbt","dyn",NA,NA,NA,"psychodynamic-based cau","usa","bpd + suic","bpd","suic","clin","3","0.81","20.86","yadul","outpatient","Individual and group","40","104","SBQ","52","13.64","24.92","12.2","20.19",31,32,"Yes",NA,NA,NA,NA,NA,NA,NA,NA,NA,NA,NA,NA,NA,NA,NA,"31.42","32.88","14.64","18.32","1","0.5","1",NA,"1","0.5","0.5",NA,NA,"Pistorello, J., Fruzzetti, A. E., Maclane, C., Gallop, R., & Iverson, K. M. (2012). Dialectical behavior therapy (DBT) applied to college students: a randomized clinical trial. Journal of consulting and clinical psychology, 80(6), 982–994. https://doi.org/10.1037/a0029096",NA,NA,NA,NA,"Pistorello2012_SBQ_52_dbt_dyn_NA_NA",0.665359805347498,0.259055925870665,NA,NA,NA,NA,NA,NA,2012,"0.5"
"82",82,82,143,"Pistorello 2020",0,"Pistorello 2020","yes","cams","cau",NA,NA,NA,NA,"usa","suic","suic","suic","clin","1)seeking CCC services 2)18-25 years of age 3)new to CCC treatment (or not in the treatment in  months prior) 4) endorsing a two or above on the question of ""I have thoughts of ending my life on CCAPS-34","677","19.97","yadul","outpatient","individual","8","4-8","BSS","8","5.66","7.35","6.44","6.45",33,29,"Yes",NA,NA,NA,NA,NA,NA,NA,NA,NA,NA,NA,NA,NA,NA,NA,"13.79","13.72","5.13","7.07",NA,NA,NA,NA,NA,NA,NA,NA,NA,"Pistorello, J., Jobes, D. A., Gallop, R., Compton, S. N., Locey, N. S., Au, J. S., Noose, S. K., Walloch, J. C., Johnson, J., Young, M., Dickens, Y., Chatham, P., & Jeffcoat, T. (2021). A Randomized Controlled Trial of the Collaborative Assessment and Management of Suicidality (CAMS) Versus Treatment as Usual (TAU) for Suicidal College Students. Archives of suicide research : official journal of the International Academy for Suicide Research, 25(4), 765–789. https://doi.org/10.1080/13811118.2020.1749742",NA,NA,NA,NA,"Pistorello2020_BSS_8_cams_cau_NA_NA",0.258940639940934,0.255617588366497,NA,NA,NA,NA,NA,NA,2020,NA
"83",83,83,145,"Pratt 2015",0,"Pratt 2015","yes","cbt","cau",NA,NA,NA,NA,"uk","suic","suic","suic","oth","10","0","35.25","adult","outpatient","Individual?","16","20","BSS","16","5.8","6.7","9.9","10.5",18,22,"Yes (number of episodes of suicidal or self-injurious behaviour)",NA,NA,NA,NA,NA,NA,NA,NA,NA,NA,NA,NA,NA,NA,NA,"13.2","14.5","10.8","11.2","1","1","1","2","0","0.5","0","0",NA,"Pratt, D., Tarrier, N., Dunn, G., Awenat, Y., Shaw, J., Ulph, F., & Gooding, P. (2015). Cognitive-behavioural suicide prevention for male prisoners: a pilot randomized controlled trial. Psychological medicine, 45(16), 3441–3451. https://doi.org/10.1017/S0033291715001348",NA,NA,NA,NA,"Pratt2015_BSS_16_cbt_cau_NA_NA",0.0861787278776324,0.317972856366809,NA,NA,NA,NA,NA,NA,2015,"0"
"84",84,84,146,"Rahnama 2016",0,"Rahnama 2016","no","img","cau",NA,NA,NA,NA,"oth","dep + suic","dep","suic","oth","1",NA,NA,NA,"outpatient","Individual","7","7","BSS","7","3.46","17.77","5.75","9.9",15,15,"No",NA,NA,NA,NA,NA,NA,NA,NA,NA,NA,NA,NA,NA,NA,NA,"17.07","17.05",NA,NA,"0.5","0.5",NA,"2","0.5","0.5","0",NA,NA,"Rahnama, Shirin & Tarkhan, Morteza & Khalatbari, Javad. (2013). Effectiveness of Imagery Rescripting and Reprocessing Therapy on Suicidal Ideation in Individuals with Suicide Attempt History. Procedia - Social and Behavioral Sciences. 84. 10.1016/j.sbspro.2013.06.706.",NA,NA,NA,NA,"Rahnama2016_BSS_7_img_cau_NA_NA",1.71988582369057,0.430593067668479,NA,NA,NA,NA,NA,NA,2016,"0"
"85",85,85,148,"Rudd 1996",0,"Rudd 1996","yes","other","cau",NA,NA,NA,NA,"usa","mixed + suic","mixed","suic","clin","2","0.1925","22","yadul","outpatient","Group","2","10","M-BSS","4","5.6","4.7","9.6","8.6",120,91,"No",NA,NA,NA,NA,NA,NA,NA,NA,NA,NA,NA,NA,NA,NA,NA,"23","22.9","9.9","10.5","0.5","0.5",NA,"0","0","0.5","0",NA,NA,"Rudd, M. D., Rajab, M. H., Orman, D. T., Joiner, T., Stulman, D. A., & Dixon, W. (1996). Effectiveness of an outpatient intervention targeting suicidal young adults: preliminary results. Journal of consulting and clinical psychology, 64(1), 179–190. https://doi.org/10.1037//0022-006x.64.1.179",NA,NA,NA,NA,"Rudd1996_M-BSS_4_other_cau_NA_NA",-0.0976578505349768,0.139086689703599,NA,NA,NA,NA,NA,NA,1996,"0"
"86",86,86,149,"Rudd 2015",0,"Rudd 2015","yes","cbt","cau",NA,NA,NA,NA,"usa","suic","suic","suic","clin","2","125","27.4","adult","outpatient","Individual","18","12","BSS","26","3.47","6.21","5.13","7.5",53,41,"Yes",NA,NA,NA,NA,NA,NA,NA,NA,NA,NA,NA,NA,NA,NA,NA,"19.16","19.07","9.3","8.69","1","0.5","1","2","1","0","0","0",NA,"Rudd, M. D., Bryan, C. J., Wertenberger, E. G., Peterson, A. L., Young- McCaughan, S., Mintz, J., Williams, S. R., Arne, K. A., Breitbach, J., Delano, K., Wilkinson, E., & Bruce, T. O. (2015). Brief cognitive-behavioral therapy effects on post-treatment suicide attempts in a military sample: results of a randomized clinical trial with 2-year follow-up. The American journal of psychiatry, 172(5), 441–449. https://doi.org/10.1176/appi.ajp.2014.14070843",NA,NA,NA,NA,"Rudd2015_BSS_26_cbt_cau_NA_NA",0.433328027178965,0.210412674073225,NA,NA,NA,NA,NA,NA,2015,"0"
"87",87,87,150,"Ryberg 2019",1,"Ryberg 2019","yes","cams","ecau",NA,NA,NA,NA,"eu","suic","suic","suic","clin","1","0.53","35.9","adult","mixed","Individual",NA,"8","BSS",NA,NA,NA,NA,NA,37,41,"Yes",NA,NA,NA,NA,NA,NA,NA,NA,NA,NA,NA,"-0.5146","0.2305",NA,NA,"24.9","23.5","4.2","5.2","1","1","1","1","1","1","0","0",NA,"Ryberg, W., Zahl, P. H., Diep, L. M., Landrø, N. I., & Fosse, R. (2019). Managing suicidality within specialized care: A randomized controlled trial. Journal of affective disorders, 249, 112–120. https://doi.org/10.1016/j.jad.2019.02.022",NA,NA,NA,NA,"Ryberg2019_BSS_NA_cams_ecau_NA_NA",0.5146,0.2305,NA,NA,NA,NA,NA,NA,2019,"0"
"88",88,88,152,"Samaraweera 2007",0,"Samaraweera 2007","yes","cbt","cau",NA,NA,NA,NA,"oth","suic","suic","suic","com","1","0.6","36.3","adult","outpatient","Individual","3","8","BSS","8","0.2","12.3","0.5","5.9",5,4,"No",NA,NA,NA,NA,NA,NA,NA,NA,NA,NA,NA,NA,NA,NA,NA,"11.2","14.5","9.7","9.2","1","0.5",NA,"2","0.5","0.5","0",NA,NA,"Samaraweera, S., Sivayogan, S., Sumathipala, A., Bhugra, D., & Siribaddana,S. (2007). RCT of Cognitive Behaviour Therapy in active suicidal ideation-as feasibility study in Sri Lanka. The European Journal of Psychiatry, 21(3), 175–178. https://doi.org/10.4321/S0213-61632007000300001",NA,NA,NA,NA,"Samaraweera2007_BSS_8_cbt_cau_NA_NA",2.7714035224435,0.995011374612708,NA,NA,NA,NA,NA,NA,2007,"0"
"89",89,89,153,"Sanz Cruces 2018",0,"Sanz Cruces 2018","no","other","wl",NA,NA,NA,NA,"eu","other","other","other","clin","1","549","42.3","adult","outpatient","Group","8","8","Suicide Risk Scale","8","4.93","5.75","3.15","3.24",31,20,"No",NA,NA,NA,NA,NA,NA,NA,NA,NA,NA,NA,NA,NA,NA,NA,"6.6","6.2","3.2","3.4","0.5","0.5",NA,"2","0","0.5","0",NA,"#360 on Covidence","Sanz Cruces, J. M., García Cuenca, I. M., Lacomba-Trejo, L., Cuquerella Adell, M. Á., Cano Navarro, I., Ferrandis Cortés, M., Jordá Carreres, E., & Carbajo Álvarez, E. (2018). Group Therapy for Patients with Adjustment Disorder in Primary Care. The Spanish journal of psychology, 21, E50. https://doi.org/10.1017/sjp.2018.51",NA,NA,NA,NA,"SanzCruces2018_SuicideRiskScale_8_other_wl_NA_NA",0.253480050982861,0.287937191590523,NA,NA,NA,NA,NA,NA,2018,"0"
"90",90,90,157,"Sedghy 2022",0,"Sedghy 2022","yes","cbt","cau",NA,NA,NA,NA,"oth","suic","suic","suic","oth","18 years, minimum reading and writing literacy, living in the city and having accessibility for follow-up, no mental retardation, no self-reported of taking psychotropic drugs, psychosis or hospitalization due to psychiatric disorders, stability of the patient's condition, fully consciousness, lack of communication problems, acknowledging a deliberate suicidal attempt by the patients or a family member, and no previous suicide attempt.","0.47","26.69","adult","outpatient","individual","not reported","3","BSS","13","8.86","15.85","5.3","6.65",35,35,"Yes",NA,NA,NA,NA,NA,NA,NA,NA,NA,NA,NA,NA,NA,NA,NA,"21.93","19.91","6.45","6.8","some concerns","some concerns",NA,"some concerns","low","some concerns","some concerns",NA,NA,"Sedghy, Z., Yoosefi, N., & Navidian, A. (2020). The effect of motivational interviewing-based training on the rate of using mental health services and intensity of suicidal ideation in individuals with suicide attempt admitted to the emergency department. Journal of education and health promotion, 9.",NA,NA,NA,NA,"Sedghy2022_BSS_13_cbt_cau_NA_NA",1.14961120623726,0.258448111999055,NA,NA,NA,NA,NA,NA,2022,"some concerns"
"91",91,91,158,"Shaygan 2022",0,"Shaygan 2022","no","other","cau",NA,NA,"positive psychology","sertraline (same as arm1)","oth","dep","dep","other",NA,"outpatients aged 18 to 50 years who met the diagnostic criteria for unipolar MDD as defined in the Diagnostic and Statistical Manual of Mental Disorders, Fifth Edition (DSM-V) and confirmed by a psychiatrist using the Structured Clinical Interview for DSM (SCID-5) (American Psychiatric Association, 2015). These diagnostic criteria had to be met at the first and second visits during a 2-week screening period. Patients were required to have a significant suicidal ideation based on screening items of Beck Scale for Suicide Ideation (Miller et al., 1986) and a Beck Hopelessness Scale rating of ≥9, indicating at least moderate severity of hopelessness (Beck & Steer, 1989). Patients had to be free of psychotropic medication for at least 2 weeks prior to participation in the study.","713","36.26","adult","outpatient","group","2 months","8","BSS","8","15.68","22.69","7.47","5.62",48,46,"No",NA,NA,NA,NA,NA,NA,NA,NA,NA,NA,NA,NA,NA,NA,NA,"21.69","23.02","10.45","44779","low","some concerns",NA,"low","low","some concerns","some concerns",NA,NA,"Shaygan, M., Sheybani Negad, S., & Motazedian, S. (2022). The effect of combined sertraline and positive psychotherapy on hopelessness and suicidal ideation among patients with major depressive disorder: a randomized controlled trial. The Journal of Positive Psychology, 17(5), 655-664.",NA,NA,NA,NA,"Shaygan2022_BSS_8_other_cau_NA_NA",1.04868458273932,0.220270201766108,NA,NA,NA,NA,NA,NA,2022,"some concerns"
"92",92,92,161,"Sheaves 2019",0,"Sheaves 2019","no","other","cau",NA,NA,NA,NA,"uk","schiz","schiz","other","clin","1","0.42","41","adult","outpatient","Individual","4",NA,"BSS","4","5.7","5.9","7.6","7.5",12,12,"Yes (adverse event)",NA,NA,NA,NA,NA,NA,NA,NA,NA,NA,NA,NA,NA,NA,NA,"6.5","10.5","8.4","10.6","1","1","0.5","2","1","0.5","0","0",NA,"Sheaves, B., Holmes, E. A., Rek, S., Taylor, K. M., Nickless, A., Waite, F., Germain, A., Espie, C. A., Harrison, P. J., Foster, R., & Freeman, D. (2019). Cognitive Behavioural Therapy for Nightmares for Patients with Persecutory Delusions (Nites): An Assessor-Blind, Pilot Randomized Controlled Trial. Canadian journal of psychiatry. Revue canadienne de psychiatrie, 64(10), 686–696. https://doi.org/10.1177/0706743719847422",NA,NA,NA,NA,"Sheaves2019_BSS_4_other_cau_NA_NA",0.0255760548180301,0.408266194127525,NA,NA,NA,NA,NA,NA,2019,"0"
"93",93,93,164,"Simpson 2011",0,"Simpson 2011","no","cbt","wl",NA,NA,NA,NA,"au","hopelessness","hopelessness","other","clin","4",NA,"41.9","adult","outpatient","Group","10",NA,"BSS","10","5.14","9.5","8.92","8.11",8,9,"No",NA,NA,NA,NA,NA,NA,NA,NA,NA,NA,NA,NA,NA,NA,NA,"7.75","8.67","10.69","7.11","1","1",NA,"0.5","1","0.5","0",NA,NA,"Simpson, G. K., Tate, R. L., Whiting, D. L., & Cotter, R. E. (2011). Suicide prevention after traumatic brain injury: a randomized controlled trial of a program for the psychological treatment of hopelessness. The Journal of head trauma rehabilitation, 26(4), 290–300. Simon, G. E., Beck, A., Rossom, R., Richards, J., Kirlin, B., King, D., Shulman, L., Ludman, E. J., Penfold, R., Shortreed, S. M., & Whiteside, U. (2016). Population-based outreach versus care as usual to prevent suicide attempt: study protocol for a randomized controlled trial. Trials, 17(1), 452. https://doi.org/10.1186/s13063-016-1566-z159.https://doi.org/10.1097/HTR.0b013e3182225250",NA,NA,NA,NA,"Simpson2011_BSS_10_cbt_wl_NA_NA",0.486996136864784,0.493815701995579,NA,NA,NA,NA,NA,NA,2011,"0"
"94",94,94,165,"Sinniah 2017",0,"Sinniah 2017","no","cbt","cau",NA,NA,NA,NA,"oth","dep + suic","dep","suic","clin","1","0.6956","43.13","adult","outpatient","Individual","8","16","BSS","8","24.06","28.42","5.01","5.03",33,36,"No",NA,NA,NA,NA,NA,NA,NA,NA,NA,NA,NA,NA,NA,NA,NA,"28","28.66","3.91","5.06","0.5","0.5",NA,"2","0","0.5","0",NA,NA,"Sinniah, A., Oei, T., Maniam, T., & Subramaniam, P. (2017). Positive effects of Individual Cognitive Behavior Therapy for patients with unipolar mood disorders with suicidal ideation in Malaysia: A randomised controlled trial. Psychiatry research, 254, 179–189. https://doi.org/10.1016/j.psychres.2017.04.026",NA,NA,NA,NA,"Sinniah2017_BSS_8_cbt_cau_NA_NA",0.85868888717778,0.252083365735469,NA,NA,NA,NA,NA,NA,2017,"0"
"95",95,95,166,"Slee 2008",0,"Slee 2008","yes","cbt","cau",NA,NA,NA,NA,"eu","suic","suic","suic","clin","7","939","24.66","adult","outpatient","Individual","25","12","Suicide Cognition Scale","26","42.48","56.26","19.67","22.5",40,42,"Yes",NA,NA,NA,NA,NA,NA,NA,NA,NA,NA,NA,NA,NA,NA,NA,NA,NA,NA,NA,"1","1","0","0","0","0","0","0",NA,"Slee, N., Garnefski, N., van der Leeden, R., Arensman, E., & Spinhoven, P. (2008). Cognitive-behavioural intervention for self-harm: randomised controlled trial. The British journal of psychiatry : the journal of mental science, 192(3), 202–211. https://doi.org/10.1192/bjp.bp.107.037564",NA,NA,NA,NA,"Slee2008_SuicideCognitionScale_26_cbt_cau_NA_NA",0.644869883763937,0.226701595191428,NA,NA,NA,NA,NA,NA,2008,"0"
"96",96,96,167,"Slesnick 2019",0,"Slesnick 2019","yes","cbt","cau",NA,NA,NA,NA,"usa","suic","suic","suic","clin","home-less youth had to meet the following criteria: (a) be between the ages of 18 to 24 years, (b) not require hospitalization, (c) be able to provide informed consent as determined by Structured Clinical Interview for DSM-5 disorders psychotic screening, and (d) score>16 on the Scale for Suicide Ideation-Worst Point","407","21","yadul","outpatient","individual","6 months","10","BSS-W","26","5.25","6.81","5.27","6.33",75,75,"No",NA,NA,NA,NA,NA,NA,NA,NA,NA,NA,NA,NA,NA,NA,NA,"23.15","22.68","5.03","4.66","Some concerns","Low",NA,"High","Some concerns","Some concerns","High",NA,NA,"Slesnick, N., Zhang, J., Feng, X., Wu, Q., Walsh, L., & Granello, D. H. (2020). Cognitive therapy for suicide prevention: A randomized pilot with suicidal youth experiencing homelessness. Cognitive Therapy and Research, 44, 402-411.",NA,NA,NA,NA,"Slesnick2019_BSS-W_26_cbt_cau_NA_NA",0.266489903928002,0.164029909665386,NA,NA,NA,NA,NA,NA,2019,"High"
"97",97,97,170,"Springer 1996",0,"Springer 1996","yes","cbt","other ctr",NA,NA,NA,NA,"usa","bpd","bpd","other","clin","1","677","31.4","adult","inpatient","Group","1.5","10","Adult Suicidal Ideation Questionnaire","1.5",NA,NA,NA,NA,16,15,"Yes (parasuicidal behavior)",NA,NA,NA,NA,NA,NA,NA,NA,NA,NA,NA,"-0.5009","0.3653",NA,NA,NA,NA,NA,NA,"1","0.5","0.5","2","1","0.5","0","0",NA,"Springer, T., Lohr, N. E., Buchtel, H. A., & Silk, K. R. (1996). A preliminary report of short-term cognitive-behavioral group therapy for inpatients with personality disorders. The Journal of psychotherapy practice and research, 5(1), 57–71.",NA,NA,NA,NA,"Springer1996_AdultSuicidalIdeationQuestionnaire_1.5_cbt_otherctr_NA_NA",0.5009,0.3653,NA,NA,NA,NA,NA,NA,1996,"0"
"98",98,98,172,"Tang 2009",0,"Tang 2009","yes","other","cau",NA,NA,NA,NA,"eas","dep + suic","dep","suic","oth","1","0.6575","15.25","adol","outpatient","Classroom","6","12","BSS","6","8.97","16.29","10.77","7.99",35,38,"No",NA,NA,NA,NA,NA,NA,NA,NA,NA,NA,NA,NA,NA,NA,NA,"17.8299999999999","16.79","6.86","4.65","0.5","0.5",NA,"2","0","0.5","0",NA,NA,"Tang, T. C., Jou, S. H., Ko, C. H., Huang, S. Y., & Yen, C. F. (2009). Randomized study of school-based intensive interpersonal psychotherapy for depressed adolescents with suicidal risk and parasuicide behaviors. Psychiatry and clinical neurosciences, 63(4), 463–470. https://doi.org/10.1111/j.1440- 1819.2009.01991.x",NA,NA,NA,NA,"Tang2009_BSS_6_other_cau_NA_NA",0.768493676878487,0.242939187136726,NA,NA,NA,NA,NA,NA,2009,"0"
"99",99,99,173,"Tarrier 2014",0,"Tarrier 2014","yes","cbt","cau",NA,NA,NA,NA,"uk","schiz + suic","schiz","suic","clin","1","367","35","adult","outpatient","Individual","12","24","BSS","26","4.2","5.6","6","9",16,19,"No",NA,NA,NA,NA,NA,NA,NA,NA,NA,NA,NA,NA,NA,NA,NA,"9.4","10.1999999999999","8.9","10.2","0.5","1",NA,"2","0","0.5","0",NA,NA,"Tarrier, N., Kelly, J., Maqsood, S., Snelson, N., Maxwell, J., Law, H., Dunn, G., & Gooding, P. (2014). The cognitive behavioural prevention of suicide in psychosis: a clinical trial. Schizophrenia research, 156(2-3), 204–210. https://doi.org/10.1016/j.schres.2014.04.029",NA,NA,NA,NA,"Tarrier2014_BSS_26_cbt_cau_NA_NA",0.175802860675987,0.339991237254478,NA,NA,NA,NA,NA,NA,2014,"0"
"100",100,100,174,"Tighe 2017",0,"Tighe 2017","yes","other","wl",NA,NA,NA,NA,"au","mixed + suic","mixed","suic","com","7","0.6402","26.2","adult",NA,"N.A.","6",NA,"Depressive Symptom Inventory Suicidality Subscale","6","1.9","1.9","2.1","1.7",31,30,"No",NA,NA,NA,NA,NA,NA,NA,NA,NA,NA,NA,NA,NA,NA,NA,"2.7","2.29999999999999","2.2","1.9","1","1",NA,"2","1","1","0",NA,NA,"Tighe, J., Shand, F., Ridani, R., Mackinnon, A., De La Mata, N., & Christensen, H. (2017). Ibobbly mobile health intervention for suicide prevention in Australian Indigenous youth: a pilot randomised controlled trial. BMJ open, 7(1), e013518. https://doi.org/10.1136/bmjopen-2016-013518 174.Turner, R. M. (2000). Naturalistic evaluation of dialectical behavior therapy-oriented treatment for borderline personality disorder. Cognitive and Behavioral Practice, 7(4), 413–419. https://doi.org/10.1016/S1077-7229(00)80052-8",NA,NA,NA,NA,"Tighe2017_DepressiveSymptomInventorySuicidalitySubscale_6_other_wl_NA_NA",0,0.256108176069141,NA,NA,NA,NA,NA,NA,2017,"0"
"101",101,101,175,"Turner 2000",0,"Turner 2000","yes","dbt","other ctr",NA,NA,NA,NA,"usa","bpd + suic","bpd","suic","oth","7","792","22","yadul","outpatient","Individual and group","52","66.5","BSS","52","3.83","11.58","8.03","9.21",12,12,"Yes (suicide/self harm attempts, parasuicide)",NA,NA,NA,NA,NA,NA,NA,NA,NA,NA,NA,NA,NA,NA,NA,"24.08","23.53","3.73","3.34","0.5","1","0.5","2","1","0.5","0","0",NA,"Turner, R. M. (2000). Naturalistic evaluation of dialectical behavior therapyoriented treatment for borderline personality disorder. Cognitive and Behavioral Practice, 7(4), 413–419. https://doi.org/10.1016/S1077- 7229(00)80052-8",NA,NA,NA,NA,"Turner2000_BSS_52_dbt_otherctr_NA_NA",0.866043203611395,0.428285368583522,NA,NA,NA,NA,NA,NA,2000,"0"
"102",102,102,177,"Van Beek 2013",0,"Van Beek 2013","yes","cbt","cau",NA,NA,NA,NA,"eu","suic","suic","suic","clin","1","0.59","42","adult","outpatient","Group","10","10","BSS","12","8.85","10.6","8.03","7.59",75,75,"Yes",NA,NA,NA,NA,NA,NA,NA,NA,NA,NA,NA,NA,NA,NA,NA,"13.91","14.55","8.68","8.56","1","1","1","1","1","0","0","0",NA,"Van Beek, W. Future thinking in suicidal patients, Ede: Print Service Ede B.V. , 2013, p226.",NA,NA,NA,NA,"VanBeek2013_BSS_12_cbt_cau_NA_NA",0.222845887299614,0.163810544225458,NA,NA,NA,NA,NA,NA,2013,"0"
"103",103,103,182,"Walker 2016",0,"Walker 2016","yes","dyn","other ctr",NA,NA,NA,NA,"uk","suic","suic","suic","oth","10","1","29.9","adult","outpatient","Individual","6","6","BSS","8","10.9","10.47","9.63","11.32",56,57,"Yes",NA,NA,NA,NA,NA,NA,NA,NA,NA,NA,NA,NA,NA,NA,NA,"18.55","16.5799999999999","9.16","10.7","1","0.5","0","2","0","0.5","0","0",NA,"Walker, T., Shaw, J., Turpin, C., Reid, C., & Abel, K. (2017). The WORSHIP II study: a pilot of psychodynamic interpersonal therapy with women offenders who self-harm. The Journal of Forensic Psychiatry & Psychology, 28(2), 158-171.",NA,NA,NA,NA,"Walker2016_BSS_8_dyn_otherctr_NA_NA",-0.04061079975189,0.188171198290537,NA,NA,NA,NA,NA,NA,2016,"0"
"104",104,104,183,"Ward-Ciesielski 2017",0,"Ward-Ciesielski 2017","yes","other","other ctr",NA,NA,NA,"attention control","usa","suic","suic","suic","clin","1","359","40.22","adult","outpatient","Individual","0.14","1","BSS","1","12.79","12.08","7.27","8.71",34,37,"Yes",NA,NA,NA,NA,NA,NA,NA,NA,NA,NA,NA,NA,NA,NA,NA,"19.8","18.64","5.2","5.41","1","0.5","1","2","0","1","0","0",NA,"Ward-Ciesielski, E. F., Tidik, J. A., Edwards, A. J., & Linehan, M. M. (2017).Comparing brief interventions for suicidal individuals not engaged in treatment: A randomized clinical trial. Journal of affective disorders, 222, 153–161. https://doi.org/10.1016/j.jad.2017.07.011",NA,NA,NA,NA,"Ward-Ciesielski2017_BSS_1_other_otherctr_NA_NA",-0.0871987568698763,0.237683668065205,NA,NA,NA,NA,NA,NA,2017,"0"
"105",105,105,184,"Wei 2013a",0,"Wei 2013","yes","cbt","cau","cbt","cau",NA,NA,"eas","suic","suic","suic","oth","1","762","32.5","adult","outpatient","Individual","12","10","BSS","14",NA,NA,NA,NA,82,77,"Yes","dichotomised suicidal ideation",33,32,82,77,NA,NA,NA,NA,NA,NA,NA,NA,NA,NA,NA,NA,NA,NA,"1","1","0","2","1","0.5","0","0",NA,"Wei, S., Liu, L., Bi, B., Li, H., Hou, J., Tan, S., Chen, X., Chen, W., Jia, X.,Dong, G., Qin, X., & Liu, Y. (2013). An intervention and follow-up study following a suicide attempt in the emergency departments of four general hospitals in Shenyang, China. Crisis, 34(2), 107–115. https://doi.org/10.1027/0227-5910/a000181",82,77,33,32,"Wei2013_BSS_14_cbt_cau_cbt_cau",0.0298411885730094,0.177954940958108,"-0.0321421667438156","0.190711550160964",33,32,82,77,2013,"0"
"106",106,106,185,"Wei 2013b",0,"Wei 2013","yes","mixed","cau","telephone","cau","also includes elements of Mishara's crisis intervention",NA,"eas","suic","suic","suic","oth","1","762","32.5","adult","outpatient","Individual","12","10","BSS","14",NA,NA,NA,NA,80,77,"Yes","dichotomised suicidal ideation",37,32,80,77,NA,NA,NA,NA,NA,NA,NA,NA,NA,NA,NA,NA,NA,NA,"1","1","0","2","1","0.5","0","0",NA,"Wei, S., Liu, L., Bi, B., Li, H., Hou, J., Tan, S., Chen, X., Chen, W., Jia, X.,Dong, G., Qin, X., & Liu, Y. (2013). An intervention and follow-up study following a suicide attempt in the emergency departments of four general hospitals in Shenyang, China. Crisis, 34(2), 107–115. https://doi.org/10.1027/0227-5910/a000181",80,77,37,32,"Wei2013_BSS_14_mixed_cau_telephone_cau",-0.104598350056696,0.17758873116772,"0.1069607970243","0.18108013154406",37,32,80,77,2013,"0"
"107",107,107,186,"Weinberg 2006",0,"Weinberg 2006","yes","cbt","cau",NA,NA,NA,NA,"usa","bpd + suic","bpd","suic","com","1","1","28.2","adult","outpatient","Individual","7","6","SBQ","7","27.47","42.69","16.92","17.67",15,15,"No",NA,NA,NA,NA,NA,NA,NA,NA,NA,NA,NA,NA,NA,NA,NA,"27.93","36.53","17.83","17.98","0.5","1","1",NA,"0","0.5",NA,"0",NA,"Weinberg, I., Gunderson, J. G., Hennen, J., & Cutter, C. J., Jr (2006). Manual assisted cognitive treatment for deliberate self-harm in borderline personality disorder patients. Journal of personality disorders, 20(5), 482–492. https://doi.org/10.1521/pedi.2006.20.5.482",NA,NA,NA,NA,"Weinberg2006_SBQ_7_cbt_cau_NA_NA",0.856037516798549,0.382406345535329,NA,NA,NA,NA,NA,NA,2006,NA
"108",108,108,187,"Weinstein 2018",0,"Weinstein 2018","no","fam","cau",NA,NA,NA,NA,"usa","bpd","bpd","other","clin","1","0.41","9.17","child","outpatient","Individual (parent or child) and family","12","12","C-SSRS","12",NA,NA,NA,NA,35,36,"Yes","dichotomised suicidal ideation",1,1,35,36,NA,NA,NA,NA,NA,NA,NA,NA,NA,NA,NA,NA,NA,NA,"1","0.5",NA,"1","0","0.5","0",NA,NA,"Weinstein, S. M., Cruz, R. A., Isaia, A. R., Peters, A. T., & West, A. E. (2018). Child- and Family-Focused Cognitive Behavioral Therapy for Pediatric Bipolar Disorder: Applications for Suicide Prevention. Suicide & life-threatening behavior, 48(6), 797–811. https://doi.org/10.1111/sltb.12416",35,36,1,1,"Weinstein2018_C-SSRS_12_fam_cau_NA_NA",-0.0158073212305796,0.790918377063452,"0.0281708769666964","1.39414877027195",1,1,35,36,2018,"0"
"109",109,109,188,"Wharff 2019",0,"Wharff 2019","yes","fam","cau",NA,NA,NA,NA,"usa","suic","suic","suic","oth","1","0.72","15.5","adol","inpatient","Family","0.14","1","Reasons for Living Inventory for Adolescents","0.14","3.62","3.63","1.22","1.32",68,71,"No",NA,NA,NA,NA,NA,NA,NA,NA,NA,NA,NA,NA,NA,NA,NA,"3.46","3.58","1.08","1.17","0.5","0.5","2","0.5","1","0.5","0","0",NA,"Wharff, E. A., Ginnis, K. B., Ross, A. M., White, E. M., White, M. T., & Forbes, P. W. (2019). Family-Based Crisis Intervention With Suicidal Adolescents: A Randomized Clinical Trial. Pediatric emergency care, 35(3), 170–175. https://doi.org/10.1097/PEC.0000000000001076",NA,NA,NA,NA,"Wharff2019_ReasonsforLivingInventoryforAdolescents_0.14_fam_cau_NA_NA",0.00781804240377633,0.169677964654751,NA,NA,NA,NA,NA,NA,2019,"0"
"110",110,110,189,"Wilks 2018",0,"Wilks 2018","yes","other","wl",NA,NA,NA,NA,"usa","sub + suic","sub","suic","com","1","695","38","adult",NA,"Individual","8","8","BSS","8","8.67","12.48","6.8","8.37",22,28,"No",NA,NA,NA,NA,NA,NA,NA,NA,NA,NA,NA,NA,NA,NA,NA,"13.54","14.53","7.52","7.95","1","0.5",NA,"0.5","0","1","0",NA,NA,"Wilks, C. R., Lungu, A., Ang, S. Y., Matsumiya, B., Yin, Q., & Linehan, M.M. (2018). A randomized controlled trial of an Internet delivered dialectical behavior therapy skills training for suicidal and heavy episodic drinkers. Journal of affective disorders, 232, 219–228. https://doi.org/10.1016/j.jad.2018.02.053",NA,NA,NA,NA,"Wilks2018_BSS_8_other_wl_NA_NA",0.485614382397258,0.289141673016034,NA,NA,NA,NA,NA,NA,2018,"0"
"111",111,111,190,"Wood 2001",0,"Wood 2001","yes","other","cau",NA,NA,NA,NA,"uk","suic","suic","suic","clin","1","775","14.2","adol","outpatient","Group",NA,"7","portions of an interview-based assessment of suicidal behavior","28","41.3","46","39.6","48.9",32,31,"Yes",NA,NA,NA,NA,NA,NA,NA,NA,NA,NA,NA,NA,NA,NA,NA,"89.1","83.9","44.4","51.1","0.5","1","1","0","0","0.5","0","0",NA,"Wood, A., Trainor, G., Rothwell, J., Moore, A., & Harrington, R. (2001). Randomized trial of group therapy for repeated deliberate self-harm in adolescents. Journal of the American Academy of Child and Adolescent Psychiatry, 40(11), 1246–1253. https://doi.org/10.1097/00004583-200111000-",NA,NA,NA,NA,"Wood2001_portionsofaninterview-basedassessmentofsuicidalbehavior_28_other_cau_NA_NA",0.104507156525389,0.252184308780213,NA,NA,NA,NA,NA,NA,2001,"0"
"112",112,112,191,"Wu (R) 2021",0,"Wu (R) 2021","no","other","wl",NA,NA,NA,NA,"eas","suic","suic","suic","com","(1) 18–30 years of age; (2) college undergraduate or


graduate student; (3) in good health, with no mental illness according to established


diagnostic criteria (DSM-IV-TR and ICD-10 combined) or no need for suicidal crisis


intervention; (4) willing to attend the BMM program and wait if necessary; and (5) a


score on the Beck Scale for Suicidal ideation (SSI) 6","767","19.75","yadul","outpatient","individual and group","1 month",">=4","BSS","4","6.57","8.63","3","5.62",30,30,"No",NA,NA,NA,NA,NA,NA,NA,NA,NA,NA,NA,NA,NA,NA,NA,"9.87","11.2","2.91","4.93","some concerns","high",NA,"some concerns","some concerns","some concerns","high",NA,NA,"Wu, R., Zhong, S. Y., Wang, G. H., Wu, M. Y., Xu, J. F., Zhu, H., ... & Jiang, C. L. (2023). The effect of brief mindfulness meditation on suicidal ideation, stress and sleep quality. Archives of suicide research, 27(2), 215-230.",NA,NA,NA,NA,"Wu(R)2021_BSS_4_other_wl_NA_NA",0.451362547972391,0.261551854137057,NA,NA,NA,NA,NA,NA,2021,"high"
"113",113,113,193,"Yen 2019",0,"Yen 2019","yes","other","ecau",NA,NA,"STEP - includes mindfulness",NA,"usa","suic","suic","suic","clin","1","692","15.63","adol","inpatient","Indivudal + family; text messages","4","4","C-SSRS","4",NA,NA,NA,NA,21,21,"Yes","dichotomised suicidal ideation",6,10,19,20,NA,NA,NA,NA,NA,NA,NA,NA,NA,NA,NA,NA,NA,NA,"0.5","0.5","1","1","0","0.5","0","0",NA,"Yen, S., Ranney, M. L., Krek, M., Peters, J. R., Mereish, E. H., Tezanos, K. M., Kahler, C. W., Solomon, J., Beard, C., & Spirito, A. (2020). Skills to Enhance Positivity in Suicidal Adolescents: Results from a Pilot Randomized Clinical Trial. The journal of positive psychology, 15(3), 348–361. https://doi.org/10.1080/17439760.2019.1615105",19,20,6,10,"Yen2019_C-SSRS_4_other_ecau_NA_NA",0.417582295867165,0.367199010914166,"-0.45953232937844","0.405012453782965",6,10,19,20,2019,"0"
